time_pacific,gpu,util_pct,used_gib
2026-08-24T18:54:00-07:00,0,100.0,66.7525634765625
2026-08-24T18:54:00-07:00,1,100.0,108.17486572265625
2026-08-24T18:54:00-07:00,2,100.0,129.6060791015625
2026-08-24T18:54:00-07:00,3,0.0,0.00341796875
2026-08-24T18:55:00-07:00,0,2.0,55.5645751953125
2026-08-24T18:55:00-07:00,1,95.5,123.21392822265625
2026-08-24T18:55:00-07:00,2,98.0,138.7237548828125
2026-08-24T18:55:00-07:00,3,0.0,0.00341796875
2026-08-24T18:56:00-07:00,0,75.0,103.2003173828125
2026-08-24T18:56:00-07:00,1,97.75,123.21392822265625
2026-08-24T18:56:00-07:00,2,95.5,137.2843017578125
2026-08-24T18:56:00-07:00,3,0.0,0.00341796875
2026-08-24T18:57:00-07:00,0,0.0,103.4908447265625
2026-08-24T18:57:00-07:00,1,97.5,123.21392822265625
2026-08-24T18:57:00-07:00,2,100.0,138.9615478515625
2026-08-24T18:57:00-07:00,3,0.0,0.00341796875
2026-08-24T18:58:00-07:00,0,0.0,44.73541259765625
2026-08-24T18:58:00-07:00,1,100.0,123.19635009765625
2026-08-24T18:58:00-07:00,2,100.0,22.37408447265625
2026-08-24T18:58:00-07:00,3,100.0,123.19439697265625
2026-08-24T18:59:00-07:00,0,0.0,52.544769287109375
2026-08-24T18:59:00-07:00,1,95.5,123.19635009765625
2026-08-24T18:59:00-07:00,2,96.75,22.37408447265625
2026-08-24T18:59:00-07:00,3,95.25,123.19439697265625
2026-08-24T19:00:00-07:00,0,75.0,64.4859619140625
2026-08-24T19:00:00-07:00,1,91.75,123.19635009765625
2026-08-24T19:00:00-07:00,2,98.0,22.92340087890625
2026-08-24T19:00:00-07:00,3,91.75,123.19439697265625
2026-08-24T19:01:00-07:00,0,88.0,66.1773681640625
2026-08-24T19:01:00-07:00,1,94.5,123.19635009765625
2026-08-24T19:01:00-07:00,2,99.5,23.10650634765625
2026-08-24T19:01:00-07:00,3,93.5,123.19439697265625
2026-08-24T19:02:00-07:00,0,98.25,66.1783447265625
2026-08-24T19:02:00-07:00,1,92.0,123.19635009765625
2026-08-24T19:02:00-07:00,2,77.25,23.10650634765625
2026-08-24T19:02:00-07:00,3,92.75,123.19439697265625
2026-08-24T19:03:00-07:00,0,96.5,66.1783447265625
2026-08-24T19:03:00-07:00,1,97.0,123.19635009765625
2026-08-24T19:03:00-07:00,2,94.25,23.10748291015625
2026-08-24T19:03:00-07:00,3,91.75,123.19439697265625
2026-08-24T19:04:00-07:00,0,99.0,66.1788330078125
2026-08-24T19:04:00-07:00,1,95.5,123.19635009765625
2026-08-24T19:04:00-07:00,2,91.75,23.10845947265625
2026-08-24T19:04:00-07:00,3,94.0,123.19439697265625
2026-08-24T19:05:00-07:00,0,99.5,66.1802978515625
2026-08-24T19:05:00-07:00,1,96.0,123.19635009765625
2026-08-24T19:05:00-07:00,2,99.5,23.10845947265625
2026-08-24T19:05:00-07:00,3,97.25,123.19439697265625
2026-08-24T19:06:00-07:00,0,99.5,66.2501220703125
2026-08-24T19:06:00-07:00,1,97.25,123.19635009765625
2026-08-24T19:06:00-07:00,2,98.5,23.10845947265625
2026-08-24T19:06:00-07:00,3,94.0,123.19439697265625
2026-08-24T19:07:00-07:00,0,99.0,66.4595947265625
2026-08-24T19:07:00-07:00,1,90.0,123.19635009765625
2026-08-24T19:07:00-07:00,2,95.75,23.10845947265625
2026-08-24T19:07:00-07:00,3,91.25,123.19439697265625
2026-08-24T19:08:00-07:00,0,96.5,66.4595947265625
2026-08-24T19:08:00-07:00,1,97.25,123.19635009765625
2026-08-24T19:08:00-07:00,2,95.75,23.10845947265625
2026-08-24T19:08:00-07:00,3,94.75,123.19439697265625
2026-08-24T19:09:00-07:00,0,100.0,66.4595947265625
2026-08-24T19:09:00-07:00,1,95.75,123.19635009765625
2026-08-24T19:09:00-07:00,2,99.5,23.10845947265625
2026-08-24T19:09:00-07:00,3,91.0,123.19439697265625
2026-08-24T19:10:00-07:00,0,100.0,66.4595947265625
2026-08-24T19:10:00-07:00,1,74.75,123.19635009765625
2026-08-24T19:10:00-07:00,2,87.75,23.10845947265625
2026-08-24T19:10:00-07:00,3,97.75,123.19439697265625
2026-08-24T19:11:00-07:00,0,96.75,66.4595947265625
2026-08-24T19:11:00-07:00,1,94.0,123.19635009765625
2026-08-24T19:11:00-07:00,2,90.25,23.10845947265625
2026-08-24T19:11:00-07:00,3,93.0,123.19439697265625
2026-08-24T19:12:00-07:00,0,96.25,66.4595947265625
2026-08-24T19:12:00-07:00,1,98.0,123.19635009765625
2026-08-24T19:12:00-07:00,2,93.0,23.10845947265625
2026-08-24T19:12:00-07:00,3,95.5,123.19439697265625
2026-08-24T19:13:00-07:00,0,99.5,66.4595947265625
2026-08-24T19:13:00-07:00,1,92.25,123.19635009765625
2026-08-24T19:13:00-07:00,2,95.75,23.10845947265625
2026-08-24T19:13:00-07:00,3,92.25,123.19439697265625
2026-08-24T19:14:00-07:00,0,95.75,66.4595947265625
2026-08-24T19:14:00-07:00,1,96.75,123.19635009765625
2026-08-24T19:14:00-07:00,2,96.25,23.10845947265625
2026-08-24T19:14:00-07:00,3,96.25,123.19439697265625
2026-08-24T19:15:00-07:00,0,94.5,66.4595947265625
2026-08-24T19:15:00-07:00,1,92.5,123.19635009765625
2026-08-24T19:15:00-07:00,2,52.0,17.71685791015625
2026-08-24T19:15:00-07:00,3,92.0,123.19439697265625
2026-08-24T19:16:00-07:00,0,99.5,66.4595947265625
2026-08-24T19:16:00-07:00,1,95.25,123.19635009765625
2026-08-24T19:16:00-07:00,2,0.0,0.00341796875
2026-08-24T19:16:00-07:00,3,95.25,123.19439697265625
2026-08-24T19:17:00-07:00,0,96.0,66.4595947265625
2026-08-24T19:17:00-07:00,1,95.75,123.19635009765625
2026-08-24T19:17:00-07:00,2,0.0,6.9235076904296875
2026-08-24T19:17:00-07:00,3,91.75,123.19439697265625
2026-08-24T19:18:00-07:00,0,99.5,66.7545166015625
2026-08-24T19:18:00-07:00,1,77.0,123.19635009765625
2026-08-24T19:18:00-07:00,2,50.0,58.75885009765625
2026-08-24T19:18:00-07:00,3,29.0,123.19439697265625
2026-08-24T19:19:00-07:00,0,95.75,67.0494384765625
2026-08-24T19:19:00-07:00,1,50.0,123.19635009765625
2026-08-24T19:19:00-07:00,2,0.0,29.381134033203125
2026-08-24T19:19:00-07:00,3,0.5,125.72016906738281
2026-08-24T19:20:00-07:00,0,100.0,67.0494384765625
2026-08-24T19:20:00-07:00,1,50.0,123.19635009765625
2026-08-24T19:20:00-07:00,2,2.5,14.086807250976562
2026-08-24T19:20:00-07:00,3,0.0,123.19439697265625
2026-08-24T19:21:00-07:00,0,96.75,67.0494384765625
2026-08-24T19:21:00-07:00,1,88.0,123.19635009765625
2026-08-24T19:21:00-07:00,2,25.75,65.98861694335938
2026-08-24T19:21:00-07:00,3,0.0,123.19439697265625
2026-08-24T19:22:00-07:00,0,92.5,67.0494384765625
2026-08-24T19:22:00-07:00,1,100.0,123.19635009765625
2026-08-24T19:22:00-07:00,2,25.0,19.875274658203125
2026-08-24T19:22:00-07:00,3,19.5,123.19439697265625
2026-08-24T19:23:00-07:00,0,91.75,67.0494384765625
2026-08-24T19:23:00-07:00,1,77.0,123.19635009765625
2026-08-24T19:23:00-07:00,2,0.0,0.00341796875
2026-08-24T19:23:00-07:00,3,1.0,123.19439697265625
2026-08-24T19:24:00-07:00,0,99.5,67.0494384765625
2026-08-24T19:24:00-07:00,1,50.0,123.19635009765625
2026-08-24T19:24:00-07:00,2,0.0,0.00341796875
2026-08-24T19:24:00-07:00,3,0.0,123.19439697265625
2026-08-24T19:25:00-07:00,0,99.5,67.0494384765625
2026-08-24T19:25:00-07:00,1,50.0,123.19635009765625
2026-08-24T19:25:00-07:00,2,0.0,0.00341796875
2026-08-24T19:25:00-07:00,3,1.75,123.19439697265625
2026-08-24T19:26:00-07:00,0,0.0,55.5640869140625
2026-08-24T19:26:00-07:00,1,100.0,123.19635009765625
2026-08-24T19:26:00-07:00,2,0.0,0.00341796875
2026-08-24T19:26:00-07:00,3,4.0,123.19439697265625
2026-08-24T19:27:00-07:00,0,50.5,103.4908447265625
2026-08-24T19:27:00-07:00,1,93.75,123.19635009765625
2026-08-24T19:27:00-07:00,2,0.0,0.00341796875
2026-08-24T19:27:00-07:00,3,23.25,123.19439697265625
2026-08-24T19:28:00-07:00,0,0.0,88.80198669433594
2026-08-24T19:28:00-07:00,1,95.5,128.29428100585938
2026-08-24T19:28:00-07:00,2,0.0,0.00341796875
2026-08-24T19:28:00-07:00,3,95.25,123.19439697265625
2026-08-24T19:29:00-07:00,0,0.0,44.73541259765625
2026-08-24T19:29:00-07:00,1,95.0,123.19635009765625
2026-08-24T19:29:00-07:00,2,7.75,43.99674987792969
2026-08-24T19:29:00-07:00,3,93.0,123.19439697265625
2026-08-24T19:30:00-07:00,0,0.0,44.73541259765625
2026-08-24T19:30:00-07:00,1,91.5,123.19635009765625
2026-08-24T19:30:00-07:00,2,50.5,56.223968505859375
2026-08-24T19:30:00-07:00,3,94.5,123.19439697265625
2026-08-24T19:31:00-07:00,0,0.0,44.73541259765625
2026-08-24T19:31:00-07:00,1,99.25,123.19635009765625
2026-08-24T19:31:00-07:00,2,0.0,0.00341796875
2026-08-24T19:31:00-07:00,3,98.75,123.19439697265625
2026-08-24T19:32:00-07:00,0,0.0,44.73541259765625
2026-08-24T19:32:00-07:00,1,94.5,123.19635009765625
2026-08-24T19:32:00-07:00,2,0.0,0.00341796875
2026-08-24T19:32:00-07:00,3,96.75,123.19439697265625
2026-08-24T19:33:00-07:00,0,0.0,44.73541259765625
2026-08-24T19:33:00-07:00,1,89.25,123.19635009765625
2026-08-24T19:33:00-07:00,2,21.5,21.92828369140625
2026-08-24T19:33:00-07:00,3,96.75,123.19439697265625
2026-08-24T19:34:00-07:00,0,0.0,44.73541259765625
2026-08-24T19:34:00-07:00,1,95.5,123.19635009765625
2026-08-24T19:34:00-07:00,2,95.75,62.26275634765625
2026-08-24T19:34:00-07:00,3,94.75,123.19439697265625
2026-08-24T19:35:00-07:00,0,0.0,44.73541259765625
2026-08-24T19:35:00-07:00,1,94.25,123.19635009765625
2026-08-24T19:35:00-07:00,2,94.75,77.53668212890625
2026-08-24T19:35:00-07:00,3,94.5,123.19439697265625
2026-08-24T19:36:00-07:00,0,0.0,44.73541259765625
2026-08-24T19:36:00-07:00,1,89.25,123.19635009765625
2026-08-24T19:36:00-07:00,2,95.5,77.54010009765625
2026-08-24T19:36:00-07:00,3,98.5,123.19439697265625
2026-08-24T19:37:00-07:00,0,0.0,44.73541259765625
2026-08-24T19:37:00-07:00,1,72.5,123.19683837890625
2026-08-24T19:37:00-07:00,2,96.0,77.54010009765625
2026-08-24T19:37:00-07:00,3,72.5,123.19488525390625
2026-08-24T19:38:00-07:00,0,0.0,44.73541259765625
2026-08-24T19:38:00-07:00,1,75.5,123.19927978515625
2026-08-24T19:38:00-07:00,2,100.0,77.54010009765625
2026-08-24T19:38:00-07:00,3,72.0,123.19732666015625
2026-08-24T19:39:00-07:00,0,0.0,44.73541259765625
2026-08-24T19:39:00-07:00,1,97.0,123.20025634765625
2026-08-24T19:39:00-07:00,2,71.5,99.28961181640625
2026-08-24T19:39:00-07:00,3,98.0,123.19830322265625
2026-08-24T19:40:00-07:00,0,0.0,44.73541259765625
2026-08-24T19:40:00-07:00,1,71.75,123.20123291015625
2026-08-24T19:40:00-07:00,2,87.25,102.42095947265625
2026-08-24T19:40:00-07:00,3,71.5,123.19927978515625
2026-08-24T19:41:00-07:00,0,0.0,44.73541259765625
2026-08-24T19:41:00-07:00,1,51.25,123.20220947265625
2026-08-24T19:41:00-07:00,2,99.0,102.42095947265625
2026-08-24T19:41:00-07:00,3,54.75,123.20025634765625
2026-08-24T19:42:00-07:00,0,0.0,44.73541259765625
2026-08-24T19:42:00-07:00,1,56.25,123.20269775390625
2026-08-24T19:42:00-07:00,2,90.0,102.42095947265625
2026-08-24T19:42:00-07:00,3,52.5,123.20074462890625
2026-08-24T19:43:00-07:00,0,0.0,44.73541259765625
2026-08-24T19:43:00-07:00,1,63.75,123.20416259765625
2026-08-24T19:43:00-07:00,2,98.0,102.42095947265625
2026-08-24T19:43:00-07:00,3,64.75,123.20220947265625
2026-08-24T19:44:00-07:00,0,0.0,44.73541259765625
2026-08-24T19:44:00-07:00,1,91.25,123.20416259765625
2026-08-24T19:44:00-07:00,2,93.5,102.42095947265625
2026-08-24T19:44:00-07:00,3,90.75,123.20220947265625
2026-08-24T19:45:00-07:00,0,0.0,44.73541259765625
2026-08-24T19:45:00-07:00,1,99.5,123.20562744140625
2026-08-24T19:45:00-07:00,2,91.25,102.42095947265625
2026-08-24T19:45:00-07:00,3,100.0,123.20367431640625
2026-08-24T19:46:00-07:00,0,0.0,44.73541259765625
2026-08-24T19:46:00-07:00,1,65.0,123.20611572265625
2026-08-24T19:46:00-07:00,2,99.5,102.42095947265625
2026-08-24T19:46:00-07:00,3,68.25,123.20416259765625
2026-08-24T19:47:00-07:00,0,0.0,44.73541259765625
2026-08-24T19:47:00-07:00,1,93.25,123.20660400390625
2026-08-24T19:47:00-07:00,2,100.0,102.42095947265625
2026-08-24T19:47:00-07:00,3,92.5,123.20416259765625
2026-08-24T19:48:00-07:00,0,0.0,44.73541259765625
2026-08-24T19:48:00-07:00,1,75.0,123.20806884765625
2026-08-24T19:48:00-07:00,2,99.5,102.42095947265625
2026-08-24T19:48:00-07:00,3,82.0,123.20611572265625
2026-08-24T19:49:00-07:00,0,0.0,44.73541259765625
2026-08-24T19:49:00-07:00,1,75.0,123.20806884765625
2026-08-24T19:49:00-07:00,2,100.0,102.42095947265625
2026-08-24T19:49:00-07:00,3,51.5,123.20611572265625
2026-08-24T19:50:00-07:00,0,0.0,44.73541259765625
2026-08-24T19:50:00-07:00,1,50.0,123.20806884765625
2026-08-24T19:50:00-07:00,2,95.25,115.45025634765625
2026-08-24T19:50:00-07:00,3,0.0,123.20611572265625
2026-08-24T19:51:00-07:00,0,0.0,44.73541259765625
2026-08-24T19:51:00-07:00,1,51.0,123.20806884765625
2026-08-24T19:51:00-07:00,2,99.5,115.45025634765625
2026-08-24T19:51:00-07:00,3,2.25,123.20611572265625
2026-08-24T19:52:00-07:00,0,0.0,44.73541259765625
2026-08-24T19:52:00-07:00,1,100.0,123.20806884765625
2026-08-24T19:52:00-07:00,2,99.0,115.45074462890625
2026-08-24T19:52:00-07:00,3,0.0,123.20611572265625
2026-08-24T19:53:00-07:00,0,0.0,44.73541259765625
2026-08-24T19:53:00-07:00,1,100.0,123.20806884765625
2026-08-24T19:53:00-07:00,2,89.0,115.45220947265625
2026-08-24T19:53:00-07:00,3,0.0,123.20611572265625
2026-08-24T19:54:00-07:00,0,0.0,44.73541259765625
2026-08-24T19:54:00-07:00,1,75.0,123.20806884765625
2026-08-24T19:54:00-07:00,2,100.0,115.45220947265625
2026-08-24T19:54:00-07:00,3,0.0,123.20611572265625
2026-08-24T19:55:00-07:00,0,0.0,44.73541259765625
2026-08-24T19:55:00-07:00,1,75.0,123.20806884765625
2026-08-24T19:55:00-07:00,2,99.5,115.45220947265625
2026-08-24T19:55:00-07:00,3,1.25,123.20611572265625
2026-08-24T19:56:00-07:00,0,0.0,44.73541259765625
2026-08-24T19:56:00-07:00,1,52.25,123.20806884765625
2026-08-24T19:56:00-07:00,2,91.75,115.45220947265625
2026-08-24T19:56:00-07:00,3,0.0,123.20611572265625
2026-08-24T19:57:00-07:00,0,0.0,44.73541259765625
2026-08-24T19:57:00-07:00,1,75.0,123.20806884765625
2026-08-24T19:57:00-07:00,2,92.5,115.45220947265625
2026-08-24T19:57:00-07:00,3,0.0,123.20611572265625
2026-08-24T19:58:00-07:00,0,0.0,44.73541259765625
2026-08-24T19:58:00-07:00,1,100.0,123.20806884765625
2026-08-24T19:58:00-07:00,2,98.25,115.45220947265625
2026-08-24T19:58:00-07:00,3,0.0,123.20611572265625
2026-08-24T19:59:00-07:00,0,0.0,44.73541259765625
2026-08-24T19:59:00-07:00,1,52.0,123.20806884765625
2026-08-24T19:59:00-07:00,2,96.5,115.45220947265625
2026-08-24T19:59:00-07:00,3,0.0,123.20611572265625
2026-08-24T20:00:00-07:00,0,0.0,44.73541259765625
2026-08-24T20:00:00-07:00,1,97.0,123.20855712890625
2026-08-24T20:00:00-07:00,2,100.0,115.45220947265625
2026-08-24T20:00:00-07:00,3,97.0,123.20660400390625
2026-08-24T20:01:00-07:00,0,0.0,44.73541259765625
2026-08-24T20:01:00-07:00,1,50.25,123.21002197265625
2026-08-24T20:01:00-07:00,2,88.25,115.45220947265625
2026-08-24T20:01:00-07:00,3,49.5,123.20806884765625
2026-08-24T20:02:00-07:00,0,0.0,44.73541259765625
2026-08-24T20:02:00-07:00,1,91.5,123.21002197265625
2026-08-24T20:02:00-07:00,2,91.75,115.45220947265625
2026-08-24T20:02:00-07:00,3,88.0,123.20806884765625
2026-08-24T20:03:00-07:00,0,0.0,44.73541259765625
2026-08-24T20:03:00-07:00,1,71.75,123.21002197265625
2026-08-24T20:03:00-07:00,2,93.25,115.45220947265625
2026-08-24T20:03:00-07:00,3,69.0,123.20806884765625
2026-08-24T20:04:00-07:00,0,0.0,44.73541259765625
2026-08-24T20:04:00-07:00,1,87.75,123.21051025390625
2026-08-24T20:04:00-07:00,2,96.25,115.45220947265625
2026-08-24T20:04:00-07:00,3,70.5,123.20806884765625
2026-08-24T20:05:00-07:00,0,0.0,44.73541259765625
2026-08-24T20:05:00-07:00,1,68.5,123.21197509765625
2026-08-24T20:05:00-07:00,2,100.0,115.45220947265625
2026-08-24T20:05:00-07:00,3,69.75,123.21002197265625
2026-08-24T20:06:00-07:00,0,0.0,44.73541259765625
2026-08-24T20:06:00-07:00,1,70.25,123.21197509765625
2026-08-24T20:06:00-07:00,2,95.75,115.45220947265625
2026-08-24T20:06:00-07:00,3,72.0,123.21002197265625
2026-08-24T20:07:00-07:00,0,0.0,44.73541259765625
2026-08-24T20:07:00-07:00,1,75.25,123.21197509765625
2026-08-24T20:07:00-07:00,2,99.5,115.45220947265625
2026-08-24T20:07:00-07:00,3,71.75,123.21002197265625
2026-08-24T20:08:00-07:00,0,0.0,44.73541259765625
2026-08-24T20:08:00-07:00,1,68.75,123.21197509765625
2026-08-24T20:08:00-07:00,2,96.0,115.45220947265625
2026-08-24T20:08:00-07:00,3,64.25,123.21002197265625
2026-08-24T20:09:00-07:00,0,0.0,44.73541259765625
2026-08-24T20:09:00-07:00,1,67.5,123.21246337890625
2026-08-24T20:09:00-07:00,2,95.5,115.45220947265625
2026-08-24T20:09:00-07:00,3,71.25,123.21051025390625
2026-08-24T20:10:00-07:00,0,0.0,44.73541259765625
2026-08-24T20:10:00-07:00,1,97.0,123.21392822265625
2026-08-24T20:10:00-07:00,2,100.0,115.45220947265625
2026-08-24T20:10:00-07:00,3,93.75,123.21197509765625
2026-08-24T20:11:00-07:00,0,0.0,44.73541259765625
2026-08-24T20:11:00-07:00,1,47.25,123.21392822265625
2026-08-24T20:11:00-07:00,2,95.0,115.45220947265625
2026-08-24T20:11:00-07:00,3,47.0,123.21197509765625
2026-08-24T20:12:00-07:00,0,0.0,44.73541259765625
2026-08-24T20:12:00-07:00,1,72.25,123.21392822265625
2026-08-24T20:12:00-07:00,2,91.0,115.45220947265625
2026-08-24T20:12:00-07:00,3,71.75,123.21197509765625
2026-08-24T20:13:00-07:00,0,0.0,44.73541259765625
2026-08-24T20:13:00-07:00,1,69.75,123.21392822265625
2026-08-24T20:13:00-07:00,2,100.0,115.45220947265625
2026-08-24T20:13:00-07:00,3,72.0,123.21197509765625
2026-08-24T20:14:00-07:00,0,0.0,44.73541259765625
2026-08-24T20:14:00-07:00,1,92.75,123.21392822265625
2026-08-24T20:14:00-07:00,2,96.25,115.45220947265625
2026-08-24T20:14:00-07:00,3,92.0,123.21197509765625
2026-08-24T20:15:00-07:00,0,0.0,44.73541259765625
2026-08-24T20:15:00-07:00,1,72.0,123.21588134765625
2026-08-24T20:15:00-07:00,2,97.25,115.45220947265625
2026-08-24T20:15:00-07:00,3,72.5,123.21392822265625
2026-08-24T20:16:00-07:00,0,0.0,44.73541259765625
2026-08-24T20:16:00-07:00,1,93.25,123.21588134765625
2026-08-24T20:16:00-07:00,2,96.5,115.45220947265625
2026-08-24T20:16:00-07:00,3,96.0,123.21392822265625
2026-08-24T20:17:00-07:00,0,0.0,44.73541259765625
2026-08-24T20:17:00-07:00,1,60.5,123.21588134765625
2026-08-24T20:17:00-07:00,2,94.25,115.45220947265625
2026-08-24T20:17:00-07:00,3,76.5,123.21392822265625
2026-08-24T20:18:00-07:00,0,0.0,44.73541259765625
2026-08-24T20:18:00-07:00,1,92.0,123.21588134765625
2026-08-24T20:18:00-07:00,2,93.25,129.36041259765625
2026-08-24T20:18:00-07:00,3,96.25,123.21392822265625
2026-08-24T20:19:00-07:00,0,0.0,44.73541259765625
2026-08-24T20:19:00-07:00,1,73.5,123.21588134765625
2026-08-24T20:19:00-07:00,2,100.0,129.36041259765625
2026-08-24T20:19:00-07:00,3,73.75,123.21392822265625
2026-08-24T20:20:00-07:00,0,0.0,44.73541259765625
2026-08-24T20:20:00-07:00,1,97.5,123.21588134765625
2026-08-24T20:20:00-07:00,2,96.25,129.36041259765625
2026-08-24T20:20:00-07:00,3,91.25,123.21392822265625
2026-08-24T20:21:00-07:00,0,0.0,44.73541259765625
2026-08-24T20:21:00-07:00,1,71.5,123.21636962890625
2026-08-24T20:21:00-07:00,2,86.75,129.36041259765625
2026-08-24T20:21:00-07:00,3,71.0,123.21441650390625
2026-08-24T20:22:00-07:00,0,0.0,44.73541259765625
2026-08-24T20:22:00-07:00,1,69.5,123.21783447265625
2026-08-24T20:22:00-07:00,2,96.5,129.36041259765625
2026-08-24T20:22:00-07:00,3,68.0,123.21588134765625
2026-08-24T20:23:00-07:00,0,0.0,44.73541259765625
2026-08-24T20:23:00-07:00,1,49.25,123.21783447265625
2026-08-24T20:23:00-07:00,2,100.0,129.36041259765625
2026-08-24T20:23:00-07:00,3,48.5,123.21588134765625
2026-08-24T20:24:00-07:00,0,0.0,44.73541259765625
2026-08-24T20:24:00-07:00,1,100.0,123.21783447265625
2026-08-24T20:24:00-07:00,2,99.5,129.36041259765625
2026-08-24T20:24:00-07:00,3,1.0,123.21588134765625
2026-08-24T20:25:00-07:00,0,0.0,44.73541259765625
2026-08-24T20:25:00-07:00,1,75.0,123.21783447265625
2026-08-24T20:25:00-07:00,2,95.25,129.36041259765625
2026-08-24T20:25:00-07:00,3,0.0,123.21588134765625
2026-08-24T20:26:00-07:00,0,0.0,44.73541259765625
2026-08-24T20:26:00-07:00,1,75.0,123.21783447265625
2026-08-24T20:26:00-07:00,2,87.0,129.36041259765625
2026-08-24T20:26:00-07:00,3,1.25,123.21588134765625
2026-08-24T20:27:00-07:00,0,0.0,44.73541259765625
2026-08-24T20:27:00-07:00,1,51.25,123.21783447265625
2026-08-24T20:27:00-07:00,2,100.0,129.36041259765625
2026-08-24T20:27:00-07:00,3,2.25,123.21588134765625
2026-08-24T20:28:00-07:00,0,0.0,44.73541259765625
2026-08-24T20:28:00-07:00,1,82.25,123.21783447265625
2026-08-24T20:28:00-07:00,2,99.5,129.36041259765625
2026-08-24T20:28:00-07:00,3,3.0,123.21588134765625
2026-08-24T20:29:00-07:00,0,0.0,44.73541259765625
2026-08-24T20:29:00-07:00,1,50.0,123.21783447265625
2026-08-24T20:29:00-07:00,2,99.5,129.36041259765625
2026-08-24T20:29:00-07:00,3,0.0,123.21588134765625
2026-08-24T20:30:00-07:00,0,0.0,44.73541259765625
2026-08-24T20:30:00-07:00,1,100.0,123.21783447265625
2026-08-24T20:30:00-07:00,2,95.0,129.36041259765625
2026-08-24T20:30:00-07:00,3,0.0,123.21588134765625
2026-08-24T20:31:00-07:00,0,0.0,44.73541259765625
2026-08-24T20:31:00-07:00,1,95.75,123.21783447265625
2026-08-24T20:31:00-07:00,2,100.0,129.36041259765625
2026-08-24T20:31:00-07:00,3,45.75,123.21588134765625
2026-08-24T20:32:00-07:00,0,0.0,44.73541259765625
2026-08-24T20:32:00-07:00,1,93.25,123.21783447265625
2026-08-24T20:32:00-07:00,2,99.5,129.36041259765625
2026-08-24T20:32:00-07:00,3,90.75,123.21588134765625
2026-08-24T20:33:00-07:00,0,0.0,44.73541259765625
2026-08-24T20:33:00-07:00,1,70.75,123.21783447265625
2026-08-24T20:33:00-07:00,2,98.25,129.36041259765625
2026-08-24T20:33:00-07:00,3,64.25,123.21588134765625
2026-08-24T20:34:00-07:00,0,0.0,44.73541259765625
2026-08-24T20:34:00-07:00,1,66.25,123.21783447265625
2026-08-24T20:34:00-07:00,2,92.25,129.36041259765625
2026-08-24T20:34:00-07:00,3,72.5,123.21588134765625
2026-08-24T20:35:00-07:00,0,0.0,44.73541259765625
2026-08-24T20:35:00-07:00,1,93.5,123.21783447265625
2026-08-24T20:35:00-07:00,2,98.75,129.36041259765625
2026-08-24T20:35:00-07:00,3,93.25,123.21588134765625
2026-08-24T20:36:00-07:00,0,0.0,44.73541259765625
2026-08-24T20:36:00-07:00,1,89.0,123.21783447265625
2026-08-24T20:36:00-07:00,2,46.25,70.83648681640625
2026-08-24T20:36:00-07:00,3,94.75,123.21588134765625
2026-08-24T20:37:00-07:00,0,0.0,44.73541259765625
2026-08-24T20:37:00-07:00,1,66.0,123.21783447265625
2026-08-24T20:37:00-07:00,2,25.0,34.05670166015625
2026-08-24T20:37:00-07:00,3,62.5,123.21588134765625
2026-08-24T20:38:00-07:00,0,0.0,44.73541259765625
2026-08-24T20:38:00-07:00,1,93.75,123.21929931640625
2026-08-24T20:38:00-07:00,2,25.5,60.56684875488281
2026-08-24T20:38:00-07:00,3,92.0,123.21734619140625
2026-08-24T20:39:00-07:00,0,0.0,44.73541259765625
2026-08-24T20:39:00-07:00,1,91.75,123.21978759765625
2026-08-24T20:39:00-07:00,2,50.0,39.43463134765625
2026-08-24T20:39:00-07:00,3,89.75,123.21783447265625
2026-08-24T20:40:00-07:00,0,0.0,44.73541259765625
2026-08-24T20:40:00-07:00,1,74.75,123.21978759765625
2026-08-24T20:40:00-07:00,2,0.0,0.00341796875
2026-08-24T20:40:00-07:00,3,73.0,123.21783447265625
2026-08-24T20:41:00-07:00,0,0.0,44.73541259765625
2026-08-24T20:41:00-07:00,1,71.25,123.21978759765625
2026-08-24T20:41:00-07:00,2,0.25,2.1117095947265625
2026-08-24T20:41:00-07:00,3,63.75,123.21783447265625
2026-08-24T20:42:00-07:00,0,0.0,44.73541259765625
2026-08-24T20:42:00-07:00,1,92.25,123.21978759765625
2026-08-24T20:42:00-07:00,2,75.0,59.46002197265625
2026-08-24T20:42:00-07:00,3,96.5,123.21783447265625
2026-08-24T20:43:00-07:00,0,0.0,44.73541259765625
2026-08-24T20:43:00-07:00,1,94.75,123.21978759765625
2026-08-24T20:43:00-07:00,2,100.0,59.46002197265625
2026-08-24T20:43:00-07:00,3,89.75,123.21783447265625
2026-08-24T20:44:00-07:00,0,0.0,44.73541259765625
2026-08-24T20:44:00-07:00,1,89.5,123.21978759765625
2026-08-24T20:44:00-07:00,2,100.0,59.46002197265625
2026-08-24T20:44:00-07:00,3,89.25,123.21783447265625
2026-08-24T20:45:00-07:00,0,0.0,44.73541259765625
2026-08-24T20:45:00-07:00,1,72.25,123.21978759765625
2026-08-24T20:45:00-07:00,2,98.5,59.46002197265625
2026-08-24T20:45:00-07:00,3,71.25,123.21783447265625
2026-08-24T20:46:00-07:00,0,0.0,44.73541259765625
2026-08-24T20:46:00-07:00,1,94.0,123.21978759765625
2026-08-24T20:46:00-07:00,2,100.0,59.46002197265625
2026-08-24T20:46:00-07:00,3,87.0,123.21783447265625
2026-08-24T20:47:00-07:00,0,0.0,44.73541259765625
2026-08-24T20:47:00-07:00,1,96.25,123.21978759765625
2026-08-24T20:47:00-07:00,2,100.0,59.46002197265625
2026-08-24T20:47:00-07:00,3,94.75,123.21783447265625
2026-08-24T20:48:00-07:00,0,0.0,44.73541259765625
2026-08-24T20:48:00-07:00,1,91.0,123.21978759765625
2026-08-24T20:48:00-07:00,2,100.0,59.46002197265625
2026-08-24T20:48:00-07:00,3,96.75,123.21783447265625
2026-08-24T20:49:00-07:00,0,0.0,44.73541259765625
2026-08-24T20:49:00-07:00,1,90.75,123.22174072265625
2026-08-24T20:49:00-07:00,2,100.0,59.46002197265625
2026-08-24T20:49:00-07:00,3,90.0,123.21832275390625
2026-08-24T20:50:00-07:00,0,0.0,44.73541259765625
2026-08-24T20:50:00-07:00,1,66.75,123.22174072265625
2026-08-24T20:50:00-07:00,2,100.0,59.46002197265625
2026-08-24T20:50:00-07:00,3,67.0,123.21978759765625
2026-08-24T20:51:00-07:00,0,0.0,44.73541259765625
2026-08-24T20:51:00-07:00,1,97.75,123.22174072265625
2026-08-24T20:51:00-07:00,2,100.0,59.46002197265625
2026-08-24T20:51:00-07:00,3,96.75,123.21978759765625
2026-08-24T20:52:00-07:00,0,0.0,44.73541259765625
2026-08-24T20:52:00-07:00,1,97.0,123.22174072265625
2026-08-24T20:52:00-07:00,2,100.0,59.46002197265625
2026-08-24T20:52:00-07:00,3,21.5,123.21978759765625
2026-08-24T20:53:00-07:00,0,0.0,44.73541259765625
2026-08-24T20:53:00-07:00,1,76.0,123.22174072265625
2026-08-24T20:53:00-07:00,2,100.0,59.46002197265625
2026-08-24T20:53:00-07:00,3,1.0,123.21978759765625
2026-08-24T20:54:00-07:00,0,0.0,44.73541259765625
2026-08-24T20:54:00-07:00,1,51.0,123.22174072265625
2026-08-24T20:54:00-07:00,2,100.0,59.46002197265625
2026-08-24T20:54:00-07:00,3,0.75,123.21978759765625
2026-08-24T20:55:00-07:00,0,0.0,44.73541259765625
2026-08-24T20:55:00-07:00,1,100.0,123.22174072265625
2026-08-24T20:55:00-07:00,2,100.0,59.46002197265625
2026-08-24T20:55:00-07:00,3,1.0,123.21978759765625
2026-08-24T20:56:00-07:00,0,0.0,44.73541259765625
2026-08-24T20:56:00-07:00,1,76.0,123.22174072265625
2026-08-24T20:56:00-07:00,2,100.0,59.46002197265625
2026-08-24T20:56:00-07:00,3,6.5,123.21978759765625
2026-08-24T20:57:00-07:00,0,0.0,44.73541259765625
2026-08-24T20:57:00-07:00,1,100.0,123.22174072265625
2026-08-24T20:57:00-07:00,2,99.75,59.46002197265625
2026-08-24T20:57:00-07:00,3,0.0,123.21978759765625
2026-08-24T20:58:00-07:00,0,0.0,44.73541259765625
2026-08-24T20:58:00-07:00,1,100.0,123.22174072265625
2026-08-24T20:58:00-07:00,2,100.0,59.46002197265625
2026-08-24T20:58:00-07:00,3,1.25,123.21978759765625
2026-08-24T20:59:00-07:00,0,0.0,44.73541259765625
2026-08-24T20:59:00-07:00,1,100.0,123.22174072265625
2026-08-24T20:59:00-07:00,2,100.0,59.46002197265625
2026-08-24T20:59:00-07:00,3,0.0,123.21978759765625
2026-08-24T21:00:00-07:00,0,0.0,44.73541259765625
2026-08-24T21:00:00-07:00,1,95.0,123.22174072265625
2026-08-24T21:00:00-07:00,2,100.0,59.46002197265625
2026-08-24T21:00:00-07:00,3,71.75,123.21978759765625
2026-08-24T21:01:00-07:00,0,0.0,44.73541259765625
2026-08-24T21:01:00-07:00,1,70.5,123.22174072265625
2026-08-24T21:01:00-07:00,2,100.0,59.46002197265625
2026-08-24T21:01:00-07:00,3,69.0,123.21978759765625
2026-08-24T21:02:00-07:00,0,0.0,44.73541259765625
2026-08-24T21:02:00-07:00,1,91.5,123.22174072265625
2026-08-24T21:02:00-07:00,2,100.0,59.46002197265625
2026-08-24T21:02:00-07:00,3,89.0,123.21978759765625
2026-08-24T21:03:00-07:00,0,0.0,44.73541259765625
2026-08-24T21:03:00-07:00,1,69.5,123.22174072265625
2026-08-24T21:03:00-07:00,2,100.0,59.46002197265625
2026-08-24T21:03:00-07:00,3,66.75,123.21978759765625
2026-08-24T21:04:00-07:00,0,0.0,44.73541259765625
2026-08-24T21:04:00-07:00,1,92.5,123.22174072265625
2026-08-24T21:04:00-07:00,2,100.0,59.46002197265625
2026-08-24T21:04:00-07:00,3,91.5,123.21978759765625
2026-08-24T21:05:00-07:00,0,0.0,44.73541259765625
2026-08-24T21:05:00-07:00,1,93.5,123.22174072265625
2026-08-24T21:05:00-07:00,2,100.0,59.46002197265625
2026-08-24T21:05:00-07:00,3,91.0,123.21978759765625
2026-08-24T21:06:00-07:00,0,0.0,44.73541259765625
2026-08-24T21:06:00-07:00,1,91.0,123.22174072265625
2026-08-24T21:06:00-07:00,2,100.0,59.46002197265625
2026-08-24T21:06:00-07:00,3,92.25,123.21978759765625
2026-08-24T21:07:00-07:00,0,0.0,44.73541259765625
2026-08-24T21:07:00-07:00,1,73.0,123.22174072265625
2026-08-24T21:07:00-07:00,2,100.0,59.46002197265625
2026-08-24T21:07:00-07:00,3,70.75,123.21978759765625
2026-08-24T21:08:00-07:00,0,0.0,44.73541259765625
2026-08-24T21:08:00-07:00,1,60.0,123.22174072265625
2026-08-24T21:08:00-07:00,2,100.0,59.46002197265625
2026-08-24T21:08:00-07:00,3,62.0,123.21978759765625
2026-08-24T21:09:00-07:00,0,0.0,44.73541259765625
2026-08-24T21:09:00-07:00,1,73.5,123.22271728515625
2026-08-24T21:09:00-07:00,2,100.0,59.46002197265625
2026-08-24T21:09:00-07:00,3,70.75,123.22076416015625
2026-08-24T21:10:00-07:00,0,0.0,44.73541259765625
2026-08-24T21:10:00-07:00,1,90.75,123.22369384765625
2026-08-24T21:10:00-07:00,2,100.0,59.46002197265625
2026-08-24T21:10:00-07:00,3,92.5,123.22174072265625
2026-08-24T21:11:00-07:00,0,0.0,44.73541259765625
2026-08-24T21:11:00-07:00,1,91.25,123.22369384765625
2026-08-24T21:11:00-07:00,2,100.0,59.46002197265625
2026-08-24T21:11:00-07:00,3,94.0,123.22174072265625
2026-08-24T21:12:00-07:00,0,0.0,44.73541259765625
2026-08-24T21:12:00-07:00,1,92.5,123.22369384765625
2026-08-24T21:12:00-07:00,2,100.0,59.46002197265625
2026-08-24T21:12:00-07:00,3,93.5,123.22174072265625
2026-08-24T21:13:00-07:00,0,0.0,44.73541259765625
2026-08-24T21:13:00-07:00,1,75.0,123.22369384765625
2026-08-24T21:13:00-07:00,2,100.0,59.46002197265625
2026-08-24T21:13:00-07:00,3,76.0,123.22174072265625
2026-08-24T21:14:00-07:00,0,0.0,44.73541259765625
2026-08-24T21:14:00-07:00,1,87.75,123.22369384765625
2026-08-24T21:14:00-07:00,2,100.0,59.46002197265625
2026-08-24T21:14:00-07:00,3,94.5,123.22174072265625
2026-08-24T21:15:00-07:00,0,0.0,44.73541259765625
2026-08-24T21:15:00-07:00,1,66.5,123.22369384765625
2026-08-24T21:15:00-07:00,2,100.0,59.46002197265625
2026-08-24T21:15:00-07:00,3,74.0,123.22174072265625
2026-08-24T21:16:00-07:00,0,0.0,44.73541259765625
2026-08-24T21:16:00-07:00,1,90.0,123.22369384765625
2026-08-24T21:16:00-07:00,2,100.0,59.46002197265625
2026-08-24T21:16:00-07:00,3,91.25,123.22174072265625
2026-08-24T21:17:00-07:00,0,0.0,44.73541259765625
2026-08-24T21:17:00-07:00,1,75.0,123.22369384765625
2026-08-24T21:17:00-07:00,2,100.0,59.46002197265625
2026-08-24T21:17:00-07:00,3,75.5,123.22174072265625
2026-08-24T21:18:00-07:00,0,0.0,44.73541259765625
2026-08-24T21:18:00-07:00,1,98.75,123.22369384765625
2026-08-24T21:18:00-07:00,2,25.75,17.290802001953125
2026-08-24T21:18:00-07:00,3,94.0,123.22174072265625
2026-08-24T21:19:00-07:00,0,0.0,44.73541259765625
2026-08-24T21:19:00-07:00,1,97.0,123.22369384765625
2026-08-24T21:19:00-07:00,2,100.0,38.37506103515625
2026-08-24T21:19:00-07:00,3,72.25,123.22174072265625
2026-08-24T21:20:00-07:00,0,0.0,44.73541259765625
2026-08-24T21:20:00-07:00,1,100.0,123.22369384765625
2026-08-24T21:20:00-07:00,2,100.0,45.94683837890625
2026-08-24T21:20:00-07:00,3,2.0,123.22174072265625
2026-08-24T21:21:00-07:00,0,0.0,44.73541259765625
2026-08-24T21:21:00-07:00,1,75.0,123.22369384765625
2026-08-24T21:21:00-07:00,2,95.75,56.46588134765625
2026-08-24T21:21:00-07:00,3,0.0,123.22174072265625
2026-08-24T21:22:00-07:00,0,0.0,44.73541259765625
2026-08-24T21:22:00-07:00,1,50.0,123.22369384765625
2026-08-24T21:22:00-07:00,2,100.0,56.46588134765625
2026-08-24T21:22:00-07:00,3,0.0,123.22174072265625
2026-08-24T21:23:00-07:00,0,0.0,44.73541259765625
2026-08-24T21:23:00-07:00,1,76.0,123.22369384765625
2026-08-24T21:23:00-07:00,2,100.0,56.46588134765625
2026-08-24T21:23:00-07:00,3,2.0,123.22174072265625
2026-08-24T21:24:00-07:00,0,0.0,44.73541259765625
2026-08-24T21:24:00-07:00,1,100.0,123.22369384765625
2026-08-24T21:24:00-07:00,2,90.5,56.46588134765625
2026-08-24T21:24:00-07:00,3,0.0,123.22174072265625
2026-08-24T21:25:00-07:00,0,0.0,44.73541259765625
2026-08-24T21:25:00-07:00,1,50.0,123.22369384765625
2026-08-24T21:25:00-07:00,2,100.0,57.42828369140625
2026-08-24T21:25:00-07:00,3,0.0,123.22174072265625
2026-08-24T21:26:00-07:00,0,0.0,44.73541259765625
2026-08-24T21:26:00-07:00,1,50.0,123.22369384765625
2026-08-24T21:26:00-07:00,2,100.0,60.31549072265625
2026-08-24T21:26:00-07:00,3,0.0,123.22174072265625
2026-08-24T21:27:00-07:00,0,0.0,44.73541259765625
2026-08-24T21:27:00-07:00,1,100.0,123.22369384765625
2026-08-24T21:27:00-07:00,2,100.0,60.31549072265625
2026-08-24T21:27:00-07:00,3,1.0,123.22174072265625
2026-08-24T21:28:00-07:00,0,0.0,44.73541259765625
2026-08-24T21:28:00-07:00,1,98.25,123.22369384765625
2026-08-24T21:28:00-07:00,2,100.0,60.31549072265625
2026-08-24T21:28:00-07:00,3,48.25,123.22174072265625
2026-08-24T21:29:00-07:00,0,0.0,44.73541259765625
2026-08-24T21:29:00-07:00,1,94.5,123.22369384765625
2026-08-24T21:29:00-07:00,2,100.0,61.27935791015625
2026-08-24T21:29:00-07:00,3,92.25,123.22174072265625
2026-08-24T21:30:00-07:00,0,0.0,44.73541259765625
2026-08-24T21:30:00-07:00,1,89.25,123.22369384765625
2026-08-24T21:30:00-07:00,2,100.0,64.17095947265625
2026-08-24T21:30:00-07:00,3,95.25,123.22174072265625
2026-08-24T21:31:00-07:00,0,0.0,44.73541259765625
2026-08-24T21:31:00-07:00,1,91.5,123.22369384765625
2026-08-24T21:31:00-07:00,2,100.0,64.17095947265625
2026-08-24T21:31:00-07:00,3,91.25,123.22174072265625
2026-08-24T21:32:00-07:00,0,0.0,44.73541259765625
2026-08-24T21:32:00-07:00,1,83.25,123.22467041015625
2026-08-24T21:32:00-07:00,2,100.0,67.07135009765625
2026-08-24T21:32:00-07:00,3,84.5,123.22271728515625
2026-08-24T21:33:00-07:00,0,0.0,44.73541259765625
2026-08-24T21:33:00-07:00,1,79.25,123.22564697265625
2026-08-24T21:33:00-07:00,2,100.0,68.03814697265625
2026-08-24T21:33:00-07:00,3,74.25,123.22369384765625
2026-08-24T21:34:00-07:00,0,0.0,44.73541259765625
2026-08-24T21:34:00-07:00,1,89.75,123.22564697265625
2026-08-24T21:34:00-07:00,2,100.0,68.03814697265625
2026-08-24T21:34:00-07:00,3,91.25,123.22369384765625
2026-08-24T21:35:00-07:00,0,0.0,44.73541259765625
2026-08-24T21:35:00-07:00,1,97.25,123.22564697265625
2026-08-24T21:35:00-07:00,2,97.5,68.03814697265625
2026-08-24T21:35:00-07:00,3,93.75,123.22369384765625
2026-08-24T21:36:00-07:00,0,0.0,44.73541259765625
2026-08-24T21:36:00-07:00,1,91.25,123.22564697265625
2026-08-24T21:36:00-07:00,2,100.0,68.03814697265625
2026-08-24T21:36:00-07:00,3,84.0,123.22369384765625
2026-08-24T21:37:00-07:00,0,0.0,44.73541259765625
2026-08-24T21:37:00-07:00,1,94.25,123.22564697265625
2026-08-24T21:37:00-07:00,2,100.0,68.03814697265625
2026-08-24T21:37:00-07:00,3,91.5,123.22369384765625
2026-08-24T21:38:00-07:00,0,0.0,44.73541259765625
2026-08-24T21:38:00-07:00,1,89.5,123.22564697265625
2026-08-24T21:38:00-07:00,2,95.0,68.03814697265625
2026-08-24T21:38:00-07:00,3,85.75,123.22369384765625
2026-08-24T21:39:00-07:00,0,0.0,44.73541259765625
2026-08-24T21:39:00-07:00,1,70.5,123.22564697265625
2026-08-24T21:39:00-07:00,2,100.0,68.03814697265625
2026-08-24T21:39:00-07:00,3,66.25,123.22369384765625
2026-08-24T21:40:00-07:00,0,0.0,44.73541259765625
2026-08-24T21:40:00-07:00,1,89.5,123.22564697265625
2026-08-24T21:40:00-07:00,2,100.0,69.26275634765625
2026-08-24T21:40:00-07:00,3,88.5,123.22369384765625
2026-08-24T21:41:00-07:00,0,0.0,44.73541259765625
2026-08-24T21:41:00-07:00,1,96.75,123.22564697265625
2026-08-24T21:41:00-07:00,2,100.0,72.93658447265625
2026-08-24T21:41:00-07:00,3,95.75,123.22369384765625
2026-08-24T21:42:00-07:00,0,0.0,44.73541259765625
2026-08-24T21:42:00-07:00,1,70.5,123.22564697265625
2026-08-24T21:42:00-07:00,2,100.0,72.93658447265625
2026-08-24T21:42:00-07:00,3,71.25,123.22369384765625
2026-08-24T21:43:00-07:00,0,0.0,44.73541259765625
2026-08-24T21:43:00-07:00,1,95.0,123.22564697265625
2026-08-24T21:43:00-07:00,2,95.75,72.93658447265625
2026-08-24T21:43:00-07:00,3,94.75,123.22369384765625
2026-08-24T21:44:00-07:00,0,0.0,44.73541259765625
2026-08-24T21:44:00-07:00,1,71.75,123.22564697265625
2026-08-24T21:44:00-07:00,2,100.0,72.93658447265625
2026-08-24T21:44:00-07:00,3,66.75,123.22369384765625
2026-08-24T21:45:00-07:00,0,0.0,44.73541259765625
2026-08-24T21:45:00-07:00,1,97.0,123.22564697265625
2026-08-24T21:45:00-07:00,2,100.0,72.93658447265625
2026-08-24T21:45:00-07:00,3,93.5,123.22369384765625
2026-08-24T21:46:00-07:00,0,0.0,44.73541259765625
2026-08-24T21:46:00-07:00,1,73.25,123.22564697265625
2026-08-24T21:46:00-07:00,2,100.0,72.93658447265625
2026-08-24T21:46:00-07:00,3,73.5,123.22369384765625
2026-08-24T21:47:00-07:00,0,0.0,44.73541259765625
2026-08-24T21:47:00-07:00,1,100.0,123.22564697265625
2026-08-24T21:47:00-07:00,2,94.5,72.93658447265625
2026-08-24T21:47:00-07:00,3,50.0,123.22369384765625
2026-08-24T21:48:00-07:00,0,0.0,44.73541259765625
2026-08-24T21:48:00-07:00,1,50.0,123.22564697265625
2026-08-24T21:48:00-07:00,2,99.25,72.93658447265625
2026-08-24T21:48:00-07:00,3,0.25,123.22369384765625
2026-08-24T21:49:00-07:00,0,0.0,44.73541259765625
2026-08-24T21:49:00-07:00,1,51.0,123.22564697265625
2026-08-24T21:49:00-07:00,2,100.0,72.93658447265625
2026-08-24T21:49:00-07:00,3,2.0,123.22369384765625
2026-08-24T21:50:00-07:00,0,0.0,44.73541259765625
2026-08-24T21:50:00-07:00,1,76.0,123.22564697265625
2026-08-24T21:50:00-07:00,2,100.0,72.93658447265625
2026-08-24T21:50:00-07:00,3,2.0,123.22369384765625
2026-08-24T21:51:00-07:00,0,0.0,44.73541259765625
2026-08-24T21:51:00-07:00,1,76.0,123.22564697265625
2026-08-24T21:51:00-07:00,2,100.0,72.93658447265625
2026-08-24T21:51:00-07:00,3,1.0,123.22369384765625
2026-08-24T21:52:00-07:00,0,0.0,44.73541259765625
2026-08-24T21:52:00-07:00,1,50.0,123.22564697265625
2026-08-24T21:52:00-07:00,2,100.0,72.93658447265625
2026-08-24T21:52:00-07:00,3,0.0,123.22369384765625
2026-08-24T21:53:00-07:00,0,0.0,44.73541259765625
2026-08-24T21:53:00-07:00,1,75.0,123.22564697265625
2026-08-24T21:53:00-07:00,2,100.0,72.93658447265625
2026-08-24T21:53:00-07:00,3,1.0,123.22369384765625
2026-08-24T21:54:00-07:00,0,0.0,44.73541259765625
2026-08-24T21:54:00-07:00,1,100.0,123.22564697265625
2026-08-24T21:54:00-07:00,2,96.25,72.93658447265625
2026-08-24T21:54:00-07:00,3,1.0,123.22369384765625
2026-08-24T21:55:00-07:00,0,0.0,44.73541259765625
2026-08-24T21:55:00-07:00,1,96.75,123.22564697265625
2026-08-24T21:55:00-07:00,2,100.0,72.93658447265625
2026-08-24T21:55:00-07:00,3,45.75,123.22369384765625
2026-08-24T21:56:00-07:00,0,0.0,44.73541259765625
2026-08-24T21:56:00-07:00,1,99.0,123.22564697265625
2026-08-24T21:56:00-07:00,2,95.0,72.93658447265625
2026-08-24T21:56:00-07:00,3,97.25,123.22369384765625
2026-08-24T21:57:00-07:00,0,0.0,44.73541259765625
2026-08-24T21:57:00-07:00,1,97.0,123.22564697265625
2026-08-24T21:57:00-07:00,2,100.0,72.93658447265625
2026-08-24T21:57:00-07:00,3,87.0,123.22369384765625
2026-08-24T21:58:00-07:00,0,0.0,44.73541259765625
2026-08-24T21:58:00-07:00,1,67.25,123.22564697265625
2026-08-24T21:58:00-07:00,2,100.0,72.93658447265625
2026-08-24T21:58:00-07:00,3,59.0,123.22369384765625
2026-08-24T21:59:00-07:00,0,0.0,44.73541259765625
2026-08-24T21:59:00-07:00,1,97.0,123.22564697265625
2026-08-24T21:59:00-07:00,2,100.0,72.93658447265625
2026-08-24T21:59:00-07:00,3,95.75,123.22369384765625
2026-08-24T22:00:00-07:00,0,0.0,44.73541259765625
2026-08-24T22:00:00-07:00,1,73.5,123.22564697265625
2026-08-24T22:00:00-07:00,2,100.0,72.93658447265625
2026-08-24T22:00:00-07:00,3,65.75,123.22369384765625
2026-08-24T22:01:00-07:00,0,0.0,44.73541259765625
2026-08-24T22:01:00-07:00,1,82.5,123.22564697265625
2026-08-24T22:01:00-07:00,2,94.5,72.93658447265625
2026-08-24T22:01:00-07:00,3,81.5,123.22369384765625
2026-08-24T22:02:00-07:00,0,0.0,44.73541259765625
2026-08-24T22:02:00-07:00,1,69.25,123.22711181640625
2026-08-24T22:02:00-07:00,2,100.0,72.93658447265625
2026-08-24T22:02:00-07:00,3,68.25,123.22515869140625
2026-08-24T22:03:00-07:00,0,0.0,44.73541259765625
2026-08-24T22:03:00-07:00,1,95.25,123.22760009765625
2026-08-24T22:03:00-07:00,2,25.0,18.410919189453125
2026-08-24T22:03:00-07:00,3,93.5,123.22564697265625
2026-08-24T22:04:00-07:00,0,0.0,44.73541259765625
2026-08-24T22:04:00-07:00,1,96.5,123.22760009765625
2026-08-24T22:04:00-07:00,2,0.0,0.00341796875
2026-08-24T22:04:00-07:00,3,93.0,123.22564697265625
2026-08-24T22:05:00-07:00,0,0.0,44.73541259765625
2026-08-24T22:05:00-07:00,1,94.0,123.22760009765625
2026-08-24T22:05:00-07:00,2,0.0,0.00341796875
2026-08-24T22:05:00-07:00,3,92.0,123.22564697265625
2026-08-24T22:06:00-07:00,0,0.0,44.73541259765625
2026-08-24T22:06:00-07:00,1,84.25,123.22760009765625
2026-08-24T22:06:00-07:00,2,0.0,0.00341796875
2026-08-24T22:06:00-07:00,3,82.75,123.22564697265625
2026-08-24T22:07:00-07:00,0,0.0,44.73541259765625
2026-08-24T22:07:00-07:00,1,95.75,123.22760009765625
2026-08-24T22:07:00-07:00,2,0.0,0.00341796875
2026-08-24T22:07:00-07:00,3,93.5,123.22564697265625
2026-08-24T22:08:00-07:00,0,0.0,44.73541259765625
2026-08-24T22:08:00-07:00,1,75.0,123.22760009765625
2026-08-24T22:08:00-07:00,2,0.0,0.00341796875
2026-08-24T22:08:00-07:00,3,69.75,123.22564697265625
2026-08-24T22:09:00-07:00,0,0.0,44.73541259765625
2026-08-24T22:09:00-07:00,1,87.0,123.22760009765625
2026-08-24T22:09:00-07:00,2,0.0,0.00341796875
2026-08-24T22:09:00-07:00,3,82.25,123.22564697265625
2026-08-24T22:10:00-07:00,0,0.0,44.73541259765625
2026-08-24T22:10:00-07:00,1,91.75,123.22760009765625
2026-08-24T22:10:00-07:00,2,0.0,0.00341796875
2026-08-24T22:10:00-07:00,3,82.0,123.22564697265625
2026-08-24T22:11:00-07:00,0,0.0,44.73541259765625
2026-08-24T22:11:00-07:00,1,94.5,123.22760009765625
2026-08-24T22:11:00-07:00,2,0.0,0.00341796875
2026-08-24T22:11:00-07:00,3,90.75,123.22564697265625
2026-08-24T22:12:00-07:00,0,0.0,44.73541259765625
2026-08-24T22:12:00-07:00,1,93.25,123.22760009765625
2026-08-24T22:12:00-07:00,2,0.0,0.00341796875
2026-08-24T22:12:00-07:00,3,90.75,123.22564697265625
2026-08-24T22:13:00-07:00,0,0.0,44.73541259765625
2026-08-24T22:13:00-07:00,1,90.0,123.22760009765625
2026-08-24T22:13:00-07:00,2,0.0,2.2406158447265625
2026-08-24T22:13:00-07:00,3,84.25,123.22564697265625
2026-08-24T22:14:00-07:00,0,0.0,44.73541259765625
2026-08-24T22:14:00-07:00,1,52.75,123.22760009765625
2026-08-24T22:14:00-07:00,2,0.0,16.802902221679688
2026-08-24T22:14:00-07:00,3,2.0,123.22564697265625
2026-08-24T22:15:00-07:00,0,0.0,44.73541259765625
2026-08-24T22:15:00-07:00,1,75.0,123.22760009765625
2026-08-24T22:15:00-07:00,2,0.0,15.306427001953125
2026-08-24T22:15:00-07:00,3,0.0,123.22564697265625
2026-08-24T22:16:00-07:00,0,0.0,44.73541259765625
2026-08-24T22:16:00-07:00,1,75.0,123.22760009765625
2026-08-24T22:16:00-07:00,2,4.25,11.81402587890625
2026-08-24T22:16:00-07:00,3,0.0,123.22564697265625
2026-08-24T22:17:00-07:00,0,0.0,44.73541259765625
2026-08-24T22:17:00-07:00,1,75.0,123.22760009765625
2026-08-24T22:17:00-07:00,2,75.0,44.62261962890625
2026-08-24T22:17:00-07:00,3,0.0,123.22564697265625
2026-08-24T22:18:00-07:00,0,0.0,44.73541259765625
2026-08-24T22:18:00-07:00,1,76.0,123.22760009765625
2026-08-24T22:18:00-07:00,2,96.25,54.29156494140625
2026-08-24T22:18:00-07:00,3,2.25,123.22564697265625
2026-08-24T22:19:00-07:00,0,0.0,44.73541259765625
2026-08-24T22:19:00-07:00,1,50.0,123.22760009765625
2026-08-24T22:19:00-07:00,2,98.75,54.29840087890625
2026-08-24T22:19:00-07:00,3,2.0,123.22564697265625
2026-08-24T22:20:00-07:00,0,0.0,44.73541259765625
2026-08-24T22:20:00-07:00,1,75.0,123.22760009765625
2026-08-24T22:20:00-07:00,2,100.0,54.29986572265625
2026-08-24T22:20:00-07:00,3,0.0,123.22564697265625
2026-08-24T22:21:00-07:00,0,0.0,44.73541259765625
2026-08-24T22:21:00-07:00,1,100.0,123.22760009765625
2026-08-24T22:21:00-07:00,2,92.0,60.73541259765625
2026-08-24T22:21:00-07:00,3,0.0,123.22564697265625
2026-08-24T22:22:00-07:00,0,0.0,44.73541259765625
2026-08-24T22:22:00-07:00,1,83.25,123.22760009765625
2026-08-24T22:22:00-07:00,2,99.5,67.17095947265625
2026-08-24T22:22:00-07:00,3,88.75,123.22564697265625
2026-08-24T22:23:00-07:00,0,0.0,44.73541259765625
2026-08-24T22:23:00-07:00,1,99.0,123.22760009765625
2026-08-24T22:23:00-07:00,2,92.75,67.17095947265625
2026-08-24T22:23:00-07:00,3,98.5,123.22564697265625
2026-08-24T22:24:00-07:00,0,0.0,44.73541259765625
2026-08-24T22:24:00-07:00,1,69.25,123.22760009765625
2026-08-24T22:24:00-07:00,2,99.5,69.27925109863281
2026-08-24T22:24:00-07:00,3,62.0,123.22564697265625
2026-08-24T22:25:00-07:00,0,0.0,44.73541259765625
2026-08-24T22:25:00-07:00,1,91.5,123.22760009765625
2026-08-24T22:25:00-07:00,2,97.0,86.10911560058594
2026-08-24T22:25:00-07:00,3,91.25,123.22564697265625
2026-08-24T22:26:00-07:00,0,0.0,44.73541259765625
2026-08-24T22:26:00-07:00,1,93.0,123.22760009765625
2026-08-24T22:26:00-07:00,2,100.0,78.88499450683594
2026-08-24T22:26:00-07:00,3,87.5,123.22564697265625
2026-08-24T22:27:00-07:00,0,0.0,44.73541259765625
2026-08-24T22:27:00-07:00,1,85.75,123.22760009765625
2026-08-24T22:27:00-07:00,2,100.0,115.6099853515625
2026-08-24T22:27:00-07:00,3,86.5,123.22564697265625
2026-08-24T22:28:00-07:00,0,0.0,44.73541259765625
2026-08-24T22:28:00-07:00,1,95.25,123.22760009765625
2026-08-24T22:28:00-07:00,2,100.0,124.6910400390625
2026-08-24T22:28:00-07:00,3,90.25,123.22564697265625
2026-08-24T22:29:00-07:00,0,0.0,44.73541259765625
2026-08-24T22:29:00-07:00,1,93.25,123.22760009765625
2026-08-24T22:29:00-07:00,2,100.0,134.3922119140625
2026-08-24T22:29:00-07:00,3,90.75,123.22564697265625
2026-08-24T22:30:00-07:00,0,0.0,44.73541259765625
2026-08-24T22:30:00-07:00,1,93.0,123.22760009765625
2026-08-24T22:30:00-07:00,2,100.0,134.3966064453125
2026-08-24T22:30:00-07:00,3,86.25,123.22564697265625
2026-08-24T22:31:00-07:00,0,0.0,44.73541259765625
2026-08-24T22:31:00-07:00,1,89.75,131.12728881835938
2026-08-24T22:31:00-07:00,2,100.0,134.4010009765625
2026-08-24T22:31:00-07:00,3,82.75,123.22564697265625
2026-08-24T22:32:00-07:00,0,17.0,48.97798156738281
2026-08-24T22:32:00-07:00,1,90.25,123.22760009765625
2026-08-24T22:32:00-07:00,2,99.5,134.4029541015625
2026-08-24T22:32:00-07:00,3,70.25,123.22564697265625
2026-08-24T22:33:00-07:00,0,12.75,48.889007568359375
2026-08-24T22:33:00-07:00,1,99.5,123.48324584960938
2026-08-24T22:33:00-07:00,2,100.0,134.65859985351562
2026-08-24T22:33:00-07:00,3,96.25,123.48129272460938
2026-08-24T22:34:00-07:00,0,2.25,47.79536437988281
2026-08-24T22:34:00-07:00,1,86.75,123.35542297363281
2026-08-24T22:34:00-07:00,2,100.0,134.53077697753906
2026-08-24T22:34:00-07:00,3,85.0,123.35346984863281
2026-08-24T22:35:00-07:00,0,0.0,60.6470947265625
2026-08-24T22:35:00-07:00,1,87.5,123.7388916015625
2026-08-24T22:35:00-07:00,2,100.0,134.91424560546875
2026-08-24T22:35:00-07:00,3,86.75,123.7369384765625
2026-08-24T22:36:00-07:00,0,0.0,60.6470947265625
2026-08-24T22:36:00-07:00,1,93.25,123.7388916015625
2026-08-24T22:36:00-07:00,2,100.0,121.96258544921875
2026-08-24T22:36:00-07:00,3,94.5,123.7369384765625
2026-08-24T22:37:00-07:00,0,0.0,60.7418212890625
2026-08-24T22:37:00-07:00,1,80.75,123.7388916015625
2026-08-24T22:37:00-07:00,2,100.0,117.64959716796875
2026-08-24T22:37:00-07:00,3,85.75,123.7369384765625
2026-08-24T22:38:00-07:00,0,0.0,60.8365478515625
2026-08-24T22:38:00-07:00,1,70.75,123.7388916015625
2026-08-24T22:38:00-07:00,2,100.0,117.65057373046875
2026-08-24T22:38:00-07:00,3,75.0,123.7369384765625
2026-08-24T22:39:00-07:00,0,0.0,60.8365478515625
2026-08-24T22:39:00-07:00,1,90.25,123.7388916015625
2026-08-24T22:39:00-07:00,2,100.0,117.65057373046875
2026-08-24T22:39:00-07:00,3,90.0,123.7369384765625
2026-08-24T22:40:00-07:00,0,0.0,60.8365478515625
2026-08-24T22:40:00-07:00,1,85.0,123.7388916015625
2026-08-24T22:40:00-07:00,2,100.0,117.65057373046875
2026-08-24T22:40:00-07:00,3,85.75,123.7369384765625
2026-08-24T22:41:00-07:00,0,0.0,60.8365478515625
2026-08-24T22:41:00-07:00,1,100.0,123.7388916015625
2026-08-24T22:41:00-07:00,2,100.0,117.65057373046875
2026-08-24T22:41:00-07:00,3,0.0,123.7369384765625
2026-08-24T22:42:00-07:00,0,0.0,60.8365478515625
2026-08-24T22:42:00-07:00,1,100.0,123.7388916015625
2026-08-24T22:42:00-07:00,2,100.0,117.65057373046875
2026-08-24T22:42:00-07:00,3,1.25,123.7369384765625
2026-08-24T22:43:00-07:00,0,0.0,60.8365478515625
2026-08-24T22:43:00-07:00,1,100.0,123.7388916015625
2026-08-24T22:43:00-07:00,2,100.0,130.66229248046875
2026-08-24T22:43:00-07:00,3,0.0,123.7369384765625
2026-08-24T22:44:00-07:00,0,0.0,60.8365478515625
2026-08-24T22:44:00-07:00,1,55.75,123.7388916015625
2026-08-24T22:44:00-07:00,2,100.0,130.66229248046875
2026-08-24T22:44:00-07:00,3,1.25,123.7369384765625
2026-08-24T22:45:00-07:00,0,0.0,60.8365478515625
2026-08-24T22:45:00-07:00,1,75.0,123.7388916015625
2026-08-24T22:45:00-07:00,2,100.0,130.66229248046875
2026-08-24T22:45:00-07:00,3,5.5,123.7369384765625
2026-08-24T22:46:00-07:00,0,0.0,61.9957275390625
2026-08-24T22:46:00-07:00,1,75.0,123.7388916015625
2026-08-24T22:46:00-07:00,2,100.0,130.66229248046875
2026-08-24T22:46:00-07:00,3,4.0,123.7369384765625
2026-08-24T22:47:00-07:00,0,0.0,63.1549072265625
2026-08-24T22:47:00-07:00,1,100.0,123.7388916015625
2026-08-24T22:47:00-07:00,2,100.0,130.66424560546875
2026-08-24T22:47:00-07:00,3,4.5,123.7369384765625
2026-08-24T22:48:00-07:00,0,0.0,63.1549072265625
2026-08-24T22:48:00-07:00,1,100.0,123.7388916015625
2026-08-24T22:48:00-07:00,2,100.0,130.66424560546875
2026-08-24T22:48:00-07:00,3,25.0,123.7369384765625
2026-08-24T22:49:00-07:00,0,0.0,63.1549072265625
2026-08-24T22:49:00-07:00,1,100.0,123.7388916015625
2026-08-24T22:49:00-07:00,2,95.25,130.86444091796875
2026-08-24T22:49:00-07:00,3,100.0,123.7369384765625
2026-08-24T22:50:00-07:00,0,0.0,63.1549072265625
2026-08-24T22:50:00-07:00,1,91.0,123.7388916015625
2026-08-24T22:50:00-07:00,2,100.0,131.47137451171875
2026-08-24T22:50:00-07:00,3,94.75,123.7369384765625
2026-08-24T22:51:00-07:00,0,13.5,63.1549072265625
2026-08-24T22:51:00-07:00,1,93.0,123.7388916015625
2026-08-24T22:51:00-07:00,2,100.0,131.47479248046875
2026-08-24T22:51:00-07:00,3,92.5,123.7369384765625
2026-08-24T22:52:00-07:00,0,0.0,63.1549072265625
2026-08-24T22:52:00-07:00,1,91.0,123.7388916015625
2026-08-24T22:52:00-07:00,2,100.0,131.47869873046875
2026-08-24T22:52:00-07:00,3,85.25,123.7369384765625
2026-08-24T22:53:00-07:00,0,0.0,63.1549072265625
2026-08-24T22:53:00-07:00,1,75.25,123.7388916015625
2026-08-24T22:53:00-07:00,2,100.0,131.47869873046875
2026-08-24T22:53:00-07:00,3,76.5,123.7369384765625
2026-08-24T22:54:00-07:00,0,0.0,63.1549072265625
2026-08-24T22:54:00-07:00,1,75.0,123.7388916015625
2026-08-24T22:54:00-07:00,2,100.0,131.47869873046875
2026-08-24T22:54:00-07:00,3,75.0,123.7369384765625
2026-08-24T22:55:00-07:00,0,0.0,63.1549072265625
2026-08-24T22:55:00-07:00,1,94.5,123.7388916015625
2026-08-24T22:55:00-07:00,2,100.0,131.47869873046875
2026-08-24T22:55:00-07:00,3,91.5,123.7369384765625
2026-08-24T22:56:00-07:00,0,0.0,63.1549072265625
2026-08-24T22:56:00-07:00,1,99.75,123.7388916015625
2026-08-24T22:56:00-07:00,2,97.5,131.47869873046875
2026-08-24T22:56:00-07:00,3,100.0,123.7369384765625
2026-08-24T22:57:00-07:00,0,0.0,63.1549072265625
2026-08-24T22:57:00-07:00,1,94.5,123.7408447265625
2026-08-24T22:57:00-07:00,2,96.5,131.47869873046875
2026-08-24T22:57:00-07:00,3,80.75,123.7388916015625
2026-08-24T22:58:00-07:00,0,0.0,63.1549072265625
2026-08-24T22:58:00-07:00,1,100.0,123.7408447265625
2026-08-24T22:58:00-07:00,2,100.0,131.47869873046875
2026-08-24T22:58:00-07:00,3,100.0,123.7388916015625
2026-08-24T22:59:00-07:00,0,0.0,63.1549072265625
2026-08-24T22:59:00-07:00,1,80.5,123.7408447265625
2026-08-24T22:59:00-07:00,2,100.0,131.47869873046875
2026-08-24T22:59:00-07:00,3,93.0,123.7388916015625
2026-08-24T23:00:00-07:00,0,0.0,63.1549072265625
2026-08-24T23:00:00-07:00,1,64.5,123.7408447265625
2026-08-24T23:00:00-07:00,2,100.0,131.47869873046875
2026-08-24T23:00:00-07:00,3,70.75,123.7388916015625
2026-08-24T23:01:00-07:00,0,0.0,63.1549072265625
2026-08-24T23:01:00-07:00,1,81.75,123.7408447265625
2026-08-24T23:01:00-07:00,2,100.0,131.47869873046875
2026-08-24T23:01:00-07:00,3,83.25,123.7388916015625
2026-08-24T23:02:00-07:00,0,0.0,63.1549072265625
2026-08-24T23:02:00-07:00,1,80.5,123.7408447265625
2026-08-24T23:02:00-07:00,2,100.0,131.47869873046875
2026-08-24T23:02:00-07:00,3,75.75,123.7388916015625
2026-08-24T23:03:00-07:00,0,0.0,63.1558837890625
2026-08-24T23:03:00-07:00,1,100.0,123.7408447265625
2026-08-24T23:03:00-07:00,2,100.0,131.47869873046875
2026-08-24T23:03:00-07:00,3,95.75,123.7388916015625
2026-08-24T23:04:00-07:00,0,0.0,63.1568603515625
2026-08-24T23:04:00-07:00,1,100.0,123.7408447265625
2026-08-24T23:04:00-07:00,2,100.0,131.52947998046875
2026-08-24T23:04:00-07:00,3,100.0,123.7388916015625
2026-08-24T23:05:00-07:00,0,0.0,63.1568603515625
2026-08-24T23:05:00-07:00,1,80.25,123.7408447265625
2026-08-24T23:05:00-07:00,2,100.0,131.53533935546875
2026-08-24T23:05:00-07:00,3,89.25,123.7388916015625
2026-08-24T23:06:00-07:00,0,0.0,63.1568603515625
2026-08-24T23:06:00-07:00,1,84.75,123.7408447265625
2026-08-24T23:06:00-07:00,2,100.0,131.53533935546875
2026-08-24T23:06:00-07:00,3,61.25,123.7388916015625
2026-08-24T23:07:00-07:00,0,0.0,63.1568603515625
2026-08-24T23:07:00-07:00,1,76.0,123.7408447265625
2026-08-24T23:07:00-07:00,2,100.0,131.53533935546875
2026-08-24T23:07:00-07:00,3,1.0,123.7388916015625
2026-08-24T23:08:00-07:00,0,0.0,63.1568603515625
2026-08-24T23:08:00-07:00,1,100.0,123.7408447265625
2026-08-24T23:08:00-07:00,2,100.0,131.53533935546875
2026-08-24T23:08:00-07:00,3,1.25,123.7388916015625
2026-08-24T23:09:00-07:00,0,0.0,63.1568603515625
2026-08-24T23:09:00-07:00,1,63.25,123.7408447265625
2026-08-24T23:09:00-07:00,2,100.0,131.53533935546875
2026-08-24T23:09:00-07:00,3,1.25,123.7388916015625
2026-08-24T23:10:00-07:00,0,0.0,63.1568603515625
2026-08-24T23:10:00-07:00,1,76.0,123.7408447265625
2026-08-24T23:10:00-07:00,2,100.0,131.53533935546875
2026-08-24T23:10:00-07:00,3,2.25,123.7388916015625
2026-08-24T23:11:00-07:00,0,0.0,63.1568603515625
2026-08-24T23:11:00-07:00,1,50.0,123.7408447265625
2026-08-24T23:11:00-07:00,2,100.0,131.53533935546875
2026-08-24T23:11:00-07:00,3,0.0,123.7388916015625
2026-08-24T23:12:00-07:00,0,0.0,63.1568603515625
2026-08-24T23:12:00-07:00,1,75.0,123.7408447265625
2026-08-24T23:12:00-07:00,2,100.0,75.74139404296875
2026-08-24T23:12:00-07:00,3,6.75,123.7388916015625
2026-08-24T23:13:00-07:00,0,0.0,63.1568603515625
2026-08-24T23:13:00-07:00,1,100.0,123.7408447265625
2026-08-24T23:13:00-07:00,2,100.0,75.74334716796875
2026-08-24T23:13:00-07:00,3,1.25,123.7388916015625
2026-08-24T23:14:00-07:00,0,0.0,63.1568603515625
2026-08-24T23:14:00-07:00,1,96.25,123.7408447265625
2026-08-24T23:14:00-07:00,2,100.0,75.74432373046875
2026-08-24T23:14:00-07:00,3,20.5,123.7388916015625
2026-08-24T23:15:00-07:00,0,0.0,63.1568603515625
2026-08-24T23:15:00-07:00,1,81.75,123.7408447265625
2026-08-24T23:15:00-07:00,2,100.0,75.74578857421875
2026-08-24T23:15:00-07:00,3,83.0,123.7388916015625
2026-08-24T23:16:00-07:00,0,0.0,63.1568603515625
2026-08-24T23:16:00-07:00,1,95.75,123.7408447265625
2026-08-24T23:16:00-07:00,2,100.0,75.74627685546875
2026-08-24T23:16:00-07:00,3,95.0,123.7388916015625
2026-08-24T23:17:00-07:00,0,0.0,63.1568603515625
2026-08-24T23:17:00-07:00,1,98.75,123.7408447265625
2026-08-24T23:17:00-07:00,2,100.0,75.74627685546875
2026-08-24T23:17:00-07:00,3,95.75,123.7388916015625
2026-08-24T23:18:00-07:00,0,0.0,63.1568603515625
2026-08-24T23:18:00-07:00,1,100.0,123.7408447265625
2026-08-24T23:18:00-07:00,2,100.0,75.74627685546875
2026-08-24T23:18:00-07:00,3,100.0,123.7388916015625
2026-08-24T23:19:00-07:00,0,0.0,63.1568603515625
2026-08-24T23:19:00-07:00,1,67.0,123.7408447265625
2026-08-24T23:19:00-07:00,2,100.0,75.74627685546875
2026-08-24T23:19:00-07:00,3,83.5,123.7388916015625
2026-08-24T23:20:00-07:00,0,0.0,63.1568603515625
2026-08-24T23:20:00-07:00,1,90.0,123.7408447265625
2026-08-24T23:20:00-07:00,2,99.75,75.74627685546875
2026-08-24T23:20:00-07:00,3,88.25,123.7388916015625
2026-08-24T23:21:00-07:00,0,0.0,63.1568603515625
2026-08-24T23:21:00-07:00,1,100.0,123.7408447265625
2026-08-24T23:21:00-07:00,2,100.0,75.74627685546875
2026-08-24T23:21:00-07:00,3,93.5,123.7388916015625
2026-08-24T23:22:00-07:00,0,0.0,63.1568603515625
2026-08-24T23:22:00-07:00,1,94.0,123.7408447265625
2026-08-24T23:22:00-07:00,2,100.0,75.74627685546875
2026-08-24T23:22:00-07:00,3,93.5,123.7388916015625
2026-08-24T23:23:00-07:00,0,0.0,63.1568603515625
2026-08-24T23:23:00-07:00,1,83.0,123.7408447265625
2026-08-24T23:23:00-07:00,2,100.0,75.74627685546875
2026-08-24T23:23:00-07:00,3,85.0,123.7388916015625
2026-08-24T23:24:00-07:00,0,0.0,63.1568603515625
2026-08-24T23:24:00-07:00,1,100.0,123.7408447265625
2026-08-24T23:24:00-07:00,2,100.0,75.74627685546875
2026-08-24T23:24:00-07:00,3,100.0,123.7388916015625
2026-08-24T23:25:00-07:00,0,0.0,63.1568603515625
2026-08-24T23:25:00-07:00,1,80.5,123.7408447265625
2026-08-24T23:25:00-07:00,2,100.0,75.74627685546875
2026-08-24T23:25:00-07:00,3,79.0,123.7388916015625
2026-08-24T23:26:00-07:00,0,0.0,63.1568603515625
2026-08-24T23:26:00-07:00,1,95.75,123.7408447265625
2026-08-24T23:26:00-07:00,2,100.0,75.75018310546875
2026-08-24T23:26:00-07:00,3,97.5,123.7388916015625
2026-08-24T23:27:00-07:00,0,0.0,63.1568603515625
2026-08-24T23:27:00-07:00,1,94.5,123.7408447265625
2026-08-24T23:27:00-07:00,2,100.0,75.75018310546875
2026-08-24T23:27:00-07:00,3,98.75,123.7388916015625
2026-08-24T23:28:00-07:00,0,0.0,63.1568603515625
2026-08-24T23:28:00-07:00,1,85.5,123.7408447265625
2026-08-24T23:28:00-07:00,2,100.0,75.75018310546875
2026-08-24T23:28:00-07:00,3,82.5,123.7388916015625
2026-08-24T23:29:00-07:00,0,0.0,63.1568603515625
2026-08-24T23:29:00-07:00,1,98.75,123.7408447265625
2026-08-24T23:29:00-07:00,2,100.0,75.75018310546875
2026-08-24T23:29:00-07:00,3,100.0,123.7388916015625
2026-08-24T23:30:00-07:00,0,0.0,63.1568603515625
2026-08-24T23:30:00-07:00,1,99.0,123.7408447265625
2026-08-24T23:30:00-07:00,2,100.0,75.75018310546875
2026-08-24T23:30:00-07:00,3,100.0,123.7388916015625
2026-08-24T23:31:00-07:00,0,0.0,63.1568603515625
2026-08-24T23:31:00-07:00,1,92.75,123.7408447265625
2026-08-24T23:31:00-07:00,2,99.5,75.75018310546875
2026-08-24T23:31:00-07:00,3,100.0,123.7388916015625
2026-08-24T23:32:00-07:00,0,0.0,63.1568603515625
2026-08-24T23:32:00-07:00,1,93.5,123.7408447265625
2026-08-24T23:32:00-07:00,2,100.0,75.75213623046875
2026-08-24T23:32:00-07:00,3,74.75,123.7388916015625
2026-08-24T23:33:00-07:00,0,0.0,63.1568603515625
2026-08-24T23:33:00-07:00,1,100.0,123.7408447265625
2026-08-24T23:33:00-07:00,2,100.0,85.62078857421875
2026-08-24T23:33:00-07:00,3,0.0,123.7388916015625
2026-08-24T23:34:00-07:00,0,0.0,63.1568603515625
2026-08-24T23:34:00-07:00,1,75.0,123.7408447265625
2026-08-24T23:34:00-07:00,2,100.0,88.91033935546875
2026-08-24T23:34:00-07:00,3,0.0,123.7388916015625
2026-08-24T23:35:00-07:00,0,0.0,63.1568603515625
2026-08-24T23:35:00-07:00,1,75.0,123.7408447265625
2026-08-24T23:35:00-07:00,2,100.0,88.91033935546875
2026-08-24T23:35:00-07:00,3,1.25,123.7388916015625
2026-08-24T23:36:00-07:00,0,0.0,63.1568603515625
2026-08-24T23:36:00-07:00,1,75.0,123.7408447265625
2026-08-24T23:36:00-07:00,2,100.0,88.91033935546875
2026-08-24T23:36:00-07:00,3,1.0,123.7388916015625
2026-08-24T23:37:00-07:00,0,0.0,63.1568603515625
2026-08-24T23:37:00-07:00,1,75.0,123.7408447265625
2026-08-24T23:37:00-07:00,2,100.0,88.91033935546875
2026-08-24T23:37:00-07:00,3,0.0,123.7388916015625
2026-08-24T23:38:00-07:00,0,0.0,63.1568603515625
2026-08-24T23:38:00-07:00,1,54.0,123.7408447265625
2026-08-24T23:38:00-07:00,2,100.0,88.91033935546875
2026-08-24T23:38:00-07:00,3,0.0,123.7388916015625
2026-08-24T23:39:00-07:00,0,0.0,63.1568603515625
2026-08-24T23:39:00-07:00,1,100.0,123.7408447265625
2026-08-24T23:39:00-07:00,2,100.0,88.91033935546875
2026-08-24T23:39:00-07:00,3,0.0,123.7388916015625
2026-08-24T23:40:00-07:00,0,0.0,63.1568603515625
2026-08-24T23:40:00-07:00,1,96.0,123.7408447265625
2026-08-24T23:40:00-07:00,2,100.0,88.91033935546875
2026-08-24T23:40:00-07:00,3,19.5,123.7388916015625
2026-08-24T23:41:00-07:00,0,0.0,63.1568603515625
2026-08-24T23:41:00-07:00,1,89.5,123.7408447265625
2026-08-24T23:41:00-07:00,2,100.0,88.91033935546875
2026-08-24T23:41:00-07:00,3,86.0,123.7388916015625
2026-08-24T23:42:00-07:00,0,0.0,63.1568603515625
2026-08-24T23:42:00-07:00,1,93.75,123.7408447265625
2026-08-24T23:42:00-07:00,2,100.0,88.91033935546875
2026-08-24T23:42:00-07:00,3,89.25,123.7388916015625
2026-08-24T23:43:00-07:00,0,0.0,63.1573486328125
2026-08-24T23:43:00-07:00,1,98.5,123.7408447265625
2026-08-24T23:43:00-07:00,2,100.0,88.91033935546875
2026-08-24T23:43:00-07:00,3,91.0,123.7388916015625
2026-08-24T23:44:00-07:00,0,0.0,63.1588134765625
2026-08-24T23:44:00-07:00,1,91.25,123.7408447265625
2026-08-24T23:44:00-07:00,2,100.0,88.91033935546875
2026-08-24T23:44:00-07:00,3,81.75,123.7388916015625
2026-08-24T23:45:00-07:00,0,0.0,63.1588134765625
2026-08-24T23:45:00-07:00,1,81.0,123.7408447265625
2026-08-24T23:45:00-07:00,2,100.0,88.91033935546875
2026-08-24T23:45:00-07:00,3,80.25,123.7388916015625
2026-08-24T23:46:00-07:00,0,0.0,63.1588134765625
2026-08-24T23:46:00-07:00,1,99.0,123.7408447265625
2026-08-24T23:46:00-07:00,2,100.0,88.91033935546875
2026-08-24T23:46:00-07:00,3,94.5,123.7388916015625
2026-08-24T23:47:00-07:00,0,0.0,63.1588134765625
2026-08-24T23:47:00-07:00,1,75.25,123.7408447265625
2026-08-24T23:47:00-07:00,2,100.0,88.91033935546875
2026-08-24T23:47:00-07:00,3,83.25,123.7388916015625
2026-08-24T23:48:00-07:00,0,0.0,63.1588134765625
2026-08-24T23:48:00-07:00,1,78.25,123.7408447265625
2026-08-24T23:48:00-07:00,2,100.0,88.91033935546875
2026-08-24T23:48:00-07:00,3,83.25,123.7388916015625
2026-08-24T23:49:00-07:00,0,0.0,63.1588134765625
2026-08-24T23:49:00-07:00,1,78.25,123.7408447265625
2026-08-24T23:49:00-07:00,2,100.0,88.91033935546875
2026-08-24T23:49:00-07:00,3,82.5,123.7388916015625
2026-08-24T23:50:00-07:00,0,0.0,63.1588134765625
2026-08-24T23:50:00-07:00,1,78.75,123.7408447265625
2026-08-24T23:50:00-07:00,2,100.0,88.91033935546875
2026-08-24T23:50:00-07:00,3,82.75,123.7388916015625
2026-08-24T23:51:00-07:00,0,0.0,63.1588134765625
2026-08-24T23:51:00-07:00,1,93.75,123.7408447265625
2026-08-24T23:51:00-07:00,2,100.0,88.91033935546875
2026-08-24T23:51:00-07:00,3,94.5,123.7388916015625
2026-08-24T23:52:00-07:00,0,0.0,63.1588134765625
2026-08-24T23:52:00-07:00,1,100.0,123.7408447265625
2026-08-24T23:52:00-07:00,2,100.0,88.91033935546875
2026-08-24T23:52:00-07:00,3,100.0,123.7388916015625
2026-08-24T23:53:00-07:00,0,0.0,63.1588134765625
2026-08-24T23:53:00-07:00,1,92.25,123.7408447265625
2026-08-24T23:53:00-07:00,2,100.0,102.10955810546875
2026-08-24T23:53:00-07:00,3,90.25,123.7388916015625
2026-08-24T23:54:00-07:00,0,0.0,44.73541259765625
2026-08-24T23:54:00-07:00,1,83.0,123.22955322265625
2026-08-24T23:54:00-07:00,2,100.0,101.5982666015625
2026-08-24T23:54:00-07:00,3,80.5,123.22760009765625
2026-08-24T23:55:00-07:00,0,0.0,44.73541259765625
2026-08-24T23:55:00-07:00,1,98.5,123.22955322265625
2026-08-24T23:55:00-07:00,2,100.0,101.5982666015625
2026-08-24T23:55:00-07:00,3,96.0,123.22760009765625
2026-08-24T23:56:00-07:00,0,0.0,44.73541259765625
2026-08-24T23:56:00-07:00,1,100.0,123.22955322265625
2026-08-24T23:56:00-07:00,2,100.0,101.5982666015625
2026-08-24T23:56:00-07:00,3,100.0,123.22760009765625
2026-08-24T23:57:00-07:00,0,0.0,44.73541259765625
2026-08-24T23:57:00-07:00,1,100.0,123.22955322265625
2026-08-24T23:57:00-07:00,2,100.0,101.5982666015625
2026-08-24T23:57:00-07:00,3,100.0,123.22760009765625
2026-08-24T23:58:00-07:00,0,0.0,44.73541259765625
2026-08-24T23:58:00-07:00,1,76.0,123.22955322265625
2026-08-24T23:58:00-07:00,2,100.0,101.5982666015625
2026-08-24T23:58:00-07:00,3,75.5,123.22760009765625
2026-08-24T23:59:00-07:00,0,0.0,44.73541259765625
2026-08-24T23:59:00-07:00,1,100.0,123.22955322265625
2026-08-24T23:59:00-07:00,2,100.0,101.5982666015625
2026-08-24T23:59:00-07:00,3,0.0,123.22760009765625
2026-08-25T00:00:00-07:00,0,0.0,44.73541259765625
2026-08-25T00:00:00-07:00,1,75.0,123.22955322265625
2026-08-25T00:00:00-07:00,2,100.0,101.5982666015625
2026-08-25T00:00:00-07:00,3,0.0,123.22760009765625
2026-08-25T00:01:00-07:00,0,0.0,44.73541259765625
2026-08-25T00:01:00-07:00,1,75.0,123.22955322265625
2026-08-25T00:01:00-07:00,2,100.0,101.5982666015625
2026-08-25T00:01:00-07:00,3,1.25,123.22760009765625
2026-08-25T00:02:00-07:00,0,0.0,44.73541259765625
2026-08-25T00:02:00-07:00,1,51.0,123.22955322265625
2026-08-25T00:02:00-07:00,2,100.0,101.5982666015625
2026-08-25T00:02:00-07:00,3,2.25,123.22760009765625
2026-08-25T00:03:00-07:00,0,0.0,44.73541259765625
2026-08-25T00:03:00-07:00,1,100.0,123.22955322265625
2026-08-25T00:03:00-07:00,2,100.0,101.5982666015625
2026-08-25T00:03:00-07:00,3,0.0,123.22760009765625
2026-08-25T00:04:00-07:00,0,0.0,44.73541259765625
2026-08-25T00:04:00-07:00,1,75.0,123.22955322265625
2026-08-25T00:04:00-07:00,2,100.0,101.5982666015625
2026-08-25T00:04:00-07:00,3,1.25,123.22760009765625
2026-08-25T00:05:00-07:00,0,0.0,44.73541259765625
2026-08-25T00:05:00-07:00,1,100.0,123.22955322265625
2026-08-25T00:05:00-07:00,2,100.0,101.5982666015625
2026-08-25T00:05:00-07:00,3,1.25,123.22760009765625
2026-08-25T00:06:00-07:00,0,0.0,44.73541259765625
2026-08-25T00:06:00-07:00,1,98.5,123.22955322265625
2026-08-25T00:06:00-07:00,2,100.0,101.5982666015625
2026-08-25T00:06:00-07:00,3,50.0,123.22760009765625
2026-08-25T00:07:00-07:00,0,0.0,44.73541259765625
2026-08-25T00:07:00-07:00,1,97.5,123.22955322265625
2026-08-25T00:07:00-07:00,2,100.0,101.5982666015625
2026-08-25T00:07:00-07:00,3,95.0,123.22760009765625
2026-08-25T00:08:00-07:00,0,0.0,44.73541259765625
2026-08-25T00:08:00-07:00,1,93.25,123.22955322265625
2026-08-25T00:08:00-07:00,2,100.0,101.5982666015625
2026-08-25T00:08:00-07:00,3,94.25,123.22760009765625
2026-08-25T00:09:00-07:00,0,0.0,44.73541259765625
2026-08-25T00:09:00-07:00,1,84.25,123.22955322265625
2026-08-25T00:09:00-07:00,2,100.0,101.5982666015625
2026-08-25T00:09:00-07:00,3,82.0,123.22760009765625
2026-08-25T00:10:00-07:00,0,0.0,44.73541259765625
2026-08-25T00:10:00-07:00,1,96.0,123.22955322265625
2026-08-25T00:10:00-07:00,2,100.0,101.5982666015625
2026-08-25T00:10:00-07:00,3,98.5,123.22760009765625
2026-08-25T00:11:00-07:00,0,0.0,44.73541259765625
2026-08-25T00:11:00-07:00,1,99.0,123.22955322265625
2026-08-25T00:11:00-07:00,2,100.0,101.5982666015625
2026-08-25T00:11:00-07:00,3,98.75,123.22760009765625
2026-08-25T00:12:00-07:00,0,0.0,44.73541259765625
2026-08-25T00:12:00-07:00,1,99.0,123.22955322265625
2026-08-25T00:12:00-07:00,2,100.0,101.5982666015625
2026-08-25T00:12:00-07:00,3,100.0,123.22760009765625
2026-08-25T00:13:00-07:00,0,0.0,44.73541259765625
2026-08-25T00:13:00-07:00,1,98.0,123.22955322265625
2026-08-25T00:13:00-07:00,2,100.0,101.5982666015625
2026-08-25T00:13:00-07:00,3,100.0,123.22760009765625
2026-08-25T00:14:00-07:00,0,0.0,44.73541259765625
2026-08-25T00:14:00-07:00,1,100.0,123.22955322265625
2026-08-25T00:14:00-07:00,2,100.0,114.7974853515625
2026-08-25T00:14:00-07:00,3,100.0,123.22760009765625
2026-08-25T00:15:00-07:00,0,0.0,44.73541259765625
2026-08-25T00:15:00-07:00,1,98.5,123.22955322265625
2026-08-25T00:15:00-07:00,2,99.5,108.33692932128906
2026-08-25T00:15:00-07:00,3,100.0,123.22760009765625
2026-08-25T00:16:00-07:00,0,0.0,44.73541259765625
2026-08-25T00:16:00-07:00,1,92.5,123.22955322265625
2026-08-25T00:16:00-07:00,2,96.0,82.98362731933594
2026-08-25T00:16:00-07:00,3,87.5,123.22760009765625
2026-08-25T00:17:00-07:00,0,0.0,44.73541259765625
2026-08-25T00:17:00-07:00,1,93.0,123.22955322265625
2026-08-25T00:17:00-07:00,2,100.0,123.0240478515625
2026-08-25T00:17:00-07:00,3,84.5,123.22760009765625
2026-08-25T00:18:00-07:00,0,0.0,44.73541259765625
2026-08-25T00:18:00-07:00,1,87.75,123.22955322265625
2026-08-25T00:18:00-07:00,2,100.0,123.0240478515625
2026-08-25T00:18:00-07:00,3,87.0,123.22760009765625
2026-08-25T00:19:00-07:00,0,50.25,56.16526794433594
2026-08-25T00:19:00-07:00,1,82.0,123.22955322265625
2026-08-25T00:19:00-07:00,2,95.25,108.33518981933594
2026-08-25T00:19:00-07:00,3,85.25,123.22760009765625
2026-08-25T00:20:00-07:00,0,0.0,44.73541259765625
2026-08-25T00:20:00-07:00,1,96.25,123.22955322265625
2026-08-25T00:20:00-07:00,2,96.5,78.33784484863281
2026-08-25T00:20:00-07:00,3,90.75,123.22760009765625
2026-08-25T00:21:00-07:00,0,0.0,44.73541259765625
2026-08-25T00:21:00-07:00,1,95.25,123.22955322265625
2026-08-25T00:21:00-07:00,2,100.0,123.7252197265625
2026-08-25T00:21:00-07:00,3,89.5,123.22760009765625
2026-08-25T00:22:00-07:00,0,0.0,44.73541259765625
2026-08-25T00:22:00-07:00,1,88.0,123.22955322265625
2026-08-25T00:22:00-07:00,2,100.0,123.7252197265625
2026-08-25T00:22:00-07:00,3,90.75,123.22760009765625
2026-08-25T00:23:00-07:00,0,0.0,44.73541259765625
2026-08-25T00:23:00-07:00,1,97.0,123.22955322265625
2026-08-25T00:23:00-07:00,2,100.0,123.7252197265625
2026-08-25T00:23:00-07:00,3,93.5,123.22760009765625
2026-08-25T00:24:00-07:00,0,0.0,44.73541259765625
2026-08-25T00:24:00-07:00,1,45.75,123.22955322265625
2026-08-25T00:24:00-07:00,2,100.0,123.7252197265625
2026-08-25T00:24:00-07:00,3,23.0,123.22760009765625
2026-08-25T00:25:00-07:00,0,0.0,44.73541259765625
2026-08-25T00:25:00-07:00,1,100.0,123.22955322265625
2026-08-25T00:25:00-07:00,2,100.0,123.7252197265625
2026-08-25T00:25:00-07:00,3,0.0,123.22760009765625
2026-08-25T00:26:00-07:00,0,0.0,44.73541259765625
2026-08-25T00:26:00-07:00,1,75.0,123.22955322265625
2026-08-25T00:26:00-07:00,2,100.0,123.7252197265625
2026-08-25T00:26:00-07:00,3,2.0,123.22760009765625
2026-08-25T00:27:00-07:00,0,0.0,44.73541259765625
2026-08-25T00:27:00-07:00,1,75.0,123.22955322265625
2026-08-25T00:27:00-07:00,2,100.0,123.7252197265625
2026-08-25T00:27:00-07:00,3,2.0,123.22760009765625
2026-08-25T00:28:00-07:00,0,0.0,44.73541259765625
2026-08-25T00:28:00-07:00,1,76.25,123.22955322265625
2026-08-25T00:28:00-07:00,2,100.0,123.7252197265625
2026-08-25T00:28:00-07:00,3,10.75,123.22760009765625
2026-08-25T00:29:00-07:00,0,0.0,44.73541259765625
2026-08-25T00:29:00-07:00,1,75.0,123.22955322265625
2026-08-25T00:29:00-07:00,2,100.0,123.7252197265625
2026-08-25T00:29:00-07:00,3,2.0,123.22760009765625
2026-08-25T00:30:00-07:00,0,0.0,44.73541259765625
2026-08-25T00:30:00-07:00,1,75.0,123.22955322265625
2026-08-25T00:30:00-07:00,2,100.0,59.46002197265625
2026-08-25T00:30:00-07:00,3,1.0,123.22760009765625
2026-08-25T00:31:00-07:00,0,0.0,44.73541259765625
2026-08-25T00:31:00-07:00,1,100.0,123.22955322265625
2026-08-25T00:31:00-07:00,2,100.0,59.46002197265625
2026-08-25T00:31:00-07:00,3,1.25,123.22760009765625
2026-08-25T00:32:00-07:00,0,0.0,44.73541259765625
2026-08-25T00:32:00-07:00,1,96.75,123.22955322265625
2026-08-25T00:32:00-07:00,2,100.0,59.46002197265625
2026-08-25T00:32:00-07:00,3,42.0,123.22760009765625
2026-08-25T00:33:00-07:00,0,0.0,44.73541259765625
2026-08-25T00:33:00-07:00,1,95.25,123.22955322265625
2026-08-25T00:33:00-07:00,2,100.0,59.46002197265625
2026-08-25T00:33:00-07:00,3,93.75,123.22760009765625
2026-08-25T00:34:00-07:00,0,0.0,44.73541259765625
2026-08-25T00:34:00-07:00,1,97.0,123.22955322265625
2026-08-25T00:34:00-07:00,2,100.0,59.46002197265625
2026-08-25T00:34:00-07:00,3,99.0,123.22760009765625
2026-08-25T00:35:00-07:00,0,0.0,44.73541259765625
2026-08-25T00:35:00-07:00,1,86.0,123.22955322265625
2026-08-25T00:35:00-07:00,2,100.0,59.46002197265625
2026-08-25T00:35:00-07:00,3,85.0,123.22760009765625
2026-08-25T00:36:00-07:00,0,0.0,44.73541259765625
2026-08-25T00:36:00-07:00,1,79.5,123.22955322265625
2026-08-25T00:36:00-07:00,2,100.0,59.46002197265625
2026-08-25T00:36:00-07:00,3,80.0,123.22760009765625
2026-08-25T00:37:00-07:00,0,0.0,44.73541259765625
2026-08-25T00:37:00-07:00,1,79.25,123.22955322265625
2026-08-25T00:37:00-07:00,2,100.0,59.46002197265625
2026-08-25T00:37:00-07:00,3,75.5,123.22760009765625
2026-08-25T00:38:00-07:00,0,0.0,44.73541259765625
2026-08-25T00:38:00-07:00,1,100.0,123.22955322265625
2026-08-25T00:38:00-07:00,2,100.0,59.46002197265625
2026-08-25T00:38:00-07:00,3,100.0,123.22760009765625
2026-08-25T00:39:00-07:00,0,0.0,44.73541259765625
2026-08-25T00:39:00-07:00,1,94.25,123.22955322265625
2026-08-25T00:39:00-07:00,2,100.0,59.46002197265625
2026-08-25T00:39:00-07:00,3,90.25,123.22760009765625
2026-08-25T00:40:00-07:00,0,0.0,44.73541259765625
2026-08-25T00:40:00-07:00,1,96.5,123.22955322265625
2026-08-25T00:40:00-07:00,2,100.0,59.46002197265625
2026-08-25T00:40:00-07:00,3,95.75,123.22760009765625
2026-08-25T00:41:00-07:00,0,0.0,44.73541259765625
2026-08-25T00:41:00-07:00,1,100.0,123.22955322265625
2026-08-25T00:41:00-07:00,2,100.0,59.46002197265625
2026-08-25T00:41:00-07:00,3,100.0,123.22760009765625
2026-08-25T00:42:00-07:00,0,0.0,44.73541259765625
2026-08-25T00:42:00-07:00,1,100.0,123.22955322265625
2026-08-25T00:42:00-07:00,2,100.0,59.46002197265625
2026-08-25T00:42:00-07:00,3,100.0,123.22760009765625
2026-08-25T00:43:00-07:00,0,0.0,44.73541259765625
2026-08-25T00:43:00-07:00,1,90.0,123.22955322265625
2026-08-25T00:43:00-07:00,2,100.0,59.46002197265625
2026-08-25T00:43:00-07:00,3,88.5,123.22760009765625
2026-08-25T00:44:00-07:00,0,0.0,44.73541259765625
2026-08-25T00:44:00-07:00,1,100.0,123.22955322265625
2026-08-25T00:44:00-07:00,2,100.0,59.46002197265625
2026-08-25T00:44:00-07:00,3,100.0,123.22760009765625
2026-08-25T00:45:00-07:00,0,0.0,44.73541259765625
2026-08-25T00:45:00-07:00,1,90.0,123.22955322265625
2026-08-25T00:45:00-07:00,2,100.0,59.46002197265625
2026-08-25T00:45:00-07:00,3,89.75,123.22760009765625
2026-08-25T00:46:00-07:00,0,0.0,44.73541259765625
2026-08-25T00:46:00-07:00,1,89.75,123.22955322265625
2026-08-25T00:46:00-07:00,2,100.0,59.46002197265625
2026-08-25T00:46:00-07:00,3,89.5,123.22760009765625
2026-08-25T00:47:00-07:00,0,0.0,44.73541259765625
2026-08-25T00:47:00-07:00,1,83.75,123.22955322265625
2026-08-25T00:47:00-07:00,2,100.0,59.46002197265625
2026-08-25T00:47:00-07:00,3,82.25,123.22760009765625
2026-08-25T00:48:00-07:00,0,0.0,44.73541259765625
2026-08-25T00:48:00-07:00,1,86.75,123.22955322265625
2026-08-25T00:48:00-07:00,2,100.0,59.46002197265625
2026-08-25T00:48:00-07:00,3,82.75,123.22760009765625
2026-08-25T00:49:00-07:00,0,0.0,44.73541259765625
2026-08-25T00:49:00-07:00,1,96.5,123.22955322265625
2026-08-25T00:49:00-07:00,2,100.0,59.46002197265625
2026-08-25T00:49:00-07:00,3,98.75,123.22760009765625
2026-08-25T00:50:00-07:00,0,0.0,44.73541259765625
2026-08-25T00:50:00-07:00,1,70.75,123.22955322265625
2026-08-25T00:50:00-07:00,2,100.0,59.46002197265625
2026-08-25T00:50:00-07:00,3,43.0,123.22760009765625
2026-08-25T00:51:00-07:00,0,0.0,44.73541259765625
2026-08-25T00:51:00-07:00,1,100.0,123.22955322265625
2026-08-25T00:51:00-07:00,2,100.0,59.46002197265625
2026-08-25T00:51:00-07:00,3,2.0,123.22760009765625
2026-08-25T00:52:00-07:00,0,0.0,44.73541259765625
2026-08-25T00:52:00-07:00,1,100.0,123.22955322265625
2026-08-25T00:52:00-07:00,2,100.0,59.46002197265625
2026-08-25T00:52:00-07:00,3,1.25,123.22760009765625
2026-08-25T00:53:00-07:00,0,0.0,44.73541259765625
2026-08-25T00:53:00-07:00,1,77.25,123.22955322265625
2026-08-25T00:53:00-07:00,2,100.0,59.46002197265625
2026-08-25T00:53:00-07:00,3,0.0,123.22760009765625
2026-08-25T00:54:00-07:00,0,0.0,44.73541259765625
2026-08-25T00:54:00-07:00,1,76.25,123.22955322265625
2026-08-25T00:54:00-07:00,2,100.0,59.46002197265625
2026-08-25T00:54:00-07:00,3,4.75,123.22760009765625
2026-08-25T00:55:00-07:00,0,0.0,44.73541259765625
2026-08-25T00:55:00-07:00,1,100.0,123.22955322265625
2026-08-25T00:55:00-07:00,2,100.0,59.46002197265625
2026-08-25T00:55:00-07:00,3,0.0,123.22760009765625
2026-08-25T00:56:00-07:00,0,0.0,44.73541259765625
2026-08-25T00:56:00-07:00,1,100.0,123.22955322265625
2026-08-25T00:56:00-07:00,2,100.0,59.46002197265625
2026-08-25T00:56:00-07:00,3,1.25,123.22760009765625
2026-08-25T00:57:00-07:00,0,0.0,44.73541259765625
2026-08-25T00:57:00-07:00,1,100.0,123.22955322265625
2026-08-25T00:57:00-07:00,2,100.0,59.46002197265625
2026-08-25T00:57:00-07:00,3,5.25,123.22760009765625
2026-08-25T00:58:00-07:00,0,0.0,44.73541259765625
2026-08-25T00:58:00-07:00,1,96.75,123.22955322265625
2026-08-25T00:58:00-07:00,2,100.0,59.46002197265625
2026-08-25T00:58:00-07:00,3,43.0,123.22760009765625
2026-08-25T00:59:00-07:00,0,0.0,44.73541259765625
2026-08-25T00:59:00-07:00,1,98.25,123.22955322265625
2026-08-25T00:59:00-07:00,2,100.0,59.46002197265625
2026-08-25T00:59:00-07:00,3,100.0,123.22760009765625
2026-08-25T01:00:00-07:00,0,0.0,44.73541259765625
2026-08-25T01:00:00-07:00,1,94.75,123.22955322265625
2026-08-25T01:00:00-07:00,2,100.0,59.46002197265625
2026-08-25T01:00:00-07:00,3,87.75,123.22760009765625
2026-08-25T01:01:00-07:00,0,0.0,44.73541259765625
2026-08-25T01:01:00-07:00,1,99.0,123.22955322265625
2026-08-25T01:01:00-07:00,2,100.0,59.46002197265625
2026-08-25T01:01:00-07:00,3,96.75,123.22760009765625
2026-08-25T01:02:00-07:00,0,0.0,44.73541259765625
2026-08-25T01:02:00-07:00,1,100.0,123.22955322265625
2026-08-25T01:02:00-07:00,2,26.0,20.296066284179688
2026-08-25T01:02:00-07:00,3,100.0,123.22760009765625
2026-08-25T01:03:00-07:00,0,0.0,44.73541259765625
2026-08-25T01:03:00-07:00,1,98.5,123.22955322265625
2026-08-25T01:03:00-07:00,2,95.75,29.17486572265625
2026-08-25T01:03:00-07:00,3,92.25,123.22760009765625
2026-08-25T01:04:00-07:00,0,0.0,44.73541259765625
2026-08-25T01:04:00-07:00,1,84.5,123.22955322265625
2026-08-25T01:04:00-07:00,2,95.25,32.03570556640625
2026-08-25T01:04:00-07:00,3,75.75,123.22760009765625
2026-08-25T01:05:00-07:00,0,0.0,44.73541259765625
2026-08-25T01:05:00-07:00,1,82.25,123.22955322265625
2026-08-25T01:05:00-07:00,2,94.0,32.98931884765625
2026-08-25T01:05:00-07:00,3,81.5,123.22760009765625
2026-08-25T01:06:00-07:00,0,0.0,44.73541259765625
2026-08-25T01:06:00-07:00,1,94.5,123.22955322265625
2026-08-25T01:06:00-07:00,2,90.5,32.98931884765625
2026-08-25T01:06:00-07:00,3,91.0,123.22760009765625
2026-08-25T01:07:00-07:00,0,0.0,44.73541259765625
2026-08-25T01:07:00-07:00,1,95.75,123.22955322265625
2026-08-25T01:07:00-07:00,2,100.0,35.85894775390625
2026-08-25T01:07:00-07:00,3,84.75,123.22760009765625
2026-08-25T01:08:00-07:00,0,0.0,44.73541259765625
2026-08-25T01:08:00-07:00,1,100.0,123.22955322265625
2026-08-25T01:08:00-07:00,2,100.0,36.81549072265625
2026-08-25T01:08:00-07:00,3,100.0,123.22760009765625
2026-08-25T01:09:00-07:00,0,0.0,44.73541259765625
2026-08-25T01:09:00-07:00,1,100.0,123.22955322265625
2026-08-25T01:09:00-07:00,2,100.0,38.74029541015625
2026-08-25T01:09:00-07:00,3,98.75,123.22760009765625
2026-08-25T01:10:00-07:00,0,0.0,44.73541259765625
2026-08-25T01:10:00-07:00,1,98.0,123.22955322265625
2026-08-25T01:10:00-07:00,2,96.25,40.66510009765625
2026-08-25T01:10:00-07:00,3,75.0,123.22760009765625
2026-08-25T01:11:00-07:00,0,0.0,44.73541259765625
2026-08-25T01:11:00-07:00,1,97.5,123.22955322265625
2026-08-25T01:11:00-07:00,2,100.0,40.66510009765625
2026-08-25T01:11:00-07:00,3,100.0,123.22760009765625
2026-08-25T01:12:00-07:00,0,0.0,44.73541259765625
2026-08-25T01:12:00-07:00,1,100.0,123.22955322265625
2026-08-25T01:12:00-07:00,2,97.75,40.66510009765625
2026-08-25T01:12:00-07:00,3,99.0,123.22760009765625
2026-08-25T01:13:00-07:00,0,0.0,44.73541259765625
2026-08-25T01:13:00-07:00,1,99.5,123.22955322265625
2026-08-25T01:13:00-07:00,2,100.0,40.66510009765625
2026-08-25T01:13:00-07:00,3,97.25,123.22760009765625
2026-08-25T01:14:00-07:00,0,0.0,44.73541259765625
2026-08-25T01:14:00-07:00,1,91.5,123.22955322265625
2026-08-25T01:14:00-07:00,2,94.5,40.66510009765625
2026-08-25T01:14:00-07:00,3,88.25,123.22760009765625
2026-08-25T01:15:00-07:00,0,0.0,44.73541259765625
2026-08-25T01:15:00-07:00,1,81.5,123.22955322265625
2026-08-25T01:15:00-07:00,2,100.0,40.66510009765625
2026-08-25T01:15:00-07:00,3,74.25,123.22760009765625
2026-08-25T01:16:00-07:00,0,0.0,44.73541259765625
2026-08-25T01:16:00-07:00,1,89.75,123.22955322265625
2026-08-25T01:16:00-07:00,2,100.0,40.66510009765625
2026-08-25T01:16:00-07:00,3,35.25,123.22760009765625
2026-08-25T01:17:00-07:00,0,0.0,44.73541259765625
2026-08-25T01:17:00-07:00,1,50.0,123.22955322265625
2026-08-25T01:17:00-07:00,2,97.5,40.66510009765625
2026-08-25T01:17:00-07:00,3,0.0,123.22760009765625
2026-08-25T01:18:00-07:00,0,0.0,44.73541259765625
2026-08-25T01:18:00-07:00,1,65.0,123.22955322265625
2026-08-25T01:18:00-07:00,2,100.0,44.52056884765625
2026-08-25T01:18:00-07:00,3,0.0,123.22760009765625
2026-08-25T01:19:00-07:00,0,0.0,44.73541259765625
2026-08-25T01:19:00-07:00,1,91.25,123.22955322265625
2026-08-25T01:19:00-07:00,2,94.5,44.52056884765625
2026-08-25T01:19:00-07:00,3,0.0,123.22760009765625
2026-08-25T01:20:00-07:00,0,0.0,44.73541259765625
2026-08-25T01:20:00-07:00,1,51.25,123.22955322265625
2026-08-25T01:20:00-07:00,2,96.75,44.52056884765625
2026-08-25T01:20:00-07:00,3,1.0,123.22760009765625
2026-08-25T01:21:00-07:00,0,0.0,44.73541259765625
2026-08-25T01:21:00-07:00,1,30.25,123.22955322265625
2026-08-25T01:21:00-07:00,2,97.25,47.61871337890625
2026-08-25T01:21:00-07:00,3,2.75,123.22760009765625
2026-08-25T01:22:00-07:00,0,0.0,44.73541259765625
2026-08-25T01:22:00-07:00,1,75.0,123.22955322265625
2026-08-25T01:22:00-07:00,2,100.0,48.65142822265625
2026-08-25T01:22:00-07:00,3,0.0,123.22760009765625
2026-08-25T01:23:00-07:00,0,0.0,44.73541259765625
2026-08-25T01:23:00-07:00,1,100.0,123.22955322265625
2026-08-25T01:23:00-07:00,2,100.0,48.65142822265625
2026-08-25T01:23:00-07:00,3,0.0,123.22760009765625
2026-08-25T01:24:00-07:00,0,0.0,44.73541259765625
2026-08-25T01:24:00-07:00,1,93.75,123.22955322265625
2026-08-25T01:24:00-07:00,2,96.0,48.65142822265625
2026-08-25T01:24:00-07:00,3,41.25,123.22760009765625
2026-08-25T01:25:00-07:00,0,0.0,44.73541259765625
2026-08-25T01:25:00-07:00,1,79.25,123.22955322265625
2026-08-25T01:25:00-07:00,2,100.0,48.65142822265625
2026-08-25T01:25:00-07:00,3,77.25,123.22760009765625
2026-08-25T01:26:00-07:00,0,0.0,44.73541259765625
2026-08-25T01:26:00-07:00,1,87.0,123.22955322265625
2026-08-25T01:26:00-07:00,2,91.75,48.65142822265625
2026-08-25T01:26:00-07:00,3,76.25,123.22760009765625
2026-08-25T01:27:00-07:00,0,0.0,44.73541259765625
2026-08-25T01:27:00-07:00,1,82.5,123.22955322265625
2026-08-25T01:27:00-07:00,2,100.0,48.65142822265625
2026-08-25T01:27:00-07:00,3,88.0,123.22760009765625
2026-08-25T01:28:00-07:00,0,0.0,44.73541259765625
2026-08-25T01:28:00-07:00,1,96.0,123.22955322265625
2026-08-25T01:28:00-07:00,2,94.25,48.65142822265625
2026-08-25T01:28:00-07:00,3,96.75,123.22760009765625
2026-08-25T01:29:00-07:00,0,0.0,44.73541259765625
2026-08-25T01:29:00-07:00,1,95.75,123.22955322265625
2026-08-25T01:29:00-07:00,2,100.0,48.65142822265625
2026-08-25T01:29:00-07:00,3,95.75,123.22760009765625
2026-08-25T01:30:00-07:00,0,0.0,44.73541259765625
2026-08-25T01:30:00-07:00,1,80.5,123.22955322265625
2026-08-25T01:30:00-07:00,2,94.0,48.65142822265625
2026-08-25T01:30:00-07:00,3,75.0,123.22760009765625
2026-08-25T01:31:00-07:00,0,0.0,44.73541259765625
2026-08-25T01:31:00-07:00,1,80.75,123.22955322265625
2026-08-25T01:31:00-07:00,2,90.5,48.65142822265625
2026-08-25T01:31:00-07:00,3,76.25,123.22760009765625
2026-08-25T01:32:00-07:00,0,0.0,44.73541259765625
2026-08-25T01:32:00-07:00,1,74.25,123.22955322265625
2026-08-25T01:32:00-07:00,2,97.0,48.65142822265625
2026-08-25T01:32:00-07:00,3,65.0,123.22760009765625
2026-08-25T01:33:00-07:00,0,0.0,44.73541259765625
2026-08-25T01:33:00-07:00,1,97.75,123.22955322265625
2026-08-25T01:33:00-07:00,2,94.5,48.65142822265625
2026-08-25T01:33:00-07:00,3,99.0,123.22760009765625
2026-08-25T01:34:00-07:00,0,0.0,44.73541259765625
2026-08-25T01:34:00-07:00,1,100.0,123.22955322265625
2026-08-25T01:34:00-07:00,2,100.0,48.65142822265625
2026-08-25T01:34:00-07:00,3,100.0,123.22760009765625
2026-08-25T01:35:00-07:00,0,0.0,44.73541259765625
2026-08-25T01:35:00-07:00,1,90.25,123.22955322265625
2026-08-25T01:35:00-07:00,2,97.25,48.65142822265625
2026-08-25T01:35:00-07:00,3,87.25,123.22760009765625
2026-08-25T01:36:00-07:00,0,0.0,44.73541259765625
2026-08-25T01:36:00-07:00,1,95.5,123.22955322265625
2026-08-25T01:36:00-07:00,2,95.0,48.65142822265625
2026-08-25T01:36:00-07:00,3,95.5,123.22760009765625
2026-08-25T01:37:00-07:00,0,0.0,44.73541259765625
2026-08-25T01:37:00-07:00,1,96.75,123.22955322265625
2026-08-25T01:37:00-07:00,2,100.0,48.65142822265625
2026-08-25T01:37:00-07:00,3,98.75,123.22760009765625
2026-08-25T01:38:00-07:00,0,0.0,44.73541259765625
2026-08-25T01:38:00-07:00,1,84.75,123.22955322265625
2026-08-25T01:38:00-07:00,2,100.0,48.65142822265625
2026-08-25T01:38:00-07:00,3,79.0,123.22760009765625
2026-08-25T01:39:00-07:00,0,0.0,44.73541259765625
2026-08-25T01:39:00-07:00,1,94.5,123.22955322265625
2026-08-25T01:39:00-07:00,2,100.0,48.65142822265625
2026-08-25T01:39:00-07:00,3,98.75,123.22760009765625
2026-08-25T01:40:00-07:00,0,0.0,44.73541259765625
2026-08-25T01:40:00-07:00,1,97.0,123.22955322265625
2026-08-25T01:40:00-07:00,2,100.0,48.65142822265625
2026-08-25T01:40:00-07:00,3,98.5,123.22760009765625
2026-08-25T01:41:00-07:00,0,0.0,44.73541259765625
2026-08-25T01:41:00-07:00,1,80.0,123.22955322265625
2026-08-25T01:41:00-07:00,2,98.25,48.65142822265625
2026-08-25T01:41:00-07:00,3,84.25,123.22760009765625
2026-08-25T01:42:00-07:00,0,0.0,44.73541259765625
2026-08-25T01:42:00-07:00,1,72.25,123.22955322265625
2026-08-25T01:42:00-07:00,2,100.0,48.65142822265625
2026-08-25T01:42:00-07:00,3,22.0,123.22760009765625
2026-08-25T01:43:00-07:00,0,0.0,44.73541259765625
2026-08-25T01:43:00-07:00,1,100.0,123.22955322265625
2026-08-25T01:43:00-07:00,2,100.0,48.65142822265625
2026-08-25T01:43:00-07:00,3,0.0,123.22760009765625
2026-08-25T01:44:00-07:00,0,0.0,44.73541259765625
2026-08-25T01:44:00-07:00,1,53.0,123.22955322265625
2026-08-25T01:44:00-07:00,2,100.0,48.65142822265625
2026-08-25T01:44:00-07:00,3,0.0,123.22760009765625
2026-08-25T01:45:00-07:00,0,0.0,44.73541259765625
2026-08-25T01:45:00-07:00,1,75.0,123.22955322265625
2026-08-25T01:45:00-07:00,2,25.0,16.244308471679688
2026-08-25T01:45:00-07:00,3,0.0,123.22760009765625
2026-08-25T01:46:00-07:00,0,0.0,44.73541259765625
2026-08-25T01:46:00-07:00,1,76.0,123.22955322265625
2026-08-25T01:46:00-07:00,2,42.25,32.49127197265625
2026-08-25T01:46:00-07:00,3,3.25,123.22760009765625
2026-08-25T01:47:00-07:00,0,0.0,44.73541259765625
2026-08-25T01:47:00-07:00,1,25.0,123.22955322265625
2026-08-25T01:47:00-07:00,2,93.25,49.36431884765625
2026-08-25T01:47:00-07:00,3,2.0,123.22760009765625
2026-08-25T01:48:00-07:00,0,0.0,44.73541259765625
2026-08-25T01:48:00-07:00,1,100.0,123.22955322265625
2026-08-25T01:48:00-07:00,2,94.5,58.68463134765625
2026-08-25T01:48:00-07:00,3,2.0,123.22760009765625
2026-08-25T01:49:00-07:00,0,0.0,44.73541259765625
2026-08-25T01:49:00-07:00,1,100.0,123.22955322265625
2026-08-25T01:49:00-07:00,2,89.75,74.32330322265625
2026-08-25T01:49:00-07:00,3,3.5,123.22760009765625
2026-08-25T01:50:00-07:00,0,0.0,44.73541259765625
2026-08-25T01:50:00-07:00,1,100.0,123.22955322265625
2026-08-25T01:50:00-07:00,2,99.25,74.32525634765625
2026-08-25T01:50:00-07:00,3,0.0,123.22760009765625
2026-08-25T01:51:00-07:00,0,0.0,44.73541259765625
2026-08-25T01:51:00-07:00,1,75.0,123.22955322265625
2026-08-25T01:51:00-07:00,2,100.0,74.32525634765625
2026-08-25T01:51:00-07:00,3,0.0,123.22760009765625
2026-08-25T01:52:00-07:00,0,0.0,44.73541259765625
2026-08-25T01:52:00-07:00,1,76.0,123.22955322265625
2026-08-25T01:52:00-07:00,2,90.75,74.32525634765625
2026-08-25T01:52:00-07:00,3,0.0,123.22760009765625
2026-08-25T01:53:00-07:00,0,0.0,44.73541259765625
2026-08-25T01:53:00-07:00,1,75.0,123.22955322265625
2026-08-25T01:53:00-07:00,2,96.0,74.32525634765625
2026-08-25T01:53:00-07:00,3,1.5,123.22760009765625
2026-08-25T01:54:00-07:00,0,0.0,44.73541259765625
2026-08-25T01:54:00-07:00,1,75.0,123.22955322265625
2026-08-25T01:54:00-07:00,2,95.5,74.32525634765625
2026-08-25T01:54:00-07:00,3,0.0,123.22760009765625
2026-08-25T01:55:00-07:00,0,0.0,44.73541259765625
2026-08-25T01:55:00-07:00,1,76.0,123.22955322265625
2026-08-25T01:55:00-07:00,2,100.0,74.32720947265625
2026-08-25T01:55:00-07:00,3,2.25,123.22760009765625
2026-08-25T01:56:00-07:00,0,0.0,44.73541259765625
2026-08-25T01:56:00-07:00,1,75.0,123.22955322265625
2026-08-25T01:56:00-07:00,2,97.0,74.32720947265625
2026-08-25T01:56:00-07:00,3,2.0,123.22760009765625
2026-08-25T01:57:00-07:00,0,0.0,44.73541259765625
2026-08-25T01:57:00-07:00,1,75.0,123.22955322265625
2026-08-25T01:57:00-07:00,2,96.5,74.32720947265625
2026-08-25T01:57:00-07:00,3,1.0,123.22760009765625
2026-08-25T01:58:00-07:00,0,0.0,44.73541259765625
2026-08-25T01:58:00-07:00,1,100.0,123.22955322265625
2026-08-25T01:58:00-07:00,2,95.75,74.32720947265625
2026-08-25T01:58:00-07:00,3,0.0,123.22760009765625
2026-08-25T01:59:00-07:00,0,0.0,44.73541259765625
2026-08-25T01:59:00-07:00,1,100.0,123.22955322265625
2026-08-25T01:59:00-07:00,2,86.0,74.32720947265625
2026-08-25T01:59:00-07:00,3,0.0,123.22760009765625
2026-08-26T15:09:00-07:00,0,0.0,44.73541259765625
2026-08-26T15:09:00-07:00,1,94.0,42.82916259765625
2026-08-26T15:09:00-07:00,2,99.0,91.2291259765625
2026-08-26T15:09:00-07:00,3,100.0,29.08892822265625
2026-08-26T15:10:00-07:00,0,0.0,44.73541259765625
2026-08-26T15:10:00-07:00,1,94.5,42.82916259765625
2026-08-26T15:10:00-07:00,2,100.0,131.8785400390625
2026-08-26T15:10:00-07:00,3,99.75,29.08892822265625
2026-08-26T15:11:00-07:00,0,0.0,45.11888122558594
2026-08-26T15:11:00-07:00,1,94.0,43.21263122558594
2026-08-26T15:11:00-07:00,2,94.5,139.4597625732422
2026-08-26T15:11:00-07:00,3,99.75,38.77366638183594
2026-08-26T15:12:00-07:00,0,0.0,45.2467041015625
2026-08-26T15:12:00-07:00,1,87.0,43.3404541015625
2026-08-26T15:12:00-07:00,2,95.0,139.58807373046875
2026-08-26T15:12:00-07:00,3,100.0,52.8033447265625
2026-08-26T15:13:00-07:00,0,0.0,45.2467041015625
2026-08-26T15:13:00-07:00,1,94.75,43.3404541015625
2026-08-26T15:13:00-07:00,2,93.0,139.58807373046875
2026-08-26T15:13:00-07:00,3,100.0,52.8033447265625
2026-08-26T15:14:00-07:00,0,0.0,45.2467041015625
2026-08-26T15:14:00-07:00,1,96.0,43.3404541015625
2026-08-26T15:14:00-07:00,2,94.0,139.58807373046875
2026-08-26T15:14:00-07:00,3,98.5,52.8634033203125
2026-08-26T15:15:00-07:00,0,0.0,45.37501525878906
2026-08-26T15:15:00-07:00,1,93.75,43.34516906738281
2026-08-26T15:15:00-07:00,2,94.0,139.58807373046875
2026-08-26T15:15:00-07:00,3,100.0,52.8834228515625
2026-08-26T15:16:00-07:00,0,0.0,44.991058349609375
2026-08-26T15:16:00-07:00,1,69.75,39.358245849609375
2026-08-26T15:16:00-07:00,2,95.5,139.33145141601562
2026-08-26T15:16:00-07:00,3,100.0,40.986175537109375
2026-08-26T15:17:00-07:00,0,0.0,44.73541259765625
2026-08-26T15:17:00-07:00,1,39.75,45.88629150390625
2026-08-26T15:17:00-07:00,2,94.0,139.0748291015625
2026-08-26T15:17:00-07:00,3,100.0,29.08892822265625
2026-08-26T15:18:00-07:00,0,0.0,44.73541259765625
2026-08-26T15:18:00-07:00,1,86.5,51.04791259765625
2026-08-26T15:18:00-07:00,2,94.25,139.0748291015625
2026-08-26T15:18:00-07:00,3,96.0,29.08892822265625
2026-08-26T15:19:00-07:00,0,0.0,44.73541259765625
2026-08-26T15:19:00-07:00,1,0.0,0.00341796875
2026-08-26T15:19:00-07:00,2,93.5,139.0748291015625
2026-08-26T15:19:00-07:00,3,90.0,29.08892822265625
2026-08-26T15:20:00-07:00,0,0.0,44.73541259765625
2026-08-26T15:20:00-07:00,1,0.0,0.00341796875
2026-08-26T15:20:00-07:00,2,96.0,139.0748291015625
2026-08-26T15:20:00-07:00,3,95.25,29.08892822265625
2026-08-26T15:21:00-07:00,0,0.0,44.73541259765625
2026-08-26T15:21:00-07:00,1,0.0,0.00341796875
2026-08-26T15:21:00-07:00,2,93.25,139.0748291015625
2026-08-26T15:21:00-07:00,3,91.75,29.08892822265625
2026-08-26T15:22:00-07:00,0,0.0,44.73541259765625
2026-08-26T15:22:00-07:00,1,85.5,23.23638916015625
2026-08-26T15:22:00-07:00,2,92.75,139.0748291015625
2026-08-26T15:22:00-07:00,3,100.0,29.08892822265625
2026-08-26T15:23:00-07:00,0,0.0,44.73541259765625
2026-08-26T15:23:00-07:00,1,87.75,23.97564697265625
2026-08-26T15:23:00-07:00,2,93.0,139.0748291015625
2026-08-26T15:23:00-07:00,3,96.75,29.08892822265625
2026-08-26T15:24:00-07:00,0,0.0,44.73541259765625
2026-08-26T15:24:00-07:00,1,91.0,23.99029541015625
2026-08-26T15:24:00-07:00,2,96.0,139.0748291015625
2026-08-26T15:24:00-07:00,3,95.0,29.08892822265625
2026-08-26T15:25:00-07:00,0,0.0,44.73541259765625
2026-08-26T15:25:00-07:00,1,21.75,6.0111236572265625
2026-08-26T15:25:00-07:00,2,94.0,139.0748291015625
2026-08-26T15:25:00-07:00,3,99.5,29.08892822265625
2026-08-26T15:26:00-07:00,0,0.0,44.73541259765625
2026-08-26T15:26:00-07:00,1,0.0,0.00341796875
2026-08-26T15:26:00-07:00,2,94.25,139.0748291015625
2026-08-26T15:26:00-07:00,3,99.0,29.08892822265625
2026-08-26T15:27:00-07:00,0,0.0,44.73541259765625
2026-08-26T15:27:00-07:00,1,0.0,0.00341796875
2026-08-26T15:27:00-07:00,2,71.0,139.0748291015625
2026-08-26T15:27:00-07:00,3,100.0,29.08892822265625
2026-08-26T15:28:00-07:00,0,0.0,44.73541259765625
2026-08-26T15:28:00-07:00,1,0.0,0.00341796875
2026-08-26T15:28:00-07:00,2,1.0,139.0748291015625
2026-08-26T15:28:00-07:00,3,91.75,29.08892822265625
2026-08-26T15:29:00-07:00,0,0.0,44.73541259765625
2026-08-26T15:29:00-07:00,1,0.0,0.00341796875
2026-08-26T15:29:00-07:00,2,0.0,139.0748291015625
2026-08-26T15:29:00-07:00,3,97.0,29.08892822265625
2026-08-26T15:30:00-07:00,0,0.0,44.86372375488281
2026-08-26T15:30:00-07:00,1,0.75,0.1317291259765625
2026-08-26T15:30:00-07:00,2,2.0,139.07940673828125
2026-08-26T15:30:00-07:00,3,93.5,29.08892822265625
2026-08-26T15:31:00-07:00,0,0.0,44.73541259765625
2026-08-26T15:31:00-07:00,1,0.0,0.00341796875
2026-08-26T15:31:00-07:00,2,4.75,139.0748291015625
2026-08-26T15:31:00-07:00,3,94.5,29.08892822265625
2026-08-26T15:32:00-07:00,0,0.0,44.73541259765625
2026-08-26T15:32:00-07:00,1,0.0,0.00341796875
2026-08-26T15:32:00-07:00,2,0.0,139.0748291015625
2026-08-26T15:32:00-07:00,3,94.0,29.08892822265625
2026-08-26T15:33:00-07:00,0,0.0,44.73541259765625
2026-08-26T15:33:00-07:00,1,0.0,0.00341796875
2026-08-26T15:33:00-07:00,2,94.0,139.0748291015625
2026-08-26T15:33:00-07:00,3,99.5,29.08892822265625
2026-08-26T15:34:00-07:00,0,0.0,44.73541259765625
2026-08-26T15:34:00-07:00,1,0.0,0.00341796875
2026-08-26T15:34:00-07:00,2,95.5,139.0748291015625
2026-08-26T15:34:00-07:00,3,99.75,29.08892822265625
2026-08-26T15:35:00-07:00,0,0.0,44.73541259765625
2026-08-26T15:35:00-07:00,1,0.0,0.00341796875
2026-08-26T15:35:00-07:00,2,91.5,139.0748291015625
2026-08-26T15:35:00-07:00,3,99.75,29.08892822265625
2026-08-26T15:36:00-07:00,0,0.0,44.73541259765625
2026-08-26T15:36:00-07:00,1,0.0,0.00341796875
2026-08-26T15:36:00-07:00,2,94.5,139.0748291015625
2026-08-26T15:36:00-07:00,3,92.25,29.08892822265625
2026-08-26T15:37:00-07:00,0,0.0,44.73541259765625
2026-08-26T15:37:00-07:00,1,0.0,0.00341796875
2026-08-26T15:37:00-07:00,2,94.75,139.0748291015625
2026-08-26T15:37:00-07:00,3,95.5,29.08892822265625
2026-08-26T15:38:00-07:00,0,0.0,44.73541259765625
2026-08-26T15:38:00-07:00,1,0.0,0.00341796875
2026-08-26T15:38:00-07:00,2,96.0,139.0748291015625
2026-08-26T15:38:00-07:00,3,95.25,29.08892822265625
2026-08-26T15:39:00-07:00,0,0.0,44.73541259765625
2026-08-26T15:39:00-07:00,1,0.0,0.00341796875
2026-08-26T15:39:00-07:00,2,93.0,139.0748291015625
2026-08-26T15:39:00-07:00,3,91.0,29.08892822265625
2026-08-26T15:40:00-07:00,0,0.0,44.73541259765625
2026-08-26T15:40:00-07:00,1,0.0,0.00341796875
2026-08-26T15:40:00-07:00,2,94.25,139.0748291015625
2026-08-26T15:40:00-07:00,3,96.75,29.08892822265625
2026-08-26T15:41:00-07:00,0,0.0,44.73541259765625
2026-08-26T15:41:00-07:00,1,0.0,0.00341796875
2026-08-26T15:41:00-07:00,2,94.25,139.0758056640625
2026-08-26T15:41:00-07:00,3,100.0,29.08892822265625
2026-08-26T15:42:00-07:00,0,0.0,44.73541259765625
2026-08-26T15:42:00-07:00,1,0.0,0.00341796875
2026-08-26T15:42:00-07:00,2,97.0,139.0787353515625
2026-08-26T15:42:00-07:00,3,99.75,29.08892822265625
2026-08-26T15:43:00-07:00,0,0.0,44.73541259765625
2026-08-26T15:43:00-07:00,1,0.0,0.00341796875
2026-08-26T15:43:00-07:00,2,76.0,139.0787353515625
2026-08-26T15:43:00-07:00,3,96.25,29.08892822265625
2026-08-26T15:44:00-07:00,0,0.0,44.73541259765625
2026-08-26T15:44:00-07:00,1,0.0,0.00341796875
2026-08-26T15:44:00-07:00,2,48.0,139.0806884765625
2026-08-26T15:44:00-07:00,3,92.25,29.08892822265625
2026-08-26T15:45:00-07:00,0,0.0,44.86372375488281
2026-08-26T15:45:00-07:00,1,1.0,0.366973876953125
2026-08-26T15:45:00-07:00,2,91.5,139.08546447753906
2026-08-26T15:45:00-07:00,3,94.75,29.08892822265625
2026-08-26T15:46:00-07:00,0,0.0,44.73541259765625
2026-08-26T15:46:00-07:00,1,75.25,23.86431884765625
2026-08-26T15:46:00-07:00,2,84.0,139.0806884765625
2026-08-26T15:46:00-07:00,3,95.0,29.08892822265625
2026-08-26T15:47:00-07:00,0,0.0,44.73541259765625
2026-08-26T15:47:00-07:00,1,91.75,29.22174072265625
2026-08-26T15:47:00-07:00,2,93.75,139.0806884765625
2026-08-26T15:47:00-07:00,3,90.5,29.08892822265625
2026-08-26T15:48:00-07:00,0,0.0,44.73541259765625
2026-08-26T15:48:00-07:00,1,98.25,29.22174072265625
2026-08-26T15:48:00-07:00,2,70.5,139.0806884765625
2026-08-26T15:48:00-07:00,3,91.25,29.08892822265625
2026-08-26T15:49:00-07:00,0,74.5,66.64915466308594
2026-08-26T15:49:00-07:00,1,91.0,29.22174072265625
2026-08-26T15:49:00-07:00,2,93.5,139.0821533203125
2026-08-26T15:49:00-07:00,3,95.25,29.08892822265625
2026-08-26T15:50:00-07:00,0,96.0,73.9537353515625
2026-08-26T15:50:00-07:00,1,99.25,29.22174072265625
2026-08-26T15:50:00-07:00,2,70.75,139.0826416015625
2026-08-26T15:50:00-07:00,3,93.25,29.08892822265625
2026-08-26T15:51:00-07:00,0,99.75,73.9537353515625
2026-08-26T15:51:00-07:00,1,87.75,29.22174072265625
2026-08-26T15:51:00-07:00,2,68.5,139.0826416015625
2026-08-26T15:51:00-07:00,3,96.25,29.08892822265625
2026-08-26T15:52:00-07:00,0,100.0,73.9537353515625
2026-08-26T15:52:00-07:00,1,95.75,29.22174072265625
2026-08-26T15:52:00-07:00,2,1.25,139.0826416015625
2026-08-26T15:52:00-07:00,3,97.25,29.08892822265625
2026-08-26T15:53:00-07:00,0,91.75,73.9537353515625
2026-08-26T15:53:00-07:00,1,97.0,29.22174072265625
2026-08-26T15:53:00-07:00,2,1.0,139.0826416015625
2026-08-26T15:53:00-07:00,3,97.75,29.08892822265625
2026-08-26T15:54:00-07:00,0,99.75,73.9537353515625
2026-08-26T15:54:00-07:00,1,25.0,7.3079986572265625
2026-08-26T15:54:00-07:00,2,2.5,139.0826416015625
2026-08-26T15:54:00-07:00,3,96.5,32.43208312988281
2026-08-26T15:55:00-07:00,0,95.75,73.9537353515625
2026-08-26T15:55:00-07:00,1,0.0,0.00341796875
2026-08-26T15:55:00-07:00,2,1.0,139.0826416015625
2026-08-26T15:55:00-07:00,3,89.25,29.08892822265625
2026-08-26T15:56:00-07:00,0,95.5,73.9537353515625
2026-08-26T15:56:00-07:00,1,0.0,0.00341796875
2026-08-26T15:56:00-07:00,2,0.0,139.0826416015625
2026-08-26T15:56:00-07:00,3,99.75,29.08892822265625
2026-08-26T15:57:00-07:00,0,49.75,59.344573974609375
2026-08-26T15:57:00-07:00,1,0.0,0.00341796875
2026-08-26T15:57:00-07:00,2,91.75,139.0826416015625
2026-08-26T15:57:00-07:00,3,98.0,29.08892822265625
2026-08-26T15:58:00-07:00,0,0.0,44.73541259765625
2026-08-26T15:58:00-07:00,1,0.0,0.00341796875
2026-08-26T15:58:00-07:00,2,90.5,139.0826416015625
2026-08-26T15:58:00-07:00,3,95.75,29.08892822265625
2026-08-26T15:59:00-07:00,0,0.0,44.73541259765625
2026-08-26T15:59:00-07:00,1,0.0,0.00341796875
2026-08-26T15:59:00-07:00,2,71.0,139.0826416015625
2026-08-26T15:59:00-07:00,3,100.0,29.08892822265625
2026-08-26T16:00:00-07:00,0,0.0,44.86372375488281
2026-08-26T16:00:00-07:00,1,0.0,0.1317291259765625
2026-08-26T16:00:00-07:00,2,93.75,139.21144104003906
2026-08-26T16:00:00-07:00,3,89.0,29.098587036132812
2026-08-26T16:01:00-07:00,0,0.0,44.73541259765625
2026-08-26T16:01:00-07:00,1,0.0,0.00341796875
2026-08-26T16:01:00-07:00,2,71.25,139.0836181640625
2026-08-26T16:01:00-07:00,3,99.75,29.08892822265625
2026-08-26T16:02:00-07:00,0,0.0,44.73541259765625
2026-08-26T16:02:00-07:00,1,0.0,0.00341796875
2026-08-26T16:02:00-07:00,2,92.25,139.0845947265625
2026-08-26T16:02:00-07:00,3,78.75,29.08892822265625
2026-08-26T16:03:00-07:00,0,0.0,44.73541259765625
2026-08-26T16:03:00-07:00,1,0.0,0.00341796875
2026-08-26T16:03:00-07:00,2,94.75,139.0845947265625
2026-08-26T16:03:00-07:00,3,99.5,29.08892822265625
2026-08-26T16:04:00-07:00,0,0.0,44.73541259765625
2026-08-26T16:04:00-07:00,1,0.0,0.00341796875
2026-08-26T16:04:00-07:00,2,93.25,139.0845947265625
2026-08-26T16:04:00-07:00,3,96.75,29.08892822265625
2026-08-26T16:05:00-07:00,0,0.0,44.73541259765625
2026-08-26T16:05:00-07:00,1,0.0,0.00341796875
2026-08-26T16:05:00-07:00,2,69.0,139.0845947265625
2026-08-26T16:05:00-07:00,3,95.75,29.08892822265625
2026-08-26T16:06:00-07:00,0,0.0,44.73541259765625
2026-08-26T16:06:00-07:00,1,0.0,0.00341796875
2026-08-26T16:06:00-07:00,2,95.5,139.0845947265625
2026-08-26T16:06:00-07:00,3,97.25,29.08892822265625
2026-08-26T16:07:00-07:00,0,0.0,44.73541259765625
2026-08-26T16:07:00-07:00,1,0.0,0.00341796875
2026-08-26T16:07:00-07:00,2,92.25,139.0845947265625
2026-08-26T16:07:00-07:00,3,99.75,29.08892822265625
2026-08-26T16:08:00-07:00,0,0.0,44.73541259765625
2026-08-26T16:08:00-07:00,1,0.0,0.00341796875
2026-08-26T16:08:00-07:00,2,94.25,139.0845947265625
2026-08-26T16:08:00-07:00,3,99.75,29.08892822265625
2026-08-26T16:09:00-07:00,0,0.0,44.73541259765625
2026-08-26T16:09:00-07:00,1,0.0,0.00341796875
2026-08-26T16:09:00-07:00,2,94.25,139.0845947265625
2026-08-26T16:09:00-07:00,3,93.5,29.08892822265625
2026-08-26T16:10:00-07:00,0,0.0,44.73541259765625
2026-08-26T16:10:00-07:00,1,0.0,0.00341796875
2026-08-26T16:10:00-07:00,2,91.75,139.0845947265625
2026-08-26T16:10:00-07:00,3,97.0,29.08892822265625
2026-08-26T16:11:00-07:00,0,0.0,44.73541259765625
2026-08-26T16:11:00-07:00,1,0.0,0.00341796875
2026-08-26T16:11:00-07:00,2,95.5,139.0855712890625
2026-08-26T16:11:00-07:00,3,94.25,29.08892822265625
2026-08-26T16:12:00-07:00,0,0.0,44.73541259765625
2026-08-26T16:12:00-07:00,1,0.0,0.00341796875
2026-08-26T16:12:00-07:00,2,94.25,139.0865478515625
2026-08-26T16:12:00-07:00,3,95.25,29.08892822265625
2026-08-26T16:13:00-07:00,0,0.0,44.73541259765625
2026-08-26T16:13:00-07:00,1,0.0,0.00341796875
2026-08-26T16:13:00-07:00,2,91.5,139.0865478515625
2026-08-26T16:13:00-07:00,3,99.75,29.08892822265625
2026-08-26T16:14:00-07:00,0,0.0,44.73541259765625
2026-08-26T16:14:00-07:00,1,0.0,0.00341796875
2026-08-26T16:14:00-07:00,2,91.25,139.0865478515625
2026-08-26T16:14:00-07:00,3,100.0,29.08892822265625
2026-08-26T16:15:00-07:00,0,0.0,44.86372375488281
2026-08-26T16:15:00-07:00,1,0.0,0.00341796875
2026-08-26T16:15:00-07:00,2,1.0,139.0865478515625
2026-08-26T16:15:00-07:00,3,100.0,29.08892822265625
2026-08-26T16:16:00-07:00,0,0.0,44.73541259765625
2026-08-26T16:16:00-07:00,1,0.0,0.00341796875
2026-08-26T16:16:00-07:00,2,0.75,139.0865478515625
2026-08-26T16:16:00-07:00,3,100.0,29.08892822265625
2026-08-26T16:17:00-07:00,0,0.0,44.73541259765625
2026-08-26T16:17:00-07:00,1,0.0,0.00341796875
2026-08-26T16:17:00-07:00,2,2.5,139.0865478515625
2026-08-26T16:17:00-07:00,3,96.0,29.08892822265625
2026-08-26T16:18:00-07:00,0,0.0,44.73541259765625
2026-08-26T16:18:00-07:00,1,0.0,0.00341796875
2026-08-26T16:18:00-07:00,2,1.0,139.0865478515625
2026-08-26T16:18:00-07:00,3,94.75,29.08892822265625
2026-08-26T16:19:00-07:00,0,0.0,44.73541259765625
2026-08-26T16:19:00-07:00,1,0.0,0.00341796875
2026-08-26T16:19:00-07:00,2,1.0,139.0865478515625
2026-08-26T16:19:00-07:00,3,95.25,29.08892822265625
2026-08-26T16:20:00-07:00,0,0.0,44.73541259765625
2026-08-26T16:20:00-07:00,1,0.0,0.00341796875
2026-08-26T16:20:00-07:00,2,45.5,139.0865478515625
2026-08-26T16:20:00-07:00,3,96.0,29.08892822265625
2026-08-26T16:21:00-07:00,0,0.0,44.73541259765625
2026-08-26T16:21:00-07:00,1,0.0,0.00341796875
2026-08-26T16:21:00-07:00,2,93.25,139.0865478515625
2026-08-26T16:21:00-07:00,3,97.0,29.08892822265625
2026-08-26T16:22:00-07:00,0,0.0,44.73541259765625
2026-08-26T16:22:00-07:00,1,0.0,0.00341796875
2026-08-26T16:22:00-07:00,2,91.5,139.0865478515625
2026-08-26T16:22:00-07:00,3,100.0,29.08892822265625
2026-08-26T16:23:00-07:00,0,0.0,44.73541259765625
2026-08-26T16:23:00-07:00,1,0.0,0.00341796875
2026-08-26T16:23:00-07:00,2,91.5,139.0865478515625
2026-08-26T16:23:00-07:00,3,100.0,29.08892822265625
2026-08-26T16:24:00-07:00,0,0.0,44.73541259765625
2026-08-26T16:24:00-07:00,1,0.0,0.00341796875
2026-08-26T16:24:00-07:00,2,92.5,139.0865478515625
2026-08-26T16:24:00-07:00,3,99.5,29.08892822265625
2026-08-26T16:25:00-07:00,0,0.0,44.73541259765625
2026-08-26T16:25:00-07:00,1,0.0,0.00341796875
2026-08-26T16:25:00-07:00,2,93.75,139.0865478515625
2026-08-26T16:25:00-07:00,3,92.25,29.08892822265625
2026-08-26T16:26:00-07:00,0,0.0,44.73541259765625
2026-08-26T16:26:00-07:00,1,0.0,0.00341796875
2026-08-26T16:26:00-07:00,2,98.5,139.0865478515625
2026-08-26T16:26:00-07:00,3,86.5,29.08892822265625
2026-08-26T16:27:00-07:00,0,0.0,44.73541259765625
2026-08-26T16:27:00-07:00,1,0.0,0.00341796875
2026-08-26T16:27:00-07:00,2,92.75,139.0865478515625
2026-08-26T16:27:00-07:00,3,92.0,29.08892822265625
2026-08-26T16:28:00-07:00,0,0.0,44.73541259765625
2026-08-26T16:28:00-07:00,1,0.0,0.00341796875
2026-08-26T16:28:00-07:00,2,93.25,139.0865478515625
2026-08-26T16:28:00-07:00,3,90.0,29.08892822265625
2026-08-26T16:29:00-07:00,0,0.0,44.73541259765625
2026-08-26T16:29:00-07:00,1,0.0,0.00341796875
2026-08-26T16:29:00-07:00,2,70.25,139.0865478515625
2026-08-26T16:29:00-07:00,3,100.0,29.08892822265625
2026-08-26T16:30:00-07:00,0,0.0,44.86372375488281
2026-08-26T16:30:00-07:00,1,0.0,0.0081939697265625
2026-08-26T16:30:00-07:00,2,93.0,139.0865478515625
2026-08-26T16:30:00-07:00,3,99.5,29.08892822265625
2026-08-26T16:31:00-07:00,0,0.0,44.73541259765625
2026-08-26T16:31:00-07:00,1,0.0,0.00341796875
2026-08-26T16:31:00-07:00,2,91.75,139.0865478515625
2026-08-26T16:31:00-07:00,3,90.75,29.08892822265625
2026-08-26T16:32:00-07:00,0,0.0,44.73541259765625
2026-08-26T16:32:00-07:00,1,0.0,0.00341796875
2026-08-26T16:32:00-07:00,2,95.75,139.0865478515625
2026-08-26T16:32:00-07:00,3,99.75,29.08892822265625
2026-08-26T16:33:00-07:00,0,0.0,44.73541259765625
2026-08-26T16:33:00-07:00,1,0.25,2.371368408203125
2026-08-26T16:33:00-07:00,2,91.5,139.0865478515625
2026-08-26T16:33:00-07:00,3,97.25,29.08892822265625
2026-08-26T16:34:00-07:00,0,0.0,44.73541259765625
2026-08-26T16:34:00-07:00,1,96.5,29.22174072265625
2026-08-26T16:34:00-07:00,2,95.0,139.0880126953125
2026-08-26T16:34:00-07:00,3,100.0,29.08892822265625
2026-08-26T16:35:00-07:00,0,0.0,44.73541259765625
2026-08-26T16:35:00-07:00,1,99.5,29.22174072265625
2026-08-26T16:35:00-07:00,2,68.25,139.0885009765625
2026-08-26T16:35:00-07:00,3,99.75,29.08892822265625
2026-08-26T16:36:00-07:00,0,0.0,44.73541259765625
2026-08-26T16:36:00-07:00,1,99.0,29.22174072265625
2026-08-26T16:36:00-07:00,2,93.5,139.0885009765625
2026-08-26T16:36:00-07:00,3,100.0,29.08892822265625
2026-08-26T16:37:00-07:00,0,0.0,44.73541259765625
2026-08-26T16:37:00-07:00,1,96.5,29.22174072265625
2026-08-26T16:37:00-07:00,2,68.5,139.0885009765625
2026-08-26T16:37:00-07:00,3,99.5,29.08892822265625
2026-08-26T16:38:00-07:00,0,0.0,44.73541259765625
2026-08-26T16:38:00-07:00,1,93.5,29.22174072265625
2026-08-26T16:38:00-07:00,2,1.25,139.0885009765625
2026-08-26T16:38:00-07:00,3,95.5,29.08892822265625
2026-08-26T16:39:00-07:00,0,0.0,44.73541259765625
2026-08-26T16:39:00-07:00,1,89.5,29.22174072265625
2026-08-26T16:39:00-07:00,2,1.0,139.0885009765625
2026-08-26T16:39:00-07:00,3,100.0,29.08892822265625
2026-08-26T16:40:00-07:00,0,0.0,44.73541259765625
2026-08-26T16:40:00-07:00,1,99.75,29.22174072265625
2026-08-26T16:40:00-07:00,2,27.0,139.0885009765625
2026-08-26T16:40:00-07:00,3,90.75,29.08892822265625
2026-08-26T16:41:00-07:00,0,0.0,44.73541259765625
2026-08-26T16:41:00-07:00,1,99.75,29.22174072265625
2026-08-26T16:41:00-07:00,2,1.25,139.0885009765625
2026-08-26T16:41:00-07:00,3,95.0,40.0123291015625
2026-08-26T16:42:00-07:00,0,0.0,44.73541259765625
2026-08-26T16:42:00-07:00,1,96.25,29.22174072265625
2026-08-26T16:42:00-07:00,2,0.0,139.0885009765625
2026-08-26T16:42:00-07:00,3,96.5,40.0123291015625
2026-08-26T16:43:00-07:00,0,0.0,44.73541259765625
2026-08-26T16:43:00-07:00,1,98.75,29.22174072265625
2026-08-26T16:43:00-07:00,2,68.75,139.0885009765625
2026-08-26T16:43:00-07:00,3,87.5,40.0123291015625
2026-08-26T16:44:00-07:00,0,0.0,44.73541259765625
2026-08-26T16:44:00-07:00,1,96.75,29.22174072265625
2026-08-26T16:44:00-07:00,2,92.5,139.0885009765625
2026-08-26T16:44:00-07:00,3,99.75,40.0123291015625
2026-08-26T16:45:00-07:00,0,0.0,44.86372375488281
2026-08-26T16:45:00-07:00,1,91.25,29.226211547851562
2026-08-26T16:45:00-07:00,2,93.75,139.0885009765625
2026-08-26T16:45:00-07:00,3,100.0,40.0123291015625
2026-08-26T16:46:00-07:00,0,0.0,44.73541259765625
2026-08-26T16:46:00-07:00,1,96.0,29.22174072265625
2026-08-26T16:46:00-07:00,2,93.0,139.0885009765625
2026-08-26T16:46:00-07:00,3,99.5,40.0123291015625
2026-08-26T16:47:00-07:00,0,0.0,44.73541259765625
2026-08-26T16:47:00-07:00,1,100.0,29.22174072265625
2026-08-26T16:47:00-07:00,2,95.25,139.0885009765625
2026-08-26T16:47:00-07:00,3,91.5,40.0123291015625
2026-08-26T16:48:00-07:00,0,0.0,44.73541259765625
2026-08-26T16:48:00-07:00,1,99.25,29.22174072265625
2026-08-26T16:48:00-07:00,2,92.5,139.0885009765625
2026-08-26T16:48:00-07:00,3,90.5,40.0123291015625
2026-08-26T16:49:00-07:00,0,0.0,44.73541259765625
2026-08-26T16:49:00-07:00,1,99.25,29.22174072265625
2026-08-26T16:49:00-07:00,2,94.5,139.0885009765625
2026-08-26T16:49:00-07:00,3,99.5,40.0123291015625
2026-08-26T16:50:00-07:00,0,0.0,44.73541259765625
2026-08-26T16:50:00-07:00,1,95.0,29.22174072265625
2026-08-26T16:50:00-07:00,2,93.25,139.0885009765625
2026-08-26T16:50:00-07:00,3,99.75,40.0123291015625
2026-08-26T16:51:00-07:00,0,0.0,44.73541259765625
2026-08-26T16:51:00-07:00,1,96.25,29.22174072265625
2026-08-26T16:51:00-07:00,2,92.25,139.0885009765625
2026-08-26T16:51:00-07:00,3,99.5,40.0123291015625
2026-08-26T16:52:00-07:00,0,0.0,44.73541259765625
2026-08-26T16:52:00-07:00,1,85.25,29.22174072265625
2026-08-26T16:52:00-07:00,2,98.0,139.0885009765625
2026-08-26T16:52:00-07:00,3,96.75,40.0123291015625
2026-08-26T16:53:00-07:00,0,0.0,44.73541259765625
2026-08-26T16:53:00-07:00,1,99.0,29.22174072265625
2026-08-26T16:53:00-07:00,2,91.25,139.0885009765625
2026-08-26T16:53:00-07:00,3,99.0,40.0123291015625
2026-08-26T16:54:00-07:00,0,0.0,44.73541259765625
2026-08-26T16:54:00-07:00,1,89.25,29.22174072265625
2026-08-26T16:54:00-07:00,2,93.75,139.0885009765625
2026-08-26T16:54:00-07:00,3,90.25,40.0123291015625
2026-08-26T16:55:00-07:00,0,0.0,44.73541259765625
2026-08-26T16:55:00-07:00,1,49.5,14.612579345703125
2026-08-26T16:55:00-07:00,2,70.5,139.0885009765625
2026-08-26T16:55:00-07:00,3,96.25,40.0123291015625
2026-08-26T16:56:00-07:00,0,0.0,44.73541259765625
2026-08-26T16:56:00-07:00,1,0.0,0.00341796875
2026-08-26T16:56:00-07:00,2,96.25,139.0885009765625
2026-08-26T16:56:00-07:00,3,100.0,40.0123291015625
2026-08-26T16:57:00-07:00,0,0.0,44.73541259765625
2026-08-26T16:57:00-07:00,1,0.0,0.00341796875
2026-08-26T16:57:00-07:00,2,96.5,139.0885009765625
2026-08-26T16:57:00-07:00,3,92.5,40.0123291015625
2026-08-26T16:58:00-07:00,0,0.0,44.73541259765625
2026-08-26T16:58:00-07:00,1,0.0,0.00341796875
2026-08-26T16:58:00-07:00,2,93.25,139.0889892578125
2026-08-26T16:58:00-07:00,3,100.0,40.0123291015625
2026-08-26T16:59:00-07:00,0,0.0,44.73541259765625
2026-08-26T16:59:00-07:00,1,0.0,0.00341796875
2026-08-26T16:59:00-07:00,2,91.75,139.0904541015625
2026-08-26T16:59:00-07:00,3,99.75,40.0123291015625
2026-08-26T17:00:00-07:00,0,0.0,44.73541259765625
2026-08-26T17:00:00-07:00,1,0.0,0.00341796875
2026-08-26T17:00:00-07:00,2,0.75,139.0904541015625
2026-08-26T17:00:00-07:00,3,99.5,40.0123291015625
2026-08-26T17:01:00-07:00,0,0.0,44.73541259765625
2026-08-26T17:01:00-07:00,1,0.0,0.00341796875
2026-08-26T17:01:00-07:00,2,0.0,139.0904541015625
2026-08-26T17:01:00-07:00,3,100.0,40.0123291015625
2026-08-26T17:02:00-07:00,0,0.0,44.73541259765625
2026-08-26T17:02:00-07:00,1,0.0,0.00341796875
2026-08-26T17:02:00-07:00,2,2.5,139.0904541015625
2026-08-26T17:02:00-07:00,3,98.5,40.0123291015625
2026-08-26T17:03:00-07:00,0,0.0,44.73541259765625
2026-08-26T17:03:00-07:00,1,0.0,0.00341796875
2026-08-26T17:03:00-07:00,2,3.25,139.0904541015625
2026-08-26T17:03:00-07:00,3,99.75,40.0123291015625
2026-08-26T17:04:00-07:00,0,0.0,44.73541259765625
2026-08-26T17:04:00-07:00,1,0.0,0.00341796875
2026-08-26T17:04:00-07:00,2,1.25,139.0904541015625
2026-08-26T17:04:00-07:00,3,95.75,40.0123291015625
2026-08-26T17:05:00-07:00,0,0.0,44.73541259765625
2026-08-26T17:05:00-07:00,1,0.0,0.00341796875
2026-08-26T17:05:00-07:00,2,65.5,139.0904541015625
2026-08-26T17:05:00-07:00,3,95.5,40.0123291015625
2026-08-26T17:06:00-07:00,0,0.0,44.73541259765625
2026-08-26T17:06:00-07:00,1,0.0,0.00341796875
2026-08-26T17:06:00-07:00,2,95.0,139.0904541015625
2026-08-26T17:06:00-07:00,3,94.5,40.0123291015625
2026-08-26T17:07:00-07:00,0,0.0,44.73541259765625
2026-08-26T17:07:00-07:00,1,0.0,0.00341796875
2026-08-26T17:07:00-07:00,2,71.0,139.0904541015625
2026-08-26T17:07:00-07:00,3,93.5,40.0123291015625
2026-08-26T17:08:00-07:00,0,0.0,44.73541259765625
2026-08-26T17:08:00-07:00,1,0.0,0.00341796875
2026-08-26T17:08:00-07:00,2,93.0,139.0904541015625
2026-08-26T17:08:00-07:00,3,82.0,40.0123291015625
2026-08-26T17:09:00-07:00,0,0.0,44.73541259765625
2026-08-26T17:09:00-07:00,1,0.0,0.00341796875
2026-08-26T17:09:00-07:00,2,89.5,139.0904541015625
2026-08-26T17:09:00-07:00,3,100.0,40.0123291015625
2026-08-26T17:10:00-07:00,0,0.0,44.73541259765625
2026-08-26T17:10:00-07:00,1,0.0,0.00341796875
2026-08-26T17:10:00-07:00,2,94.75,133.62875366210938
2026-08-26T17:10:00-07:00,3,99.75,40.0123291015625
2026-08-26T17:11:00-07:00,0,0.0,44.73541259765625
2026-08-26T17:11:00-07:00,1,0.0,0.00341796875
2026-08-26T17:11:00-07:00,2,97.25,128.16900634765625
2026-08-26T17:11:00-07:00,3,94.5,40.0123291015625
2026-08-26T17:12:00-07:00,0,0.0,44.73541259765625
2026-08-26T17:12:00-07:00,1,0.0,0.00341796875
2026-08-26T17:12:00-07:00,2,95.0,128.16900634765625
2026-08-26T17:12:00-07:00,3,95.5,29.08892822265625
2026-08-26T17:13:00-07:00,0,0.0,44.73541259765625
2026-08-26T17:13:00-07:00,1,0.0,0.00341796875
2026-08-26T17:13:00-07:00,2,92.0,128.16900634765625
2026-08-26T17:13:00-07:00,3,94.75,29.08892822265625
2026-08-26T17:14:00-07:00,0,0.0,44.73541259765625
2026-08-26T17:14:00-07:00,1,0.0,0.00341796875
2026-08-26T17:14:00-07:00,2,91.5,128.16900634765625
2026-08-26T17:14:00-07:00,3,99.25,29.08892822265625
2026-08-26T17:15:00-07:00,0,0.0,44.86372375488281
2026-08-26T17:15:00-07:00,1,0.0,0.1317291259765625
2026-08-26T17:15:00-07:00,2,93.0,128.2973175048828
2026-08-26T17:15:00-07:00,3,91.0,29.093521118164062
2026-08-26T17:16:00-07:00,0,0.0,44.73541259765625
2026-08-26T17:16:00-07:00,1,0.0,0.00341796875
2026-08-26T17:16:00-07:00,2,95.25,128.16900634765625
2026-08-26T17:16:00-07:00,3,99.75,29.08892822265625
2026-08-26T17:17:00-07:00,0,0.0,44.73541259765625
2026-08-26T17:17:00-07:00,1,0.0,0.00341796875
2026-08-26T17:17:00-07:00,2,92.75,128.16900634765625
2026-08-26T17:17:00-07:00,3,92.75,29.08892822265625
2026-08-26T17:18:00-07:00,0,0.0,44.73541259765625
2026-08-26T17:18:00-07:00,1,0.0,0.00341796875
2026-08-26T17:18:00-07:00,2,93.75,128.16900634765625
2026-08-26T17:18:00-07:00,3,93.5,29.08892822265625
2026-08-26T17:19:00-07:00,0,0.0,44.73541259765625
2026-08-26T17:19:00-07:00,1,0.0,0.00341796875
2026-08-26T17:19:00-07:00,2,93.0,128.16900634765625
2026-08-26T17:19:00-07:00,3,91.5,29.08892822265625
2026-08-26T17:20:00-07:00,0,0.0,44.73541259765625
2026-08-26T17:20:00-07:00,1,0.0,0.00341796875
2026-08-26T17:20:00-07:00,2,92.5,128.16900634765625
2026-08-26T17:20:00-07:00,3,84.75,29.08892822265625
2026-08-26T17:21:00-07:00,0,0.0,44.73541259765625
2026-08-26T17:21:00-07:00,1,0.0,0.00341796875
2026-08-26T17:21:00-07:00,2,69.25,128.16900634765625
2026-08-26T17:21:00-07:00,3,99.75,29.08892822265625
2026-08-26T17:22:00-07:00,0,0.0,44.73541259765625
2026-08-26T17:22:00-07:00,1,0.0,0.00341796875
2026-08-26T17:22:00-07:00,2,3.25,128.16900634765625
2026-08-26T17:22:00-07:00,3,96.25,29.08892822265625
2026-08-26T17:23:00-07:00,0,0.0,44.73541259765625
2026-08-26T17:23:00-07:00,1,0.0,0.00341796875
2026-08-26T17:23:00-07:00,2,0.0,128.16900634765625
2026-08-26T17:23:00-07:00,3,99.75,29.08892822265625
2026-08-26T17:24:00-07:00,0,0.0,44.73541259765625
2026-08-26T17:24:00-07:00,1,0.0,0.00341796875
2026-08-26T17:24:00-07:00,2,2.5,128.16900634765625
2026-08-26T17:24:00-07:00,3,96.5,29.08892822265625
2026-08-26T17:25:00-07:00,0,0.0,44.73541259765625
2026-08-26T17:25:00-07:00,1,0.0,3.6156158447265625
2026-08-26T17:25:00-07:00,2,0.0,128.16900634765625
2026-08-26T17:25:00-07:00,3,93.75,31.840286254882812
2026-08-26T17:26:00-07:00,0,0.0,44.73541259765625
2026-08-26T17:26:00-07:00,1,22.25,14.45220947265625
2026-08-26T17:26:00-07:00,2,0.0,128.16900634765625
2026-08-26T17:26:00-07:00,3,83.5,40.0943603515625
2026-08-26T17:27:00-07:00,0,0.0,44.73541259765625
2026-08-26T17:27:00-07:00,1,0.0,14.45220947265625
2026-08-26T17:27:00-07:00,2,90.0,128.16900634765625
2026-08-26T17:27:00-07:00,3,96.75,40.0943603515625
2026-08-26T17:28:00-07:00,0,0.0,44.73541259765625
2026-08-26T17:28:00-07:00,1,0.0,14.45220947265625
2026-08-26T17:28:00-07:00,2,77.0,128.16900634765625
2026-08-26T17:28:00-07:00,3,99.75,40.0943603515625
2026-08-26T17:29:00-07:00,0,0.0,44.73541259765625
2026-08-26T17:29:00-07:00,1,0.0,14.45220947265625
2026-08-26T17:29:00-07:00,2,91.5,128.16900634765625
2026-08-26T17:29:00-07:00,3,97.25,40.0943603515625
2026-08-26T17:30:00-07:00,0,0.0,44.86372375488281
2026-08-26T17:30:00-07:00,1,0.0,14.45220947265625
2026-08-26T17:30:00-07:00,2,95.75,128.16900634765625
2026-08-26T17:30:00-07:00,3,96.75,40.0943603515625
2026-08-26T17:31:00-07:00,0,0.0,44.73541259765625
2026-08-26T17:31:00-07:00,1,0.0,14.45220947265625
2026-08-26T17:31:00-07:00,2,90.75,128.16900634765625
2026-08-26T17:31:00-07:00,3,100.0,40.0943603515625
2026-08-26T17:32:00-07:00,0,0.0,44.73541259765625
2026-08-26T17:32:00-07:00,1,0.0,14.45220947265625
2026-08-26T17:32:00-07:00,2,95.25,128.16900634765625
2026-08-26T17:32:00-07:00,3,99.5,40.0943603515625
2026-08-26T17:33:00-07:00,0,0.0,44.73541259765625
2026-08-26T17:33:00-07:00,1,0.0,14.45220947265625
2026-08-26T17:33:00-07:00,2,91.75,128.16900634765625
2026-08-26T17:33:00-07:00,3,93.5,40.0943603515625
2026-08-26T17:34:00-07:00,0,0.0,44.73541259765625
2026-08-26T17:34:00-07:00,1,66.5,37.0850830078125
2026-08-26T17:34:00-07:00,2,96.0,128.16900634765625
2026-08-26T17:34:00-07:00,3,95.25,40.0943603515625
2026-08-26T17:35:00-07:00,0,0.0,44.73541259765625
2026-08-26T17:35:00-07:00,1,99.5,43.6705322265625
2026-08-26T17:35:00-07:00,2,93.0,128.16900634765625
2026-08-26T17:35:00-07:00,3,97.25,40.0943603515625
2026-08-26T17:36:00-07:00,0,0.0,44.73541259765625
2026-08-26T17:36:00-07:00,1,96.5,43.6705322265625
2026-08-26T17:36:00-07:00,2,92.25,128.16900634765625
2026-08-26T17:36:00-07:00,3,93.5,40.0943603515625
2026-08-26T17:37:00-07:00,0,0.0,44.73541259765625
2026-08-26T17:37:00-07:00,1,98.75,43.6705322265625
2026-08-26T17:37:00-07:00,2,88.5,128.16900634765625
2026-08-26T17:37:00-07:00,3,97.0,40.0943603515625
2026-08-26T17:38:00-07:00,0,0.0,44.73541259765625
2026-08-26T17:38:00-07:00,1,90.0,43.6705322265625
2026-08-26T17:38:00-07:00,2,92.25,128.16949462890625
2026-08-26T17:38:00-07:00,3,93.75,40.0943603515625
2026-08-26T17:39:00-07:00,0,0.0,44.73541259765625
2026-08-26T17:39:00-07:00,1,96.25,43.6705322265625
2026-08-26T17:39:00-07:00,2,95.0,128.17095947265625
2026-08-26T17:39:00-07:00,3,88.5,40.0943603515625
2026-08-26T17:40:00-07:00,0,0.0,44.73541259765625
2026-08-26T17:40:00-07:00,1,99.5,43.6705322265625
2026-08-26T17:40:00-07:00,2,95.75,128.17095947265625
2026-08-26T17:40:00-07:00,3,93.75,40.0943603515625
2026-08-26T17:41:00-07:00,0,0.0,44.73541259765625
2026-08-26T17:41:00-07:00,1,93.25,43.6705322265625
2026-08-26T17:41:00-07:00,2,94.75,128.17095947265625
2026-08-26T17:41:00-07:00,3,96.75,40.0943603515625
2026-08-26T17:42:00-07:00,0,0.0,44.73541259765625
2026-08-26T17:42:00-07:00,1,94.25,43.6705322265625
2026-08-26T17:42:00-07:00,2,92.5,128.17095947265625
2026-08-26T17:42:00-07:00,3,89.0,40.0943603515625
2026-08-26T17:43:00-07:00,0,0.0,44.73541259765625
2026-08-26T17:43:00-07:00,1,99.5,43.6705322265625
2026-08-26T17:43:00-07:00,2,22.25,128.17095947265625
2026-08-26T17:43:00-07:00,3,89.75,40.0943603515625
2026-08-26T17:44:00-07:00,0,0.0,44.73541259765625
2026-08-26T17:44:00-07:00,1,99.25,43.6705322265625
2026-08-26T17:44:00-07:00,2,1.0,128.17095947265625
2026-08-26T17:44:00-07:00,3,98.0,40.0943603515625
2026-08-26T17:45:00-07:00,0,0.0,44.86372375488281
2026-08-26T17:45:00-07:00,1,89.75,43.6705322265625
2026-08-26T17:45:00-07:00,2,1.25,128.17095947265625
2026-08-26T17:45:00-07:00,3,100.0,40.0943603515625
2026-08-26T17:46:00-07:00,0,0.0,44.73541259765625
2026-08-26T17:46:00-07:00,1,86.75,43.6705322265625
2026-08-26T17:46:00-07:00,2,2.5,128.17095947265625
2026-08-26T17:46:00-07:00,3,91.5,40.0943603515625
2026-08-26T17:47:00-07:00,0,0.0,44.73541259765625
2026-08-26T17:47:00-07:00,1,96.5,43.6705322265625
2026-08-26T17:47:00-07:00,2,2.25,128.17095947265625
2026-08-26T17:47:00-07:00,3,95.25,40.0943603515625
2026-08-26T17:48:00-07:00,0,0.0,44.73541259765625
2026-08-26T17:48:00-07:00,1,98.5,43.6705322265625
2026-08-26T17:48:00-07:00,2,22.5,128.17095947265625
2026-08-26T17:48:00-07:00,3,99.5,40.0943603515625
2026-08-26T17:49:00-07:00,0,0.0,44.73541259765625
2026-08-26T17:49:00-07:00,1,99.0,43.6705322265625
2026-08-26T17:49:00-07:00,2,95.0,128.17095947265625
2026-08-26T17:49:00-07:00,3,99.75,40.0943603515625
2026-08-26T17:50:00-07:00,0,0.0,44.73541259765625
2026-08-26T17:50:00-07:00,1,96.25,43.6705322265625
2026-08-26T17:50:00-07:00,2,94.5,128.17095947265625
2026-08-26T17:50:00-07:00,3,100.0,40.0943603515625
2026-08-26T17:51:00-07:00,0,0.0,44.73541259765625
2026-08-26T17:51:00-07:00,1,91.75,43.6705322265625
2026-08-26T17:51:00-07:00,2,91.25,128.17095947265625
2026-08-26T17:51:00-07:00,3,96.0,40.0943603515625
2026-08-26T17:52:00-07:00,0,0.0,44.73541259765625
2026-08-26T17:52:00-07:00,1,96.25,43.6705322265625
2026-08-26T17:52:00-07:00,2,94.25,128.17095947265625
2026-08-26T17:52:00-07:00,3,99.25,40.0943603515625
2026-08-26T17:53:00-07:00,0,0.0,44.73541259765625
2026-08-26T17:53:00-07:00,1,99.75,43.6705322265625
2026-08-26T17:53:00-07:00,2,90.5,128.17095947265625
2026-08-26T17:53:00-07:00,3,92.0,40.0943603515625
2026-08-26T17:54:00-07:00,0,0.0,44.73541259765625
2026-08-26T17:54:00-07:00,1,99.5,43.6705322265625
2026-08-26T17:54:00-07:00,2,90.5,128.17095947265625
2026-08-26T17:54:00-07:00,3,92.0,40.0943603515625
2026-08-26T17:55:00-07:00,0,0.0,44.73541259765625
2026-08-26T17:55:00-07:00,1,99.25,43.6705322265625
2026-08-26T17:55:00-07:00,2,93.75,128.17095947265625
2026-08-26T17:55:00-07:00,3,77.5,40.0943603515625
2026-08-26T17:56:00-07:00,0,0.0,44.73541259765625
2026-08-26T17:56:00-07:00,1,0.0,14.45220947265625
2026-08-26T17:56:00-07:00,2,95.5,128.17095947265625
2026-08-26T17:56:00-07:00,3,99.75,40.0943603515625
2026-08-26T17:57:00-07:00,0,0.0,44.73541259765625
2026-08-26T17:57:00-07:00,1,0.0,14.45220947265625
2026-08-26T17:57:00-07:00,2,73.0,128.17095947265625
2026-08-26T17:57:00-07:00,3,96.5,40.0943603515625
2026-08-26T17:58:00-07:00,0,0.0,44.73541259765625
2026-08-26T17:58:00-07:00,1,0.0,14.45220947265625
2026-08-26T17:58:00-07:00,2,92.75,128.17095947265625
2026-08-26T17:58:00-07:00,3,99.75,40.0943603515625
2026-08-26T17:59:00-07:00,0,0.0,44.73541259765625
2026-08-26T17:59:00-07:00,1,0.0,14.45220947265625
2026-08-26T17:59:00-07:00,2,95.75,128.17095947265625
2026-08-26T17:59:00-07:00,3,91.75,40.0943603515625
2026-08-26T18:00:00-07:00,0,0.0,44.86372375488281
2026-08-26T18:00:00-07:00,1,0.75,14.580520629882812
2026-08-26T18:00:00-07:00,2,93.5,128.1806182861328
2026-08-26T18:00:00-07:00,3,96.75,40.0943603515625
2026-08-26T18:01:00-07:00,0,0.0,44.73541259765625
2026-08-26T18:01:00-07:00,1,0.0,14.45220947265625
2026-08-26T18:01:00-07:00,2,90.0,128.17095947265625
2026-08-26T18:01:00-07:00,3,96.25,40.0943603515625
2026-08-26T18:02:00-07:00,0,0.0,44.73541259765625
2026-08-26T18:02:00-07:00,1,0.0,14.45220947265625
2026-08-26T18:02:00-07:00,2,95.0,128.17095947265625
2026-08-26T18:02:00-07:00,3,100.0,31.840286254882812
2026-08-26T18:03:00-07:00,0,0.0,44.73541259765625
2026-08-26T18:03:00-07:00,1,0.0,14.45220947265625
2026-08-26T18:03:00-07:00,2,90.25,128.17095947265625
2026-08-26T18:03:00-07:00,3,96.5,29.08892822265625
2026-08-26T18:04:00-07:00,0,0.0,44.73541259765625
2026-08-26T18:04:00-07:00,1,0.0,14.45220947265625
2026-08-26T18:04:00-07:00,2,94.25,128.17095947265625
2026-08-26T18:04:00-07:00,3,100.0,29.08892822265625
2026-08-26T18:05:00-07:00,0,0.0,44.73541259765625
2026-08-26T18:05:00-07:00,1,0.0,14.45220947265625
2026-08-26T18:05:00-07:00,2,0.0,128.17095947265625
2026-08-26T18:05:00-07:00,3,97.25,29.08892822265625
2026-08-26T18:06:00-07:00,0,0.0,44.73541259765625
2026-08-26T18:06:00-07:00,1,0.0,14.45220947265625
2026-08-26T18:06:00-07:00,2,2.5,128.17095947265625
2026-08-26T18:06:00-07:00,3,96.5,29.08892822265625
2026-08-26T18:07:00-07:00,0,0.0,44.73541259765625
2026-08-26T18:07:00-07:00,1,0.0,14.45220947265625
2026-08-26T18:07:00-07:00,2,1.25,128.17095947265625
2026-08-26T18:07:00-07:00,3,91.0,29.08892822265625
2026-08-26T18:08:00-07:00,0,0.0,44.73541259765625
2026-08-26T18:08:00-07:00,1,0.0,14.45220947265625
2026-08-26T18:08:00-07:00,2,1.25,128.17095947265625
2026-08-26T18:08:00-07:00,3,50.0,14.546173095703125
2026-08-26T18:09:00-07:00,0,0.0,44.73541259765625
2026-08-26T18:09:00-07:00,1,0.0,14.45220947265625
2026-08-26T18:09:00-07:00,2,0.0,128.17095947265625
2026-08-26T18:09:00-07:00,3,71.5,16.88433837890625
2026-08-26T18:10:00-07:00,0,0.0,44.73541259765625
2026-08-26T18:10:00-07:00,1,18.75,16.215286254882812
2026-08-26T18:10:00-07:00,2,65.5,128.17095947265625
2026-08-26T18:10:00-07:00,3,86.0,21.08697509765625
2026-08-26T18:11:00-07:00,0,0.0,44.73541259765625
2026-08-26T18:11:00-07:00,1,0.0,14.45220947265625
2026-08-26T18:11:00-07:00,2,95.5,128.17095947265625
2026-08-26T18:11:00-07:00,3,91.0,21.08697509765625
2026-08-26T18:12:00-07:00,0,0.0,44.73541259765625
2026-08-26T18:12:00-07:00,1,0.0,14.45220947265625
2026-08-26T18:12:00-07:00,2,95.5,128.17095947265625
2026-08-26T18:12:00-07:00,3,100.0,21.08697509765625
2026-08-26T18:13:00-07:00,0,0.0,44.73541259765625
2026-08-26T18:13:00-07:00,1,0.0,14.45220947265625
2026-08-26T18:13:00-07:00,2,89.25,128.17095947265625
2026-08-26T18:13:00-07:00,3,99.75,21.08697509765625
2026-08-26T18:14:00-07:00,0,0.0,44.73541259765625
2026-08-26T18:14:00-07:00,1,0.0,14.45220947265625
2026-08-26T18:14:00-07:00,2,93.25,128.17095947265625
2026-08-26T18:14:00-07:00,3,91.5,21.08697509765625
2026-08-26T18:15:00-07:00,0,0.0,44.86372375488281
2026-08-26T18:15:00-07:00,1,0.0,14.580520629882812
2026-08-26T18:15:00-07:00,2,93.0,128.2992706298828
2026-08-26T18:15:00-07:00,3,92.5,21.091445922851562
2026-08-26T18:16:00-07:00,0,0.0,44.73541259765625
2026-08-26T18:16:00-07:00,1,0.0,14.45220947265625
2026-08-26T18:16:00-07:00,2,94.0,128.17095947265625
2026-08-26T18:16:00-07:00,3,96.5,21.08697509765625
2026-08-26T18:17:00-07:00,0,0.0,44.73541259765625
2026-08-26T18:17:00-07:00,1,0.0,14.45220947265625
2026-08-26T18:17:00-07:00,2,95.0,128.17095947265625
2026-08-26T18:17:00-07:00,3,92.5,21.08697509765625
2026-08-26T18:18:00-07:00,0,0.0,44.73541259765625
2026-08-26T18:18:00-07:00,1,0.0,14.45220947265625
2026-08-26T18:18:00-07:00,2,94.25,128.17095947265625
2026-08-26T18:18:00-07:00,3,96.5,21.08697509765625
2026-08-26T18:19:00-07:00,0,0.0,44.73541259765625
2026-08-26T18:19:00-07:00,1,0.0,14.45220947265625
2026-08-26T18:19:00-07:00,2,95.0,128.17095947265625
2026-08-26T18:19:00-07:00,3,99.75,21.08697509765625
2026-08-26T18:20:00-07:00,0,0.0,44.73541259765625
2026-08-26T18:20:00-07:00,1,0.0,14.45220947265625
2026-08-26T18:20:00-07:00,2,91.5,128.17095947265625
2026-08-26T18:20:00-07:00,3,99.5,21.08697509765625
2026-08-26T18:21:00-07:00,0,0.0,44.73541259765625
2026-08-26T18:21:00-07:00,1,0.0,14.45220947265625
2026-08-26T18:21:00-07:00,2,91.0,128.17095947265625
2026-08-26T18:21:00-07:00,3,99.25,21.08697509765625
2026-08-26T18:22:00-07:00,0,0.0,44.73541259765625
2026-08-26T18:22:00-07:00,1,0.0,14.45220947265625
2026-08-26T18:22:00-07:00,2,94.75,128.17095947265625
2026-08-26T18:22:00-07:00,3,96.75,21.08697509765625
2026-08-26T18:23:00-07:00,0,0.0,44.73541259765625
2026-08-26T18:23:00-07:00,1,0.0,14.45220947265625
2026-08-26T18:23:00-07:00,2,93.5,128.17095947265625
2026-08-26T18:23:00-07:00,3,99.5,21.08697509765625
2026-08-26T18:24:00-07:00,0,0.0,44.73541259765625
2026-08-26T18:24:00-07:00,1,0.0,14.45220947265625
2026-08-26T18:24:00-07:00,2,94.0,128.17095947265625
2026-08-26T18:24:00-07:00,3,99.5,21.08697509765625
2026-08-26T18:25:00-07:00,0,0.0,44.73541259765625
2026-08-26T18:25:00-07:00,1,0.0,14.45220947265625
2026-08-26T18:25:00-07:00,2,94.5,128.17095947265625
2026-08-26T18:25:00-07:00,3,93.75,21.08697509765625
2026-08-26T18:26:00-07:00,0,0.0,44.73541259765625
2026-08-26T18:26:00-07:00,1,0.0,14.45220947265625
2026-08-26T18:26:00-07:00,2,47.0,128.17095947265625
2026-08-26T18:26:00-07:00,3,99.0,21.08697509765625
2026-08-26T18:27:00-07:00,0,0.0,44.73541259765625
2026-08-26T18:27:00-07:00,1,0.0,14.45220947265625
2026-08-26T18:27:00-07:00,2,0.0,128.17095947265625
2026-08-26T18:27:00-07:00,3,99.75,21.08697509765625
2026-08-26T18:28:00-07:00,0,0.0,44.73541259765625
2026-08-26T18:28:00-07:00,1,0.0,14.45220947265625
2026-08-26T18:28:00-07:00,2,5.0,128.17095947265625
2026-08-26T18:28:00-07:00,3,97.0,21.08697509765625
2026-08-26T18:29:00-07:00,0,0.0,44.73541259765625
2026-08-26T18:29:00-07:00,1,0.0,14.45220947265625
2026-08-26T18:29:00-07:00,2,2.0,128.17095947265625
2026-08-26T18:29:00-07:00,3,96.0,21.08697509765625
2026-08-26T18:30:00-07:00,0,0.0,44.86372375488281
2026-08-26T18:30:00-07:00,1,0.0,14.45220947265625
2026-08-26T18:30:00-07:00,2,0.0,128.17095947265625
2026-08-26T18:30:00-07:00,3,99.75,21.08697509765625
2026-08-26T18:31:00-07:00,0,0.0,44.73541259765625
2026-08-26T18:31:00-07:00,1,0.0,14.45220947265625
2026-08-26T18:31:00-07:00,2,25.0,128.17095947265625
2026-08-26T18:31:00-07:00,3,93.75,21.08697509765625
2026-08-26T18:32:00-07:00,0,0.0,44.73541259765625
2026-08-26T18:32:00-07:00,1,0.0,14.45220947265625
2026-08-26T18:32:00-07:00,2,93.5,128.17095947265625
2026-08-26T18:32:00-07:00,3,100.0,21.08697509765625
2026-08-26T18:33:00-07:00,0,0.0,44.73541259765625
2026-08-26T18:33:00-07:00,1,0.0,14.45220947265625
2026-08-26T18:33:00-07:00,2,94.5,128.17095947265625
2026-08-26T18:33:00-07:00,3,99.25,21.08697509765625
2026-08-26T18:34:00-07:00,0,0.0,44.73541259765625
2026-08-26T18:34:00-07:00,1,0.0,14.45220947265625
2026-08-26T18:34:00-07:00,2,93.25,128.17095947265625
2026-08-26T18:34:00-07:00,3,95.25,21.08697509765625
2026-08-26T18:35:00-07:00,0,0.0,44.73541259765625
2026-08-26T18:35:00-07:00,1,0.0,14.45220947265625
2026-08-26T18:35:00-07:00,2,94.25,128.17095947265625
2026-08-26T18:35:00-07:00,3,91.25,21.08697509765625
2026-08-26T18:36:00-07:00,0,0.0,44.73541259765625
2026-08-26T18:36:00-07:00,1,0.0,14.45220947265625
2026-08-26T18:36:00-07:00,2,95.5,128.17095947265625
2026-08-26T18:36:00-07:00,3,100.0,21.08697509765625
2026-08-26T18:37:00-07:00,0,0.0,44.73541259765625
2026-08-26T18:37:00-07:00,1,0.0,14.45220947265625
2026-08-26T18:37:00-07:00,2,91.75,128.17095947265625
2026-08-26T18:37:00-07:00,3,99.75,21.08697509765625
2026-08-26T18:38:00-07:00,0,0.0,44.73541259765625
2026-08-26T18:38:00-07:00,1,0.0,14.45220947265625
2026-08-26T18:38:00-07:00,2,90.75,128.17095947265625
2026-08-26T18:38:00-07:00,3,92.0,21.08697509765625
2026-08-26T18:39:00-07:00,0,0.0,44.73541259765625
2026-08-26T18:39:00-07:00,1,0.0,14.45220947265625
2026-08-26T18:39:00-07:00,2,94.75,128.17095947265625
2026-08-26T18:39:00-07:00,3,91.75,21.08697509765625
2026-08-26T18:40:00-07:00,0,0.0,44.73541259765625
2026-08-26T18:40:00-07:00,1,0.0,14.45220947265625
2026-08-26T18:40:00-07:00,2,93.5,128.17095947265625
2026-08-26T18:40:00-07:00,3,99.75,21.08697509765625
2026-08-26T18:41:00-07:00,0,0.0,44.73541259765625
2026-08-26T18:41:00-07:00,1,0.0,14.45220947265625
2026-08-26T18:41:00-07:00,2,93.5,128.17095947265625
2026-08-26T18:41:00-07:00,3,91.75,21.08697509765625
2026-08-26T18:42:00-07:00,0,0.0,44.73541259765625
2026-08-26T18:42:00-07:00,1,0.0,14.45220947265625
2026-08-26T18:42:00-07:00,2,95.5,128.17095947265625
2026-08-26T18:42:00-07:00,3,100.0,21.08697509765625
2026-08-26T18:43:00-07:00,0,0.0,44.73541259765625
2026-08-26T18:43:00-07:00,1,0.0,14.45220947265625
2026-08-26T18:43:00-07:00,2,92.5,128.17095947265625
2026-08-26T18:43:00-07:00,3,96.5,21.08697509765625
2026-08-26T18:44:00-07:00,0,0.0,44.73541259765625
2026-08-26T18:44:00-07:00,1,0.0,14.45220947265625
2026-08-26T18:44:00-07:00,2,93.75,128.17095947265625
2026-08-26T18:44:00-07:00,3,96.0,21.08697509765625
2026-08-26T18:45:00-07:00,0,0.0,44.86372375488281
2026-08-26T18:45:00-07:00,1,0.0,14.580520629882812
2026-08-26T18:45:00-07:00,2,93.0,128.17555236816406
2026-08-26T18:45:00-07:00,3,94.75,21.08697509765625
2026-08-26T18:46:00-07:00,0,0.0,44.73541259765625
2026-08-26T18:46:00-07:00,1,0.0,14.45220947265625
2026-08-26T18:46:00-07:00,2,96.5,128.17095947265625
2026-08-26T18:46:00-07:00,3,97.0,21.08697509765625
2026-08-26T18:47:00-07:00,0,0.0,44.73541259765625
2026-08-26T18:47:00-07:00,1,0.0,14.45220947265625
2026-08-26T18:47:00-07:00,2,96.0,128.17095947265625
2026-08-26T18:47:00-07:00,3,94.0,21.08697509765625
2026-08-26T18:48:00-07:00,0,0.0,44.73541259765625
2026-08-26T18:48:00-07:00,1,0.0,14.45220947265625
2026-08-26T18:48:00-07:00,2,2.25,128.17095947265625
2026-08-26T18:48:00-07:00,3,93.25,21.08697509765625
2026-08-26T18:49:00-07:00,0,0.0,44.73541259765625
2026-08-26T18:49:00-07:00,1,0.0,14.45220947265625
2026-08-26T18:49:00-07:00,2,1.25,128.17095947265625
2026-08-26T18:49:00-07:00,3,99.0,21.08697509765625
2026-08-26T18:50:00-07:00,0,0.0,44.73541259765625
2026-08-26T18:50:00-07:00,1,0.0,14.45220947265625
2026-08-26T18:50:00-07:00,2,1.25,128.17095947265625
2026-08-26T18:50:00-07:00,3,91.0,21.08697509765625
2026-08-26T18:51:00-07:00,0,0.0,44.73541259765625
2026-08-26T18:51:00-07:00,1,0.0,14.45220947265625
2026-08-26T18:51:00-07:00,2,0.0,128.17095947265625
2026-08-26T18:51:00-07:00,3,99.75,21.08697509765625
2026-08-26T18:52:00-07:00,0,0.0,44.73541259765625
2026-08-26T18:52:00-07:00,1,0.0,14.45220947265625
2026-08-26T18:52:00-07:00,2,0.0,128.17095947265625
2026-08-26T18:52:00-07:00,3,75.75,21.08697509765625
2026-08-26T18:53:00-07:00,0,0.0,44.73541259765625
2026-08-26T18:53:00-07:00,1,0.0,14.45220947265625
2026-08-26T18:53:00-07:00,2,72.0,128.17095947265625
2026-08-26T18:53:00-07:00,3,99.25,21.08697509765625
2026-08-26T18:54:00-07:00,0,0.0,44.73541259765625
2026-08-26T18:54:00-07:00,1,0.0,14.45220947265625
2026-08-26T18:54:00-07:00,2,93.5,128.17095947265625
2026-08-26T18:54:00-07:00,3,94.5,21.08697509765625
2026-08-26T18:55:00-07:00,0,0.0,44.73541259765625
2026-08-26T18:55:00-07:00,1,0.0,14.45220947265625
2026-08-26T18:55:00-07:00,2,94.0,128.17095947265625
2026-08-26T18:55:00-07:00,3,94.25,21.08697509765625
2026-08-26T18:56:00-07:00,0,0.0,44.73541259765625
2026-08-26T18:56:00-07:00,1,0.0,14.45220947265625
2026-08-26T18:56:00-07:00,2,92.0,128.17095947265625
2026-08-26T18:56:00-07:00,3,99.5,21.08697509765625
2026-08-26T18:57:00-07:00,0,0.0,44.73541259765625
2026-08-26T18:57:00-07:00,1,0.0,14.45220947265625
2026-08-26T18:57:00-07:00,2,87.5,128.17095947265625
2026-08-26T18:57:00-07:00,3,90.5,21.08697509765625
2026-08-26T18:58:00-07:00,0,0.0,44.73541259765625
2026-08-26T18:58:00-07:00,1,0.0,14.45220947265625
2026-08-26T18:58:00-07:00,2,93.25,128.17095947265625
2026-08-26T18:58:00-07:00,3,96.25,21.08697509765625
2026-08-26T18:59:00-07:00,0,0.0,44.73541259765625
2026-08-26T18:59:00-07:00,1,0.0,14.45220947265625
2026-08-26T18:59:00-07:00,2,90.25,128.17095947265625
2026-08-26T18:59:00-07:00,3,98.75,21.08697509765625
2026-08-26T19:00:00-07:00,0,0.0,44.86372375488281
2026-08-26T19:00:00-07:00,1,0.0,14.580520629882812
2026-08-26T19:00:00-07:00,2,95.25,128.2992706298828
2026-08-26T19:00:00-07:00,3,99.75,21.091567993164062
2026-08-26T19:01:00-07:00,0,0.0,44.73541259765625
2026-08-26T19:01:00-07:00,1,0.0,14.45220947265625
2026-08-26T19:01:00-07:00,2,88.75,128.17095947265625
2026-08-26T19:01:00-07:00,3,96.75,21.08697509765625
2026-08-26T19:02:00-07:00,0,0.0,44.73541259765625
2026-08-26T19:02:00-07:00,1,0.0,14.45220947265625
2026-08-26T19:02:00-07:00,2,91.5,128.17095947265625
2026-08-26T19:02:00-07:00,3,97.0,21.08697509765625
2026-08-26T19:03:00-07:00,0,0.0,44.73541259765625
2026-08-26T19:03:00-07:00,1,0.0,14.45220947265625
2026-08-26T19:03:00-07:00,2,92.5,128.17095947265625
2026-08-26T19:03:00-07:00,3,94.25,21.08697509765625
2026-08-26T19:04:00-07:00,0,0.0,44.73541259765625
2026-08-26T19:04:00-07:00,1,0.0,14.45220947265625
2026-08-26T19:04:00-07:00,2,90.5,128.17095947265625
2026-08-26T19:04:00-07:00,3,90.25,21.08697509765625
2026-08-26T19:05:00-07:00,0,0.0,44.73541259765625
2026-08-26T19:05:00-07:00,1,0.0,0.00341796875
2026-08-26T19:05:00-07:00,2,94.25,128.17095947265625
2026-08-26T19:05:00-07:00,3,90.25,21.08697509765625
2026-08-26T19:06:00-07:00,0,0.0,44.73541259765625
2026-08-26T19:06:00-07:00,1,0.0,0.00341796875
2026-08-26T19:06:00-07:00,2,91.5,128.17095947265625
2026-08-26T19:06:00-07:00,3,100.0,21.08697509765625
2026-08-26T19:07:00-07:00,0,0.0,44.73541259765625
2026-08-26T19:07:00-07:00,1,0.0,0.00341796875
2026-08-26T19:07:00-07:00,2,92.75,128.17095947265625
2026-08-26T19:07:00-07:00,3,82.25,21.08697509765625
2026-08-26T19:08:00-07:00,0,0.0,44.73541259765625
2026-08-26T19:08:00-07:00,1,0.0,0.00341796875
2026-08-26T19:08:00-07:00,2,91.75,128.17095947265625
2026-08-26T19:08:00-07:00,3,97.25,21.08697509765625
2026-08-26T19:09:00-07:00,0,0.0,44.73541259765625
2026-08-26T19:09:00-07:00,1,0.0,0.00341796875
2026-08-26T19:09:00-07:00,2,22.5,128.17095947265625
2026-08-26T19:09:00-07:00,3,96.75,21.08697509765625
2026-08-26T19:10:00-07:00,0,0.0,44.73541259765625
2026-08-26T19:10:00-07:00,1,0.0,0.00341796875
2026-08-26T19:10:00-07:00,2,1.25,128.17095947265625
2026-08-26T19:10:00-07:00,3,96.25,21.08697509765625
2026-08-26T19:11:00-07:00,0,0.0,44.73541259765625
2026-08-26T19:11:00-07:00,1,0.0,0.00341796875
2026-08-26T19:11:00-07:00,2,1.25,128.17095947265625
2026-08-26T19:11:00-07:00,3,100.0,21.08697509765625
2026-08-26T19:12:00-07:00,0,0.0,44.73541259765625
2026-08-26T19:12:00-07:00,1,0.0,0.00341796875
2026-08-26T19:12:00-07:00,2,1.0,128.17095947265625
2026-08-26T19:12:00-07:00,3,99.75,21.08697509765625
2026-08-26T19:13:00-07:00,0,0.0,44.73541259765625
2026-08-26T19:13:00-07:00,1,0.0,0.00341796875
2026-08-26T19:13:00-07:00,2,1.0,128.17095947265625
2026-08-26T19:13:00-07:00,3,95.5,21.08697509765625
2026-08-26T19:14:00-07:00,0,0.0,44.73541259765625
2026-08-26T19:14:00-07:00,1,0.0,0.00341796875
2026-08-26T19:14:00-07:00,2,25.0,128.17095947265625
2026-08-26T19:14:00-07:00,3,94.5,21.08697509765625
2026-08-26T19:15:00-07:00,0,0.0,44.86372375488281
2026-08-26T19:15:00-07:00,1,0.0,0.1317291259765625
2026-08-26T19:15:00-07:00,2,95.5,128.2992706298828
2026-08-26T19:15:00-07:00,3,99.0,21.093704223632812
2026-08-26T19:16:00-07:00,0,0.0,44.73541259765625
2026-08-26T19:16:00-07:00,1,0.0,0.00341796875
2026-08-26T19:16:00-07:00,2,92.0,128.17095947265625
2026-08-26T19:16:00-07:00,3,99.75,21.08697509765625
2026-08-26T19:17:00-07:00,0,0.0,44.73541259765625
2026-08-26T19:17:00-07:00,1,0.0,0.00341796875
2026-08-26T19:17:00-07:00,2,93.75,128.17095947265625
2026-08-26T19:17:00-07:00,3,96.25,21.08697509765625
2026-08-26T19:18:00-07:00,0,0.0,44.73541259765625
2026-08-26T19:18:00-07:00,1,0.0,0.00341796875
2026-08-26T19:18:00-07:00,2,93.75,128.17095947265625
2026-08-26T19:18:00-07:00,3,83.75,21.08697509765625
2026-08-26T19:19:00-07:00,0,0.0,44.73541259765625
2026-08-26T19:19:00-07:00,1,0.0,0.00341796875
2026-08-26T19:19:00-07:00,2,95.0,128.17095947265625
2026-08-26T19:19:00-07:00,3,95.75,21.08697509765625
2026-08-26T19:20:00-07:00,0,0.0,44.73541259765625
2026-08-26T19:20:00-07:00,1,0.0,0.00341796875
2026-08-26T19:20:00-07:00,2,92.5,128.17095947265625
2026-08-26T19:20:00-07:00,3,100.0,21.08697509765625
2026-08-26T19:21:00-07:00,0,0.0,44.73541259765625
2026-08-26T19:21:00-07:00,1,0.0,0.00341796875
2026-08-26T19:21:00-07:00,2,92.0,128.17095947265625
2026-08-26T19:21:00-07:00,3,88.5,21.08697509765625
2026-08-26T19:22:00-07:00,0,0.0,44.73541259765625
2026-08-26T19:22:00-07:00,1,0.0,0.00341796875
2026-08-26T19:22:00-07:00,2,91.25,128.17095947265625
2026-08-26T19:22:00-07:00,3,92.5,21.08697509765625
2026-08-26T19:23:00-07:00,0,0.0,44.73541259765625
2026-08-26T19:23:00-07:00,1,0.0,0.00341796875
2026-08-26T19:23:00-07:00,2,89.0,128.17095947265625
2026-08-26T19:23:00-07:00,3,99.75,21.08697509765625
2026-08-26T19:24:00-07:00,0,0.0,44.73541259765625
2026-08-26T19:24:00-07:00,1,0.0,0.00341796875
2026-08-26T19:24:00-07:00,2,94.0,128.17095947265625
2026-08-26T19:24:00-07:00,3,99.75,21.08697509765625
2026-08-26T19:25:00-07:00,0,0.0,44.73541259765625
2026-08-26T19:25:00-07:00,1,0.0,0.00341796875
2026-08-26T19:25:00-07:00,2,94.5,128.17095947265625
2026-08-26T19:25:00-07:00,3,79.5,21.08697509765625
2026-08-26T19:26:00-07:00,0,0.0,44.73541259765625
2026-08-26T19:26:00-07:00,1,0.0,0.00341796875
2026-08-26T19:26:00-07:00,2,91.75,128.17095947265625
2026-08-26T19:26:00-07:00,3,95.5,21.08697509765625
2026-08-26T19:27:00-07:00,0,0.0,44.73541259765625
2026-08-26T19:27:00-07:00,1,0.0,0.00341796875
2026-08-26T19:27:00-07:00,2,92.5,128.17095947265625
2026-08-26T19:27:00-07:00,3,99.5,21.08697509765625
2026-08-26T19:28:00-07:00,0,0.0,44.73541259765625
2026-08-26T19:28:00-07:00,1,0.0,0.00341796875
2026-08-26T19:28:00-07:00,2,93.5,128.17095947265625
2026-08-26T19:28:00-07:00,3,96.25,21.08697509765625
2026-08-26T19:29:00-07:00,0,0.0,44.73541259765625
2026-08-26T19:29:00-07:00,1,0.0,0.00341796875
2026-08-26T19:29:00-07:00,2,91.5,128.17095947265625
2026-08-26T19:29:00-07:00,3,93.5,21.08697509765625
2026-08-26T19:30:00-07:00,0,0.0,44.86372375488281
2026-08-26T19:30:00-07:00,1,0.0,0.00341796875
2026-08-26T19:30:00-07:00,2,49.0,128.17095947265625
2026-08-26T19:30:00-07:00,3,100.0,21.08697509765625
2026-08-26T19:31:00-07:00,0,0.0,44.73541259765625
2026-08-26T19:31:00-07:00,1,0.0,0.00341796875
2026-08-26T19:31:00-07:00,2,0.0,128.17095947265625
2026-08-26T19:31:00-07:00,3,93.0,21.08697509765625
2026-08-26T19:32:00-07:00,0,0.0,44.73541259765625
2026-08-26T19:32:00-07:00,1,0.0,0.00341796875
2026-08-26T19:32:00-07:00,2,2.25,128.17095947265625
2026-08-26T19:32:00-07:00,3,99.75,21.08697509765625
2026-08-26T19:33:00-07:00,0,0.0,44.73541259765625
2026-08-26T19:33:00-07:00,1,0.0,0.00341796875
2026-08-26T19:33:00-07:00,2,1.25,128.17095947265625
2026-08-26T19:33:00-07:00,3,91.0,21.08697509765625
2026-08-26T19:34:00-07:00,0,0.0,44.73541259765625
2026-08-26T19:34:00-07:00,1,0.0,0.00341796875
2026-08-26T19:34:00-07:00,2,0.0,128.17095947265625
2026-08-26T19:34:00-07:00,3,96.25,21.08697509765625
2026-08-26T19:35:00-07:00,0,0.0,44.73541259765625
2026-08-26T19:35:00-07:00,1,0.0,0.00341796875
2026-08-26T19:35:00-07:00,2,3.5,128.17095947265625
2026-08-26T19:35:00-07:00,3,98.25,21.08697509765625
2026-08-26T19:36:00-07:00,0,0.0,44.73541259765625
2026-08-26T19:36:00-07:00,1,0.0,0.00341796875
2026-08-26T19:36:00-07:00,2,95.25,128.17095947265625
2026-08-26T19:36:00-07:00,3,91.0,21.08697509765625
2026-08-26T19:37:00-07:00,0,0.0,44.73541259765625
2026-08-26T19:37:00-07:00,1,0.0,0.00341796875
2026-08-26T19:37:00-07:00,2,92.75,128.17095947265625
2026-08-26T19:37:00-07:00,3,86.0,21.08697509765625
2026-08-26T19:38:00-07:00,0,0.0,44.73541259765625
2026-08-26T19:38:00-07:00,1,0.0,0.00341796875
2026-08-26T19:38:00-07:00,2,92.5,128.17095947265625
2026-08-26T19:38:00-07:00,3,99.5,21.08697509765625
2026-08-26T19:39:00-07:00,0,0.0,44.73541259765625
2026-08-26T19:39:00-07:00,1,0.0,0.00341796875
2026-08-26T19:39:00-07:00,2,94.0,128.17095947265625
2026-08-26T19:39:00-07:00,3,95.5,21.08697509765625
2026-08-26T19:40:00-07:00,0,0.0,44.73541259765625
2026-08-26T19:40:00-07:00,1,0.0,0.00341796875
2026-08-26T19:40:00-07:00,2,92.75,128.17095947265625
2026-08-26T19:40:00-07:00,3,100.0,21.08697509765625
2026-08-26T19:41:00-07:00,0,0.0,44.73541259765625
2026-08-26T19:41:00-07:00,1,0.0,0.00341796875
2026-08-26T19:41:00-07:00,2,93.5,128.17095947265625
2026-08-26T19:41:00-07:00,3,91.5,21.08697509765625
2026-08-26T19:42:00-07:00,0,0.0,44.73541259765625
2026-08-26T19:42:00-07:00,1,0.0,0.00341796875
2026-08-26T19:42:00-07:00,2,90.5,128.17095947265625
2026-08-26T19:42:00-07:00,3,81.0,21.08697509765625
2026-08-26T19:43:00-07:00,0,0.0,44.73541259765625
2026-08-26T19:43:00-07:00,1,0.0,0.00341796875
2026-08-26T19:43:00-07:00,2,92.5,128.17095947265625
2026-08-26T19:43:00-07:00,3,99.5,21.08697509765625
2026-08-26T19:44:00-07:00,0,0.0,44.73541259765625
2026-08-26T19:44:00-07:00,1,0.0,0.00341796875
2026-08-26T19:44:00-07:00,2,93.25,128.17095947265625
2026-08-26T19:44:00-07:00,3,96.5,21.08697509765625
2026-08-26T19:45:00-07:00,0,0.0,44.86372375488281
2026-08-26T19:45:00-07:00,1,0.0,0.00341796875
2026-08-26T19:45:00-07:00,2,93.0,128.17095947265625
2026-08-26T19:45:00-07:00,3,93.25,21.08697509765625
2026-08-26T19:46:00-07:00,0,0.0,44.73541259765625
2026-08-26T19:46:00-07:00,1,72.25,17.06256103515625
2026-08-26T19:46:00-07:00,2,90.5,128.17095947265625
2026-08-26T19:46:00-07:00,3,92.75,21.08697509765625
2026-08-26T19:47:00-07:00,0,0.0,44.73541259765625
2026-08-26T19:47:00-07:00,1,96.75,21.08697509765625
2026-08-26T19:47:00-07:00,2,93.0,128.17095947265625
2026-08-26T19:47:00-07:00,3,84.5,21.08697509765625
2026-08-26T19:48:00-07:00,0,0.0,44.73541259765625
2026-08-26T19:48:00-07:00,1,94.0,21.08697509765625
2026-08-26T19:48:00-07:00,2,94.5,128.17095947265625
2026-08-26T19:48:00-07:00,3,92.0,21.08697509765625
2026-08-26T19:49:00-07:00,0,0.0,44.73541259765625
2026-08-26T19:49:00-07:00,1,93.0,21.08697509765625
2026-08-26T19:49:00-07:00,2,93.25,128.17095947265625
2026-08-26T19:49:00-07:00,3,96.5,21.08697509765625
2026-08-26T19:50:00-07:00,0,0.0,44.73541259765625
2026-08-26T19:50:00-07:00,1,92.25,21.08697509765625
2026-08-26T19:50:00-07:00,2,92.5,128.17095947265625
2026-08-26T19:50:00-07:00,3,99.75,21.08697509765625
2026-08-26T19:51:00-07:00,0,0.0,44.73541259765625
2026-08-26T19:51:00-07:00,1,96.25,21.08697509765625
2026-08-26T19:51:00-07:00,2,92.75,128.17095947265625
2026-08-26T19:51:00-07:00,3,97.5,21.08697509765625
2026-08-26T19:52:00-07:00,0,0.0,44.73541259765625
2026-08-26T19:52:00-07:00,1,94.0,21.08697509765625
2026-08-26T19:52:00-07:00,2,1.0,128.17095947265625
2026-08-26T19:52:00-07:00,3,98.5,21.08697509765625
2026-08-26T19:53:00-07:00,0,0.0,44.73541259765625
2026-08-26T19:53:00-07:00,1,96.5,21.08697509765625
2026-08-26T19:53:00-07:00,2,1.0,128.17095947265625
2026-08-26T19:53:00-07:00,3,99.75,21.08697509765625
2026-08-26T19:54:00-07:00,0,0.0,44.73541259765625
2026-08-26T19:54:00-07:00,1,98.0,21.08697509765625
2026-08-26T19:54:00-07:00,2,1.75,128.17095947265625
2026-08-26T19:54:00-07:00,3,96.5,21.08697509765625
2026-08-26T19:55:00-07:00,0,0.0,44.73541259765625
2026-08-26T19:55:00-07:00,1,100.0,21.08697509765625
2026-08-26T19:55:00-07:00,2,0.0,128.17095947265625
2026-08-26T19:55:00-07:00,3,91.5,21.08697509765625
2026-08-26T19:56:00-07:00,0,0.0,44.73541259765625
2026-08-26T19:56:00-07:00,1,87.5,21.08697509765625
2026-08-26T19:56:00-07:00,2,1.25,128.17095947265625
2026-08-26T19:56:00-07:00,3,99.75,21.08697509765625
2026-08-26T19:57:00-07:00,0,0.0,44.73541259765625
2026-08-26T19:57:00-07:00,1,99.75,21.08697509765625
2026-08-26T19:57:00-07:00,2,45.0,128.17095947265625
2026-08-26T19:57:00-07:00,3,95.0,21.08697509765625
2026-08-26T19:58:00-07:00,0,0.0,44.73541259765625
2026-08-26T19:58:00-07:00,1,91.0,21.08697509765625
2026-08-26T19:58:00-07:00,2,95.0,128.17095947265625
2026-08-26T19:58:00-07:00,3,86.25,21.08697509765625
2026-08-26T19:59:00-07:00,0,0.0,44.73541259765625
2026-08-26T19:59:00-07:00,1,94.25,21.08697509765625
2026-08-26T19:59:00-07:00,2,95.5,128.17095947265625
2026-08-26T19:59:00-07:00,3,99.75,21.08697509765625
2026-08-26T20:00:00-07:00,0,0.0,44.86372375488281
2026-08-26T20:00:00-07:00,1,98.75,21.091567993164062
2026-08-26T20:00:00-07:00,2,91.25,128.17095947265625
2026-08-26T20:00:00-07:00,3,99.5,21.08697509765625
2026-08-26T20:01:00-07:00,0,0.0,44.73541259765625
2026-08-26T20:01:00-07:00,1,89.25,21.08697509765625
2026-08-26T20:01:00-07:00,2,93.0,128.17095947265625
2026-08-26T20:01:00-07:00,3,95.5,21.08697509765625
2026-08-26T20:02:00-07:00,0,0.0,44.73541259765625
2026-08-26T20:02:00-07:00,1,95.75,21.08697509765625
2026-08-26T20:02:00-07:00,2,95.5,128.17095947265625
2026-08-26T20:02:00-07:00,3,94.25,21.08697509765625
2026-08-26T20:03:00-07:00,0,0.0,44.73541259765625
2026-08-26T20:03:00-07:00,1,99.25,21.08697509765625
2026-08-26T20:03:00-07:00,2,93.75,128.17095947265625
2026-08-26T20:03:00-07:00,3,93.25,21.08697509765625
2026-08-26T20:04:00-07:00,0,0.0,44.73541259765625
2026-08-26T20:04:00-07:00,1,93.5,21.08697509765625
2026-08-26T20:04:00-07:00,2,92.75,128.17095947265625
2026-08-26T20:04:00-07:00,3,99.75,21.08697509765625
2026-08-26T20:05:00-07:00,0,0.0,44.73541259765625
2026-08-26T20:05:00-07:00,1,96.25,21.08697509765625
2026-08-26T20:05:00-07:00,2,96.0,128.17095947265625
2026-08-26T20:05:00-07:00,3,99.25,21.08697509765625
2026-08-26T20:06:00-07:00,0,0.0,44.73541259765625
2026-08-26T20:06:00-07:00,1,95.75,21.08697509765625
2026-08-26T20:06:00-07:00,2,92.5,128.17095947265625
2026-08-26T20:06:00-07:00,3,85.25,21.08697509765625
2026-08-26T20:07:00-07:00,0,0.0,44.73541259765625
2026-08-26T20:07:00-07:00,1,97.0,21.08697509765625
2026-08-26T20:07:00-07:00,2,93.5,128.17095947265625
2026-08-26T20:07:00-07:00,3,99.75,21.08697509765625
2026-08-26T20:08:00-07:00,0,0.0,44.73541259765625
2026-08-26T20:08:00-07:00,1,97.5,21.08697509765625
2026-08-26T20:08:00-07:00,2,91.5,128.17095947265625
2026-08-26T20:08:00-07:00,3,96.0,21.08697509765625
2026-08-26T20:09:00-07:00,0,0.0,44.73541259765625
2026-08-26T20:09:00-07:00,1,100.0,21.08697509765625
2026-08-26T20:09:00-07:00,2,93.25,128.17095947265625
2026-08-26T20:09:00-07:00,3,98.0,21.08697509765625
2026-08-26T20:10:00-07:00,0,0.0,44.73541259765625
2026-08-26T20:10:00-07:00,1,97.25,21.08697509765625
2026-08-26T20:10:00-07:00,2,94.25,128.17095947265625
2026-08-26T20:10:00-07:00,3,95.25,21.08697509765625
2026-08-26T20:11:00-07:00,0,0.0,44.73541259765625
2026-08-26T20:11:00-07:00,1,94.0,21.08697509765625
2026-08-26T20:11:00-07:00,2,93.25,128.17095947265625
2026-08-26T20:11:00-07:00,3,99.25,48.3511962890625
2026-08-26T20:12:00-07:00,0,0.0,44.73541259765625
2026-08-26T20:12:00-07:00,1,100.0,21.08697509765625
2026-08-26T20:12:00-07:00,2,92.0,128.17095947265625
2026-08-26T20:12:00-07:00,3,93.75,21.08697509765625
2026-08-26T20:13:00-07:00,0,0.0,44.73541259765625
2026-08-26T20:13:00-07:00,1,94.75,21.08697509765625
2026-08-26T20:13:00-07:00,2,25.0,128.17095947265625
2026-08-26T20:13:00-07:00,3,98.25,42.8218994140625
2026-08-26T20:14:00-07:00,0,0.0,44.73541259765625
2026-08-26T20:14:00-07:00,1,99.75,21.08697509765625
2026-08-26T20:14:00-07:00,2,1.0,128.17095947265625
2026-08-26T20:14:00-07:00,3,99.75,23.584426879882812
2026-08-26T20:15:00-07:00,0,0.0,44.86372375488281
2026-08-26T20:15:00-07:00,1,98.0,21.091461181640625
2026-08-26T20:15:00-07:00,2,1.0,128.17095947265625
2026-08-26T20:15:00-07:00,3,96.0,21.08697509765625
2026-08-26T20:16:00-07:00,0,0.0,44.73541259765625
2026-08-26T20:16:00-07:00,1,95.0,21.08697509765625
2026-08-26T20:16:00-07:00,2,1.25,128.17095947265625
2026-08-26T20:16:00-07:00,3,86.75,21.08697509765625
2026-08-26T20:17:00-07:00,0,0.0,44.73541259765625
2026-08-26T20:17:00-07:00,1,98.0,21.08697509765625
2026-08-26T20:17:00-07:00,2,0.0,128.17095947265625
2026-08-26T20:17:00-07:00,3,96.75,21.08697509765625
2026-08-26T20:18:00-07:00,0,0.0,44.73541259765625
2026-08-26T20:18:00-07:00,1,93.75,21.08697509765625
2026-08-26T20:18:00-07:00,2,0.0,128.17095947265625
2026-08-26T20:18:00-07:00,3,91.25,21.08697509765625
2026-08-26T20:19:00-07:00,0,0.0,44.73541259765625
2026-08-26T20:19:00-07:00,1,94.0,21.08697509765625
2026-08-26T20:19:00-07:00,2,92.0,128.17095947265625
2026-08-26T20:19:00-07:00,3,99.75,21.08697509765625
2026-08-26T20:20:00-07:00,0,0.0,44.73541259765625
2026-08-26T20:20:00-07:00,1,100.0,21.08697509765625
2026-08-26T20:20:00-07:00,2,92.5,128.17095947265625
2026-08-26T20:20:00-07:00,3,100.0,21.08697509765625
2026-08-26T20:21:00-07:00,0,0.0,44.73541259765625
2026-08-26T20:21:00-07:00,1,97.75,21.08697509765625
2026-08-26T20:21:00-07:00,2,91.5,128.17095947265625
2026-08-26T20:21:00-07:00,3,89.25,21.08697509765625
2026-08-26T20:22:00-07:00,0,0.0,44.73541259765625
2026-08-26T20:22:00-07:00,1,94.0,21.08697509765625
2026-08-26T20:22:00-07:00,2,94.75,128.17095947265625
2026-08-26T20:22:00-07:00,3,94.75,21.08697509765625
2026-08-26T20:23:00-07:00,0,0.0,44.73541259765625
2026-08-26T20:23:00-07:00,1,96.5,21.08697509765625
2026-08-26T20:23:00-07:00,2,93.25,128.17095947265625
2026-08-26T20:23:00-07:00,3,99.5,21.08697509765625
2026-08-26T20:24:00-07:00,0,0.0,44.73541259765625
2026-08-26T20:24:00-07:00,1,92.5,21.08697509765625
2026-08-26T20:24:00-07:00,2,92.75,128.17095947265625
2026-08-26T20:24:00-07:00,3,93.25,21.08697509765625
2026-08-26T20:25:00-07:00,0,0.0,44.73541259765625
2026-08-26T20:25:00-07:00,1,88.75,21.08697509765625
2026-08-26T20:25:00-07:00,2,95.5,128.17095947265625
2026-08-26T20:25:00-07:00,3,94.25,21.08697509765625
2026-08-26T20:26:00-07:00,0,0.0,44.73541259765625
2026-08-26T20:26:00-07:00,1,95.0,21.08697509765625
2026-08-26T20:26:00-07:00,2,92.5,128.17095947265625
2026-08-26T20:26:00-07:00,3,100.0,21.08697509765625
2026-08-26T20:27:00-07:00,0,0.0,44.73541259765625
2026-08-26T20:27:00-07:00,1,90.0,21.08697509765625
2026-08-26T20:27:00-07:00,2,95.5,128.17095947265625
2026-08-26T20:27:00-07:00,3,87.0,21.08697509765625
2026-08-26T20:28:00-07:00,0,0.0,44.73541259765625
2026-08-26T20:28:00-07:00,1,100.0,21.08697509765625
2026-08-26T20:28:00-07:00,2,90.5,128.17095947265625
2026-08-26T20:28:00-07:00,3,81.75,21.08697509765625
2026-08-26T20:29:00-07:00,0,0.0,44.73541259765625
2026-08-26T20:29:00-07:00,1,100.0,21.08697509765625
2026-08-26T20:29:00-07:00,2,97.5,128.17095947265625
2026-08-26T20:29:00-07:00,3,90.0,21.08697509765625
2026-08-26T20:30:00-07:00,0,0.0,44.86372375488281
2026-08-26T20:30:00-07:00,1,99.5,21.215286254882812
2026-08-26T20:30:00-07:00,2,91.75,128.1781768798828
2026-08-26T20:30:00-07:00,3,99.75,21.08697509765625
2026-08-26T20:31:00-07:00,0,0.0,44.73541259765625
2026-08-26T20:31:00-07:00,1,93.5,21.08697509765625
2026-08-26T20:31:00-07:00,2,96.25,128.17095947265625
2026-08-26T20:31:00-07:00,3,95.75,21.08697509765625
2026-08-26T20:32:00-07:00,0,0.0,44.73541259765625
2026-08-26T20:32:00-07:00,1,90.5,21.08697509765625
2026-08-26T20:32:00-07:00,2,91.75,128.17095947265625
2026-08-26T20:32:00-07:00,3,91.5,21.08697509765625
2026-08-26T20:33:00-07:00,0,0.0,44.73541259765625
2026-08-26T20:33:00-07:00,1,87.5,21.08697509765625
2026-08-26T20:33:00-07:00,2,92.25,128.17095947265625
2026-08-26T20:33:00-07:00,3,95.75,21.08697509765625
2026-08-26T20:34:00-07:00,0,0.0,44.73541259765625
2026-08-26T20:34:00-07:00,1,0.0,0.00341796875
2026-08-26T20:34:00-07:00,2,96.75,128.17095947265625
2026-08-26T20:34:00-07:00,3,100.0,21.08697509765625
2026-08-26T20:35:00-07:00,0,0.0,44.73541259765625
2026-08-26T20:35:00-07:00,1,0.0,0.00341796875
2026-08-26T20:35:00-07:00,2,1.0,128.17095947265625
2026-08-26T20:35:00-07:00,3,98.0,21.08697509765625
2026-08-26T20:36:00-07:00,0,0.0,44.73541259765625
2026-08-26T20:36:00-07:00,1,0.0,0.00341796875
2026-08-26T20:36:00-07:00,2,1.25,128.17095947265625
2026-08-26T20:36:00-07:00,3,97.5,21.08697509765625
2026-08-26T20:37:00-07:00,0,0.0,44.73541259765625
2026-08-26T20:37:00-07:00,1,0.0,0.00341796875
2026-08-26T20:37:00-07:00,2,1.0,128.17095947265625
2026-08-26T20:37:00-07:00,3,95.75,21.08697509765625
2026-08-26T20:38:00-07:00,0,0.0,44.73541259765625
2026-08-26T20:38:00-07:00,1,0.0,0.00341796875
2026-08-26T20:38:00-07:00,2,1.0,128.17095947265625
2026-08-26T20:38:00-07:00,3,100.0,21.08697509765625
2026-08-26T20:39:00-07:00,0,0.0,44.73541259765625
2026-08-26T20:39:00-07:00,1,0.0,0.00341796875
2026-08-26T20:39:00-07:00,2,1.75,128.17095947265625
2026-08-26T20:39:00-07:00,3,93.75,21.08697509765625
2026-08-26T20:40:00-07:00,0,0.0,44.73541259765625
2026-08-26T20:40:00-07:00,1,0.0,0.00341796875
2026-08-26T20:40:00-07:00,2,2.0,128.17095947265625
2026-08-26T20:40:00-07:00,3,96.25,21.08697509765625
2026-08-26T20:41:00-07:00,0,0.0,44.73541259765625
2026-08-26T20:41:00-07:00,1,0.0,0.00341796875
2026-08-26T20:41:00-07:00,2,0.75,128.17095947265625
2026-08-26T20:41:00-07:00,3,99.25,21.08697509765625
2026-08-26T20:42:00-07:00,0,0.0,44.73541259765625
2026-08-26T20:42:00-07:00,1,0.0,7.5189361572265625
2026-08-26T20:42:00-07:00,2,1.0,128.17095947265625
2026-08-26T20:42:00-07:00,3,96.5,21.08697509765625
2026-08-26T20:43:00-07:00,0,0.0,44.73541259765625
2026-08-26T20:43:00-07:00,1,0.0,0.00341796875
2026-08-26T20:43:00-07:00,2,2.25,128.17095947265625
2026-08-26T20:43:00-07:00,3,98.25,21.08697509765625
2026-08-26T20:44:00-07:00,0,0.0,44.73541259765625
2026-08-26T20:44:00-07:00,1,0.0,0.00341796875
2026-08-26T20:44:00-07:00,2,1.25,128.17095947265625
2026-08-26T20:44:00-07:00,3,98.25,21.08697509765625
2026-08-26T20:45:00-07:00,0,0.0,44.86372375488281
2026-08-26T20:45:00-07:00,1,0.0,0.1317291259765625
2026-08-26T20:45:00-07:00,2,1.25,128.2992706298828
2026-08-26T20:45:00-07:00,3,100.0,21.215286254882812
2026-08-26T20:46:00-07:00,0,0.0,44.73541259765625
2026-08-26T20:46:00-07:00,1,0.0,0.00341796875
2026-08-26T20:46:00-07:00,2,0.0,128.17095947265625
2026-08-26T20:46:00-07:00,3,100.0,21.08697509765625
2026-08-29T10:42:00-07:00,0,32.0,65.80790201822917
2026-08-29T10:42:00-07:00,1,89.33333333333333,61.32525634765625
2026-08-29T10:42:00-07:00,2,97.33333333333333,118.64166259765625
2026-08-29T10:42:00-07:00,3,97.33333333333333,118.64166259765625
2026-08-29T10:43:00-07:00,0,72.25,69.5596923828125
2026-08-29T10:43:00-07:00,1,78.25,61.32525634765625
2026-08-29T10:43:00-07:00,2,93.5,118.64166259765625
2026-08-29T10:43:00-07:00,3,86.75,118.64166259765625
2026-08-29T10:44:00-07:00,0,48.5,67.0587158203125
2026-08-29T10:44:00-07:00,1,100.0,61.32525634765625
2026-08-29T10:44:00-07:00,2,93.75,118.64166259765625
2026-08-29T10:44:00-07:00,3,96.5,118.64166259765625
2026-08-29T10:45:00-07:00,0,24.5,64.8707275390625
2026-08-29T10:45:00-07:00,1,77.0,61.32525634765625
2026-08-29T10:45:00-07:00,2,93.25,118.64166259765625
2026-08-29T10:45:00-07:00,3,93.0,118.64166259765625
2026-08-29T10:46:00-07:00,0,24.25,56.210296630859375
2026-08-29T10:46:00-07:00,1,89.0,61.32525634765625
2026-08-29T10:46:00-07:00,2,95.75,118.64166259765625
2026-08-29T10:46:00-07:00,3,93.5,118.64166259765625
2026-08-29T10:47:00-07:00,0,0.0,44.73736572265625
2026-08-29T10:47:00-07:00,1,88.75,61.32525634765625
2026-08-29T10:47:00-07:00,2,92.25,118.64166259765625
2026-08-29T10:47:00-07:00,3,94.5,118.64166259765625
2026-08-29T10:48:00-07:00,0,25.0,44.73736572265625
2026-08-29T10:48:00-07:00,1,99.0,61.32525634765625
2026-08-29T10:48:00-07:00,2,89.0,118.64166259765625
2026-08-29T10:48:00-07:00,3,93.5,118.64166259765625
2026-08-29T10:49:00-07:00,0,12.25,63.8468017578125
2026-08-29T10:49:00-07:00,1,80.0,61.32525634765625
2026-08-29T10:49:00-07:00,2,94.0,118.64166259765625
2026-08-29T10:49:00-07:00,3,89.0,118.64166259765625
2026-08-29T10:50:00-07:00,0,0.0,61.6588134765625
2026-08-29T10:50:00-07:00,1,78.0,61.32525634765625
2026-08-29T10:50:00-07:00,2,95.75,118.64166259765625
2026-08-29T10:50:00-07:00,3,97.75,118.64166259765625
2026-08-29T10:51:00-07:00,0,63.5,63.7535400390625
2026-08-29T10:51:00-07:00,1,99.75,61.32525634765625
2026-08-29T10:51:00-07:00,2,87.75,118.64166259765625
2026-08-29T10:51:00-07:00,3,77.0,118.64166259765625
2026-08-29T10:52:00-07:00,0,89.0,64.4517822265625
2026-08-29T10:52:00-07:00,1,76.0,61.32525634765625
2026-08-29T10:52:00-07:00,2,95.5,118.64166259765625
2026-08-29T10:52:00-07:00,3,93.75,118.64166259765625
2026-08-29T10:53:00-07:00,0,70.0,64.4517822265625
2026-08-29T10:53:00-07:00,1,76.25,61.32525634765625
2026-08-29T10:53:00-07:00,2,94.0,118.64166259765625
2026-08-29T10:53:00-07:00,3,97.25,118.64166259765625
2026-08-29T10:54:00-07:00,0,92.75,64.4517822265625
2026-08-29T10:54:00-07:00,1,78.25,61.32525634765625
2026-08-29T10:54:00-07:00,2,92.5,118.64166259765625
2026-08-29T10:54:00-07:00,3,93.25,118.64166259765625
2026-08-29T10:55:00-07:00,0,42.25,64.4517822265625
2026-08-29T10:55:00-07:00,1,76.75,61.32525634765625
2026-08-29T10:55:00-07:00,2,94.75,118.64166259765625
2026-08-29T10:55:00-07:00,3,98.0,118.64166259765625
2026-08-29T10:56:00-07:00,0,18.25,49.66596984863281
2026-08-29T10:56:00-07:00,1,77.0,61.32525634765625
2026-08-29T10:56:00-07:00,2,94.5,118.64166259765625
2026-08-29T10:56:00-07:00,3,96.25,118.64166259765625
2026-08-29T10:57:00-07:00,0,0.0,44.73736572265625
2026-08-29T10:57:00-07:00,1,100.0,61.32525634765625
2026-08-29T10:57:00-07:00,2,94.25,118.64166259765625
2026-08-29T10:57:00-07:00,3,90.25,118.64166259765625
2026-08-29T10:58:00-07:00,0,0.0,44.73736572265625
2026-08-29T10:58:00-07:00,1,100.0,61.32525634765625
2026-08-29T10:58:00-07:00,2,90.0,118.64166259765625
2026-08-29T10:58:00-07:00,3,92.0,118.64166259765625
2026-08-29T10:59:00-07:00,0,0.0,44.73736572265625
2026-08-29T10:59:00-07:00,1,100.0,61.32525634765625
2026-08-29T10:59:00-07:00,2,95.5,118.64166259765625
2026-08-29T10:59:00-07:00,3,96.5,118.64166259765625
2026-08-29T11:00:00-07:00,0,0.0,44.73736572265625
2026-08-29T11:00:00-07:00,1,77.75,61.32525634765625
2026-08-29T11:00:00-07:00,2,96.75,118.64166259765625
2026-08-29T11:00:00-07:00,3,98.25,118.64166259765625
2026-08-29T11:01:00-07:00,0,0.0,44.73736572265625
2026-08-29T11:01:00-07:00,1,99.75,61.32525634765625
2026-08-29T11:01:00-07:00,2,97.0,118.64166259765625
2026-08-29T11:01:00-07:00,3,21.5,118.64166259765625
2026-08-29T11:02:00-07:00,0,0.0,44.73736572265625
2026-08-29T11:02:00-07:00,1,96.5,61.32525634765625
2026-08-29T11:02:00-07:00,2,75.0,118.64166259765625
2026-08-29T11:02:00-07:00,3,0.0,118.64166259765625
2026-08-29T11:03:00-07:00,0,0.0,44.73736572265625
2026-08-29T11:03:00-07:00,1,100.0,61.32525634765625
2026-08-29T11:03:00-07:00,2,75.0,118.64166259765625
2026-08-29T11:03:00-07:00,3,0.0,118.64166259765625
2026-08-29T11:04:00-07:00,0,0.0,44.73736572265625
2026-08-29T11:04:00-07:00,1,100.0,61.32525634765625
2026-08-29T11:04:00-07:00,2,75.0,118.64166259765625
2026-08-29T11:04:00-07:00,3,0.0,118.64166259765625
2026-08-29T11:05:00-07:00,0,0.0,48.61177062988281
2026-08-29T11:05:00-07:00,1,77.75,61.32525634765625
2026-08-29T11:05:00-07:00,2,76.25,118.64166259765625
2026-08-29T11:05:00-07:00,3,1.25,118.64166259765625
2026-08-29T11:06:00-07:00,0,29.75,57.061859130859375
2026-08-29T11:06:00-07:00,1,100.0,61.32525634765625
2026-08-29T11:06:00-07:00,2,50.0,118.64166259765625
2026-08-29T11:06:00-07:00,3,1.75,118.64166259765625
2026-08-29T11:07:00-07:00,0,0.0,44.73736572265625
2026-08-29T11:07:00-07:00,1,98.75,61.32525634765625
2026-08-29T11:07:00-07:00,2,50.0,118.64166259765625
2026-08-29T11:07:00-07:00,3,0.5,118.64166259765625
2026-08-29T11:08:00-07:00,0,0.0,44.73736572265625
2026-08-29T11:08:00-07:00,1,99.0,61.32525634765625
2026-08-29T11:08:00-07:00,2,100.0,118.64166259765625
2026-08-29T11:08:00-07:00,3,0.0,118.64166259765625
2026-08-29T11:09:00-07:00,0,0.0,44.73736572265625
2026-08-29T11:09:00-07:00,1,64.25,61.32525634765625
2026-08-29T11:09:00-07:00,2,100.0,118.64166259765625
2026-08-29T11:09:00-07:00,3,25.0,118.64166259765625
2026-08-29T11:10:00-07:00,0,0.0,44.73736572265625
2026-08-29T11:10:00-07:00,1,100.0,61.32525634765625
2026-08-29T11:10:00-07:00,2,94.75,118.64166259765625
2026-08-29T11:10:00-07:00,3,89.75,118.64166259765625
2026-08-29T11:11:00-07:00,0,0.0,44.73736572265625
2026-08-29T11:11:00-07:00,1,77.0,61.32525634765625
2026-08-29T11:11:00-07:00,2,96.5,118.64166259765625
2026-08-29T11:11:00-07:00,3,92.0,118.64166259765625
2026-08-29T11:12:00-07:00,0,0.0,44.73736572265625
2026-08-29T11:12:00-07:00,1,83.75,61.32525634765625
2026-08-29T11:12:00-07:00,2,96.0,118.64166259765625
2026-08-29T11:12:00-07:00,3,90.75,118.64166259765625
2026-08-29T11:13:00-07:00,0,50.0,72.26058959960938
2026-08-29T11:13:00-07:00,1,100.0,61.32525634765625
2026-08-29T11:13:00-07:00,2,95.75,118.64166259765625
2026-08-29T11:13:00-07:00,3,95.0,118.64166259765625
2026-08-29T11:14:00-07:00,0,0.0,44.73736572265625
2026-08-29T11:14:00-07:00,1,77.25,61.32525634765625
2026-08-29T11:14:00-07:00,2,94.75,118.64166259765625
2026-08-29T11:14:00-07:00,3,94.5,118.64166259765625
2026-08-29T11:15:00-07:00,0,0.0,44.73736572265625
2026-08-29T11:15:00-07:00,1,78.25,61.32525634765625
2026-08-29T11:15:00-07:00,2,95.0,118.64166259765625
2026-08-29T11:15:00-07:00,3,94.25,118.64166259765625
2026-08-29T11:16:00-07:00,0,0.0,44.73736572265625
2026-08-29T11:16:00-07:00,1,80.75,61.32525634765625
2026-08-29T11:16:00-07:00,2,99.0,118.64166259765625
2026-08-29T11:16:00-07:00,3,98.25,118.64166259765625
2026-08-29T11:17:00-07:00,0,0.0,44.73736572265625
2026-08-29T11:17:00-07:00,1,97.0,61.32525634765625
2026-08-29T11:17:00-07:00,2,94.0,118.64166259765625
2026-08-29T11:17:00-07:00,3,91.5,118.64166259765625
2026-08-29T11:18:00-07:00,0,0.0,44.73736572265625
2026-08-29T11:18:00-07:00,1,84.25,61.32525634765625
2026-08-29T11:18:00-07:00,2,96.0,118.64166259765625
2026-08-29T11:18:00-07:00,3,85.25,118.64166259765625
2026-08-29T11:19:00-07:00,0,0.0,44.73736572265625
2026-08-29T11:19:00-07:00,1,94.25,61.32525634765625
2026-08-29T11:19:00-07:00,2,97.5,118.64263916015625
2026-08-29T11:19:00-07:00,3,96.0,118.64263916015625
2026-08-29T11:20:00-07:00,0,0.5,69.02914428710938
2026-08-29T11:20:00-07:00,1,86.5,61.32525634765625
2026-08-29T11:20:00-07:00,2,78.25,118.64508056640625
2026-08-29T11:20:00-07:00,3,71.75,118.64508056640625
2026-08-29T11:21:00-07:00,0,25.5,91.0836181640625
2026-08-29T11:21:00-07:00,1,54.25,61.32525634765625
2026-08-29T11:21:00-07:00,2,90.0,118.64605712890625
2026-08-29T11:21:00-07:00,3,86.5,118.64605712890625
2026-08-29T11:22:00-07:00,0,0.0,44.73736572265625
2026-08-29T11:22:00-07:00,1,87.75,61.32525634765625
2026-08-29T11:22:00-07:00,2,88.5,118.64752197265625
2026-08-29T11:22:00-07:00,3,83.75,118.64752197265625
2026-08-29T11:23:00-07:00,0,0.0,44.73736572265625
2026-08-29T11:23:00-07:00,1,99.0,61.32525634765625
2026-08-29T11:23:00-07:00,2,86.25,118.64898681640625
2026-08-29T11:23:00-07:00,3,85.25,118.64898681640625
2026-08-29T11:24:00-07:00,0,0.0,44.73736572265625
2026-08-29T11:24:00-07:00,1,77.0,61.32525634765625
2026-08-29T11:24:00-07:00,2,90.0,118.64947509765625
2026-08-29T11:24:00-07:00,3,92.25,118.64947509765625
2026-08-29T11:25:00-07:00,0,2.5,56.88862609863281
2026-08-29T11:25:00-07:00,1,75.5,61.32525634765625
2026-08-29T11:25:00-07:00,2,95.0,118.65093994140625
2026-08-29T11:25:00-07:00,3,93.75,118.65093994140625
2026-08-29T11:26:00-07:00,0,22.25,70.60092163085938
2026-08-29T11:26:00-07:00,1,97.5,61.32525634765625
2026-08-29T11:26:00-07:00,2,92.0,118.65142822265625
2026-08-29T11:26:00-07:00,3,93.75,118.65142822265625
2026-08-29T11:27:00-07:00,0,3.25,56.88276672363281
2026-08-29T11:27:00-07:00,1,50.0,45.99479675292969
2026-08-29T11:27:00-07:00,2,94.75,118.65240478515625
2026-08-29T11:27:00-07:00,3,92.75,118.65240478515625
2026-08-29T11:28:00-07:00,0,0.0,44.73541259765625
2026-08-29T11:28:00-07:00,1,0.25,11.298126220703125
2026-08-29T11:28:00-07:00,2,92.25,118.65338134765625
2026-08-29T11:28:00-07:00,3,90.5,118.65338134765625
2026-08-29T11:29:00-07:00,0,40.875,82.91551208496094
2026-08-29T11:29:00-07:00,1,93.625,127.61822509765625
2026-08-29T11:29:00-07:00,2,100.0,118.65338134765625
2026-08-29T11:29:00-07:00,3,0.0,118.65338134765625
2026-08-29T11:30:00-07:00,0,65.75,96.6739501953125
2026-08-29T11:30:00-07:00,1,95.5,127.61822509765625
2026-08-29T11:30:00-07:00,2,75.0,118.65338134765625
2026-08-29T11:30:00-07:00,3,0.5,118.65338134765625
2026-08-29T11:31:00-07:00,0,73.625,74.46713256835938
2026-08-29T11:31:00-07:00,1,94.5,127.61822509765625
2026-08-29T11:31:00-07:00,2,75.0,118.65338134765625
2026-08-29T11:31:00-07:00,3,1.0,118.65338134765625
2026-08-29T11:32:00-07:00,0,17.875,26.0172119140625
2026-08-29T11:32:00-07:00,1,94.5,127.61822509765625
2026-08-29T11:32:00-07:00,2,76.875,118.65338134765625
2026-08-29T11:32:00-07:00,3,1.0,118.65338134765625
2026-08-29T11:33:00-07:00,0,0.0,0.00018310546875
2026-08-29T11:33:00-07:00,1,95.5,127.61822509765625
2026-08-29T11:33:00-07:00,2,15.5,118.65338134765625
2026-08-29T11:33:00-07:00,3,1.5,118.65338134765625
2026-08-29T11:34:00-07:00,0,0.0,0.00018310546875
2026-08-29T11:34:00-07:00,1,93.5,127.61822509765625
2026-08-29T11:34:00-07:00,2,0.0,0.00018310546875
2026-08-29T11:34:00-07:00,3,0.0,0.00018310546875
2026-08-29T11:35:00-07:00,0,0.0,0.00018310546875
2026-08-29T11:35:00-07:00,1,94.75,127.61822509765625
2026-08-29T11:35:00-07:00,2,0.0,0.00018310546875
2026-08-29T11:35:00-07:00,3,0.0,0.00018310546875
2026-08-29T11:36:00-07:00,0,0.0,0.00018310546875
2026-08-29T11:36:00-07:00,1,96.25,127.61822509765625
2026-08-29T11:36:00-07:00,2,0.0,0.00018310546875
2026-08-29T11:36:00-07:00,3,0.0,0.00018310546875
2026-08-29T11:37:00-07:00,0,0.0,0.00018310546875
2026-08-29T11:37:00-07:00,1,93.75,127.61822509765625
2026-08-29T11:37:00-07:00,2,0.0,0.00018310546875
2026-08-29T11:37:00-07:00,3,0.0,0.00018310546875
2026-08-29T11:38:00-07:00,0,0.0,0.00018310546875
2026-08-29T11:38:00-07:00,1,96.25,127.61822509765625
2026-08-29T11:38:00-07:00,2,0.0,0.00018310546875
2026-08-29T11:38:00-07:00,3,0.0,0.00018310546875
2026-08-29T11:39:00-07:00,0,0.0,0.00018310546875
2026-08-29T11:39:00-07:00,1,94.0,127.61822509765625
2026-08-29T11:39:00-07:00,2,0.0,0.00018310546875
2026-08-29T11:39:00-07:00,3,0.0,0.00018310546875
2026-08-29T11:40:00-07:00,0,0.0,0.00018310546875
2026-08-29T11:40:00-07:00,1,93.75,127.61822509765625
2026-08-29T11:40:00-07:00,2,0.0,0.00018310546875
2026-08-29T11:40:00-07:00,3,0.0,0.00018310546875
2026-08-29T11:41:00-07:00,0,0.0,0.00018310546875
2026-08-29T11:41:00-07:00,1,94.75,127.61822509765625
2026-08-29T11:41:00-07:00,2,0.0,0.00018310546875
2026-08-29T11:41:00-07:00,3,0.0,0.00018310546875
2026-08-29T11:42:00-07:00,0,0.0,0.00018310546875
2026-08-29T11:42:00-07:00,1,96.25,127.61822509765625
2026-08-29T11:42:00-07:00,2,0.0,0.00018310546875
2026-08-29T11:42:00-07:00,3,0.0,0.00018310546875
2026-08-29T11:43:00-07:00,0,0.0,0.00018310546875
2026-08-29T11:43:00-07:00,1,96.0,127.61822509765625
2026-08-29T11:43:00-07:00,2,0.0,0.00018310546875
2026-08-29T11:43:00-07:00,3,0.0,0.00018310546875
2026-08-29T11:44:00-07:00,0,0.0,0.1289520263671875
2026-08-29T11:44:00-07:00,1,95.75,127.74604797363281
2026-08-29T11:44:00-07:00,2,0.0,0.1288299560546875
2026-08-29T11:44:00-07:00,3,0.0,3.7714080810546875
2026-08-29T11:45:00-07:00,0,0.0,0.00018310546875
2026-08-29T11:45:00-07:00,1,4.0,127.61822509765625
2026-08-29T11:45:00-07:00,2,0.0,0.00018310546875
2026-08-29T11:45:00-07:00,3,0.0,0.00018310546875
2026-08-29T11:46:00-07:00,0,0.0,0.00018310546875
2026-08-29T11:46:00-07:00,1,0.0,127.61822509765625
2026-08-29T11:46:00-07:00,2,0.0,0.00018310546875
2026-08-29T11:46:00-07:00,3,0.0,0.00018310546875
2026-08-29T11:47:00-07:00,0,0.0,0.00018310546875
2026-08-29T11:47:00-07:00,1,6.0,127.61822509765625
2026-08-29T11:47:00-07:00,2,0.0,0.00018310546875
2026-08-29T11:47:00-07:00,3,19.5,3.659576416015625
2026-08-29T11:48:00-07:00,0,0.0,0.00018310546875
2026-08-29T11:48:00-07:00,1,2.0,127.61822509765625
2026-08-29T11:48:00-07:00,2,0.0,0.00018310546875
2026-08-29T11:48:00-07:00,3,19.5,5.8218994140625
2026-08-29T11:49:00-07:00,0,0.0,0.00018310546875
2026-08-29T11:49:00-07:00,1,3.75,127.61822509765625
2026-08-29T11:49:00-07:00,2,0.0,0.00018310546875
2026-08-29T11:49:00-07:00,3,0.0,0.00018310546875
2026-08-29T11:50:00-07:00,0,0.0,0.00018310546875
2026-08-29T11:50:00-07:00,1,47.0,127.61822509765625
2026-08-29T11:50:00-07:00,2,0.0,0.00018310546875
2026-08-29T11:50:00-07:00,3,0.0,0.00018310546875
2026-08-29T11:51:00-07:00,0,0.0,0.00018310546875
2026-08-29T11:51:00-07:00,1,92.5,127.61822509765625
2026-08-29T11:51:00-07:00,2,0.0,0.00018310546875
2026-08-29T11:51:00-07:00,3,0.0,0.00018310546875
2026-08-29T11:52:00-07:00,0,0.0,0.00018310546875
2026-08-29T11:52:00-07:00,1,93.0,127.61822509765625
2026-08-29T11:52:00-07:00,2,0.0,0.00018310546875
2026-08-29T11:52:00-07:00,3,0.0,0.00018310546875
2026-08-29T11:53:00-07:00,0,0.0,0.00018310546875
2026-08-29T11:53:00-07:00,1,95.5,127.61822509765625
2026-08-29T11:53:00-07:00,2,0.0,0.00018310546875
2026-08-29T11:53:00-07:00,3,0.0,0.00018310546875
2026-08-29T11:54:00-07:00,0,0.0,0.00018310546875
2026-08-29T11:54:00-07:00,1,95.75,127.61822509765625
2026-08-29T11:54:00-07:00,2,0.0,0.00018310546875
2026-08-29T11:54:00-07:00,3,0.0,0.00018310546875
2026-08-29T11:55:00-07:00,0,0.0,0.00018310546875
2026-08-29T11:55:00-07:00,1,92.75,127.61822509765625
2026-08-29T11:55:00-07:00,2,0.0,0.00018310546875
2026-08-29T11:55:00-07:00,3,0.0,4.425201416015625
2026-08-29T11:56:00-07:00,0,0.0,0.00018310546875
2026-08-29T11:56:00-07:00,1,95.0,127.61822509765625
2026-08-29T11:56:00-07:00,2,0.0,0.00018310546875
2026-08-29T11:56:00-07:00,3,0.0,4.425201416015625
2026-08-29T11:57:00-07:00,0,0.0,0.00018310546875
2026-08-29T11:57:00-07:00,1,96.75,127.61822509765625
2026-08-29T11:57:00-07:00,2,0.0,0.00018310546875
2026-08-29T11:57:00-07:00,3,0.0,0.00018310546875
2026-08-29T11:58:00-07:00,0,0.0,0.00018310546875
2026-08-29T11:58:00-07:00,1,73.75,127.61871337890625
2026-08-29T11:58:00-07:00,2,0.0,0.00018310546875
2026-08-29T11:58:00-07:00,3,0.0,0.00018310546875
2026-08-29T11:59:00-07:00,0,0.0,0.00018310546875
2026-08-29T11:59:00-07:00,1,80.5,127.62017822265625
2026-08-29T11:59:00-07:00,2,0.0,0.00018310546875
2026-08-29T11:59:00-07:00,3,0.0,0.00018310546875
2026-08-29T12:00:00-07:00,0,0.0,0.00018310546875
2026-08-29T12:00:00-07:00,1,71.25,127.62017822265625
2026-08-29T12:00:00-07:00,2,0.0,0.00018310546875
2026-08-29T12:00:00-07:00,3,0.0,0.00018310546875
2026-08-29T12:01:00-07:00,0,0.0,0.00018310546875
2026-08-29T12:01:00-07:00,1,92.25,127.62066650390625
2026-08-29T12:01:00-07:00,2,0.0,0.00018310546875
2026-08-29T12:01:00-07:00,3,0.0,0.00018310546875
2026-08-29T12:02:00-07:00,0,0.0,0.00018310546875
2026-08-29T12:02:00-07:00,1,96.75,127.62213134765625
2026-08-29T12:02:00-07:00,2,0.0,0.00018310546875
2026-08-29T12:02:00-07:00,3,0.0,0.00018310546875
2026-08-29T12:03:00-07:00,0,0.0,0.00018310546875
2026-08-29T12:03:00-07:00,1,48.25,127.62213134765625
2026-08-29T12:03:00-07:00,2,0.0,0.00018310546875
2026-08-29T12:03:00-07:00,3,0.0,0.00018310546875
2026-08-29T12:04:00-07:00,0,0.0,0.00018310546875
2026-08-29T12:04:00-07:00,1,71.5,127.62213134765625
2026-08-29T12:04:00-07:00,2,0.0,0.00018310546875
2026-08-29T12:04:00-07:00,3,0.0,0.00018310546875
2026-08-29T12:05:00-07:00,0,0.0,0.00018310546875
2026-08-29T12:05:00-07:00,1,70.0,127.62213134765625
2026-08-29T12:05:00-07:00,2,0.0,0.00018310546875
2026-08-29T12:05:00-07:00,3,0.0,0.00018310546875
2026-08-29T12:06:00-07:00,0,0.0,0.00018310546875
2026-08-29T12:06:00-07:00,1,96.25,127.62213134765625
2026-08-29T12:06:00-07:00,2,0.0,0.00018310546875
2026-08-29T12:06:00-07:00,3,0.0,0.00018310546875
2026-08-29T12:07:00-07:00,0,0.0,0.00018310546875
2026-08-29T12:07:00-07:00,1,71.5,127.62408447265625
2026-08-29T12:07:00-07:00,2,0.0,0.00018310546875
2026-08-29T12:07:00-07:00,3,0.0,0.00018310546875
2026-08-29T12:08:00-07:00,0,0.0,0.00018310546875
2026-08-29T12:08:00-07:00,1,1.75,127.62408447265625
2026-08-29T12:08:00-07:00,2,0.0,0.00018310546875
2026-08-29T12:08:00-07:00,3,0.0,0.00018310546875
2026-08-29T12:09:00-07:00,0,0.0,0.00018310546875
2026-08-29T12:09:00-07:00,1,1.75,127.62408447265625
2026-08-29T12:09:00-07:00,2,0.0,0.00018310546875
2026-08-29T12:09:00-07:00,3,0.0,0.00018310546875
2026-08-29T12:10:00-07:00,0,0.0,0.00018310546875
2026-08-29T12:10:00-07:00,1,2.0,127.62408447265625
2026-08-29T12:10:00-07:00,2,0.0,0.00018310546875
2026-08-29T12:10:00-07:00,3,0.0,0.00018310546875
2026-08-29T12:11:00-07:00,0,0.0,0.00018310546875
2026-08-29T12:11:00-07:00,1,1.25,127.62408447265625
2026-08-29T12:11:00-07:00,2,0.0,0.00018310546875
2026-08-29T12:11:00-07:00,3,0.0,0.00018310546875
2026-08-29T12:12:00-07:00,0,0.0,0.00018310546875
2026-08-29T12:12:00-07:00,1,1.25,127.62408447265625
2026-08-29T12:12:00-07:00,2,0.0,0.00018310546875
2026-08-29T12:12:00-07:00,3,0.0,0.00018310546875
2026-08-29T12:13:00-07:00,0,0.0,0.00018310546875
2026-08-29T12:13:00-07:00,1,49.75,127.62408447265625
2026-08-29T12:13:00-07:00,2,0.0,0.00018310546875
2026-08-29T12:13:00-07:00,3,0.0,0.00018310546875
2026-08-29T12:14:00-07:00,0,0.0,0.00018310546875
2026-08-29T12:14:00-07:00,1,70.0,127.62408447265625
2026-08-29T12:14:00-07:00,2,0.0,0.00018310546875
2026-08-29T12:14:00-07:00,3,0.0,0.00018310546875
2026-08-29T12:15:00-07:00,0,0.0,0.00018310546875
2026-08-29T12:15:00-07:00,1,68.75,127.62408447265625
2026-08-29T12:15:00-07:00,2,0.0,0.00018310546875
2026-08-29T12:15:00-07:00,3,0.0,0.00018310546875
2026-08-29T12:16:00-07:00,0,0.0,0.00018310546875
2026-08-29T12:16:00-07:00,1,93.75,127.62408447265625
2026-08-29T12:16:00-07:00,2,0.0,0.00018310546875
2026-08-29T12:16:00-07:00,3,0.0,0.00018310546875
2026-08-29T12:17:00-07:00,0,0.0,0.00018310546875
2026-08-29T12:17:00-07:00,1,94.75,127.62408447265625
2026-08-29T12:17:00-07:00,2,0.0,0.00018310546875
2026-08-29T12:17:00-07:00,3,0.0,0.00018310546875
2026-08-29T12:18:00-07:00,0,0.0,0.00018310546875
2026-08-29T12:18:00-07:00,1,92.25,127.62408447265625
2026-08-29T12:18:00-07:00,2,0.0,0.00018310546875
2026-08-29T12:18:00-07:00,3,0.0,0.00018310546875
2026-08-29T12:19:00-07:00,0,0.0,0.00018310546875
2026-08-29T12:19:00-07:00,1,71.0,127.62506103515625
2026-08-29T12:19:00-07:00,2,0.0,0.00018310546875
2026-08-29T12:19:00-07:00,3,0.0,0.00018310546875
2026-08-29T12:20:00-07:00,0,0.0,0.00018310546875
2026-08-29T12:20:00-07:00,1,94.5,127.62603759765625
2026-08-29T12:20:00-07:00,2,0.0,0.00018310546875
2026-08-29T12:20:00-07:00,3,0.0,0.00018310546875
2026-08-29T12:21:00-07:00,0,0.0,0.00018310546875
2026-08-29T12:21:00-07:00,1,94.5,127.62603759765625
2026-08-29T12:21:00-07:00,2,0.0,0.00018310546875
2026-08-29T12:21:00-07:00,3,0.0,0.00018310546875
2026-08-29T12:22:00-07:00,0,0.0,0.00018310546875
2026-08-29T12:22:00-07:00,1,71.5,127.62603759765625
2026-08-29T12:22:00-07:00,2,0.0,0.00018310546875
2026-08-29T12:22:00-07:00,3,0.0,0.00018310546875
2026-08-29T12:23:00-07:00,0,0.0,0.00018310546875
2026-08-29T12:23:00-07:00,1,93.75,127.62603759765625
2026-08-29T12:23:00-07:00,2,0.0,0.00018310546875
2026-08-29T12:23:00-07:00,3,0.0,0.00018310546875
2026-08-29T12:24:00-07:00,0,0.0,0.00018310546875
2026-08-29T12:24:00-07:00,1,97.25,127.62603759765625
2026-08-29T12:24:00-07:00,2,0.0,0.00018310546875
2026-08-29T12:24:00-07:00,3,0.0,0.00018310546875
2026-08-29T12:25:00-07:00,0,0.0,0.00018310546875
2026-08-29T12:25:00-07:00,1,94.0,127.62603759765625
2026-08-29T12:25:00-07:00,2,0.0,0.00018310546875
2026-08-29T12:25:00-07:00,3,0.0,0.00018310546875
2026-08-29T12:26:00-07:00,0,0.0,0.00018310546875
2026-08-29T12:26:00-07:00,1,94.0,127.62603759765625
2026-08-29T12:26:00-07:00,2,0.0,0.00018310546875
2026-08-29T12:26:00-07:00,3,0.0,0.00018310546875
2026-08-29T12:27:00-07:00,0,0.0,0.00018310546875
2026-08-29T12:27:00-07:00,1,91.75,127.62603759765625
2026-08-29T12:27:00-07:00,2,0.0,0.00018310546875
2026-08-29T12:27:00-07:00,3,0.0,0.00018310546875
2026-08-29T12:28:00-07:00,0,0.0,0.00018310546875
2026-08-29T12:28:00-07:00,1,97.0,127.62603759765625
2026-08-29T12:28:00-07:00,2,0.0,0.00018310546875
2026-08-29T12:28:00-07:00,3,0.0,0.00018310546875
2026-08-29T12:29:00-07:00,0,0.0,0.00018310546875
2026-08-29T12:29:00-07:00,1,91.0,127.62603759765625
2026-08-29T12:29:00-07:00,2,0.0,0.00018310546875
2026-08-29T12:29:00-07:00,3,0.0,0.00018310546875
2026-08-29T12:30:00-07:00,0,0.0,0.00018310546875
2026-08-29T12:30:00-07:00,1,26.0,127.62603759765625
2026-08-29T12:30:00-07:00,2,0.0,0.00018310546875
2026-08-29T12:30:00-07:00,3,0.0,0.00018310546875
2026-08-29T12:31:00-07:00,0,0.0,0.00018310546875
2026-08-29T12:31:00-07:00,1,0.0,127.62603759765625
2026-08-29T12:31:00-07:00,2,0.0,0.00018310546875
2026-08-29T12:31:00-07:00,3,0.0,0.00018310546875
2026-08-29T12:32:00-07:00,0,0.0,0.00018310546875
2026-08-29T12:32:00-07:00,1,0.0,127.62603759765625
2026-08-29T12:32:00-07:00,2,0.0,0.00018310546875
2026-08-29T12:32:00-07:00,3,0.0,0.00018310546875
2026-08-29T12:33:00-07:00,0,0.0,0.00018310546875
2026-08-29T12:33:00-07:00,1,6.75,127.62603759765625
2026-08-29T12:33:00-07:00,2,0.0,0.00018310546875
2026-08-29T12:33:00-07:00,3,0.0,0.00018310546875
2026-08-29T12:34:00-07:00,0,0.0,0.00018310546875
2026-08-29T12:34:00-07:00,1,1.75,127.62603759765625
2026-08-29T12:34:00-07:00,2,0.0,0.00018310546875
2026-08-29T12:34:00-07:00,3,0.0,0.00018310546875
2026-08-29T12:35:00-07:00,0,0.0,0.00018310546875
2026-08-29T12:35:00-07:00,1,23.0,127.62603759765625
2026-08-29T12:35:00-07:00,2,0.0,0.00018310546875
2026-08-29T12:35:00-07:00,3,0.0,0.00018310546875
2026-08-29T12:36:00-07:00,0,0.0,0.00018310546875
2026-08-29T12:36:00-07:00,1,98.0,127.62799072265625
2026-08-29T12:36:00-07:00,2,0.0,0.00018310546875
2026-08-29T12:36:00-07:00,3,0.0,0.00018310546875
2026-08-29T12:37:00-07:00,0,0.0,0.00018310546875
2026-08-29T12:37:00-07:00,1,100.0,127.62799072265625
2026-08-29T12:37:00-07:00,2,0.0,0.00018310546875
2026-08-29T12:37:00-07:00,3,0.0,0.00018310546875
2026-08-29T12:38:00-07:00,0,0.0,0.00018310546875
2026-08-29T12:38:00-07:00,1,92.25,127.62799072265625
2026-08-29T12:38:00-07:00,2,0.0,0.00018310546875
2026-08-29T12:38:00-07:00,3,0.0,0.00018310546875
2026-08-29T12:39:00-07:00,0,0.0,0.00018310546875
2026-08-29T12:39:00-07:00,1,69.25,127.62799072265625
2026-08-29T12:39:00-07:00,2,0.0,0.00018310546875
2026-08-29T12:39:00-07:00,3,0.0,0.00018310546875
2026-08-29T12:40:00-07:00,0,0.0,0.00018310546875
2026-08-29T12:40:00-07:00,1,92.0,127.62799072265625
2026-08-29T12:40:00-07:00,2,0.0,0.00018310546875
2026-08-29T12:40:00-07:00,3,0.0,0.00018310546875
2026-08-29T12:41:00-07:00,0,0.0,0.00018310546875
2026-08-29T12:41:00-07:00,1,92.25,127.62799072265625
2026-08-29T12:41:00-07:00,2,0.0,0.00018310546875
2026-08-29T12:41:00-07:00,3,0.0,0.00018310546875
2026-08-29T12:42:00-07:00,0,0.0,0.00018310546875
2026-08-29T12:42:00-07:00,1,92.25,127.62799072265625
2026-08-29T12:42:00-07:00,2,0.0,0.00018310546875
2026-08-29T12:42:00-07:00,3,0.0,0.00018310546875
2026-08-29T12:43:00-07:00,0,0.0,0.00018310546875
2026-08-29T12:43:00-07:00,1,91.25,127.62799072265625
2026-08-29T12:43:00-07:00,2,0.0,0.00018310546875
2026-08-29T12:43:00-07:00,3,1.0,2.255279541015625
2026-08-29T12:44:00-07:00,0,0.0,0.00018310546875
2026-08-29T12:44:00-07:00,1,93.75,127.62799072265625
2026-08-29T12:44:00-07:00,2,0.0,0.00018310546875
2026-08-29T12:44:00-07:00,3,0.0,0.00018310546875
2026-08-29T12:45:00-07:00,0,0.0,0.128814697265625
2026-08-29T12:45:00-07:00,1,72.25,127.75581359863281
2026-08-29T12:45:00-07:00,2,0.0,0.128814697265625
2026-08-29T12:45:00-07:00,3,0.0,0.128814697265625
2026-08-29T12:46:00-07:00,0,0.0,0.386077880859375
2026-08-29T12:46:00-07:00,1,99.25,128.01145935058594
2026-08-29T12:46:00-07:00,2,0.5,2.5475921630859375
2026-08-29T12:46:00-07:00,3,0.0,11.313812255859375
2026-08-29T12:47:00-07:00,0,0.0,0.00018310546875
2026-08-29T12:47:00-07:00,1,97.25,127.62799072265625
2026-08-29T12:47:00-07:00,2,0.0,0.00018310546875
2026-08-29T12:47:00-07:00,3,4.75,2.162506103515625
2026-08-29T12:48:00-07:00,0,0.0,0.00018310546875
2026-08-29T12:48:00-07:00,1,68.75,127.62799072265625
2026-08-29T12:48:00-07:00,2,0.0,0.00018310546875
2026-08-29T12:48:00-07:00,3,0.0,0.00018310546875
2026-08-29T12:49:00-07:00,0,0.0,0.00018310546875
2026-08-29T12:49:00-07:00,1,92.5,127.62799072265625
2026-08-29T12:49:00-07:00,2,0.0,0.00018310546875
2026-08-29T12:49:00-07:00,3,0.0,0.00018310546875
2026-08-29T12:50:00-07:00,0,0.0,0.00018310546875
2026-08-29T12:50:00-07:00,1,95.5,127.62799072265625
2026-08-29T12:50:00-07:00,2,0.0,0.00018310546875
2026-08-29T12:50:00-07:00,3,0.0,0.00018310546875
2026-08-29T12:51:00-07:00,0,0.0,0.00018310546875
2026-08-29T12:51:00-07:00,1,71.0,127.62799072265625
2026-08-29T12:51:00-07:00,2,0.0,0.00018310546875
2026-08-29T12:51:00-07:00,3,0.0,0.00018310546875
2026-08-29T12:52:00-07:00,0,0.0,0.00018310546875
2026-08-29T12:52:00-07:00,1,2.0,127.62799072265625
2026-08-29T12:52:00-07:00,2,0.0,0.00018310546875
2026-08-29T12:52:00-07:00,3,0.0,0.00018310546875
2026-08-29T12:53:00-07:00,0,0.0,0.00018310546875
2026-08-29T12:53:00-07:00,1,1.25,127.62799072265625
2026-08-29T12:53:00-07:00,2,0.0,0.00018310546875
2026-08-29T12:53:00-07:00,3,0.0,0.00018310546875
2026-08-29T12:54:00-07:00,0,0.0,0.00018310546875
2026-08-29T12:54:00-07:00,1,2.0,127.62799072265625
2026-08-29T12:54:00-07:00,2,0.0,0.00018310546875
2026-08-29T12:54:00-07:00,3,0.0,0.00018310546875
2026-08-29T12:55:00-07:00,0,0.0,0.00018310546875
2026-08-29T12:55:00-07:00,1,1.25,127.62799072265625
2026-08-29T12:55:00-07:00,2,0.0,0.00018310546875
2026-08-29T12:55:00-07:00,3,0.0,0.00018310546875
2026-08-29T12:56:00-07:00,0,0.0,0.00018310546875
2026-08-29T12:56:00-07:00,1,1.75,127.62799072265625
2026-08-29T12:56:00-07:00,2,0.0,0.00018310546875
2026-08-29T12:56:00-07:00,3,0.0,0.00018310546875
2026-08-29T12:57:00-07:00,0,0.0,0.00018310546875
2026-08-29T12:57:00-07:00,1,70.75,127.62799072265625
2026-08-29T12:57:00-07:00,2,0.0,0.00018310546875
2026-08-29T12:57:00-07:00,3,0.0,0.00018310546875
2026-08-29T12:58:00-07:00,0,0.0,0.00018310546875
2026-08-29T12:58:00-07:00,1,96.25,127.62799072265625
2026-08-29T12:58:00-07:00,2,0.0,0.00018310546875
2026-08-29T12:58:00-07:00,3,0.0,0.00018310546875
2026-08-29T12:59:00-07:00,0,0.0,0.00018310546875
2026-08-29T12:59:00-07:00,1,92.25,127.62799072265625
2026-08-29T12:59:00-07:00,2,0.0,0.00018310546875
2026-08-29T12:59:00-07:00,3,0.0,0.00018310546875
2026-08-29T13:00:00-07:00,0,0.0,0.00018310546875
2026-08-29T13:00:00-07:00,1,97.25,127.62994384765625
2026-08-29T13:00:00-07:00,2,0.0,0.00018310546875
2026-08-29T13:00:00-07:00,3,0.0,0.00018310546875
2026-08-29T13:01:00-07:00,0,0.0,0.00018310546875
2026-08-29T13:01:00-07:00,1,92.25,127.62994384765625
2026-08-29T13:01:00-07:00,2,0.0,0.00018310546875
2026-08-29T13:01:00-07:00,3,0.0,0.00018310546875
2026-08-29T13:02:00-07:00,0,0.0,0.00018310546875
2026-08-29T13:02:00-07:00,1,97.5,127.62994384765625
2026-08-29T13:02:00-07:00,2,0.0,0.00018310546875
2026-08-29T13:02:00-07:00,3,0.0,0.00018310546875
2026-08-29T13:03:00-07:00,0,0.0,0.00018310546875
2026-08-29T13:03:00-07:00,1,92.5,127.62994384765625
2026-08-29T13:03:00-07:00,2,0.0,0.00018310546875
2026-08-29T13:03:00-07:00,3,0.0,0.00018310546875
2026-08-29T13:04:00-07:00,0,0.0,0.00018310546875
2026-08-29T13:04:00-07:00,1,92.5,127.62994384765625
2026-08-29T13:04:00-07:00,2,0.0,0.00018310546875
2026-08-29T13:04:00-07:00,3,0.0,0.00018310546875
2026-08-29T13:05:00-07:00,0,0.0,0.00018310546875
2026-08-29T13:05:00-07:00,1,95.0,127.62994384765625
2026-08-29T13:05:00-07:00,2,0.0,0.00018310546875
2026-08-29T13:05:00-07:00,3,0.0,0.00018310546875
2026-08-29T13:06:00-07:00,0,0.0,0.00018310546875
2026-08-29T13:06:00-07:00,1,92.5,127.62994384765625
2026-08-29T13:06:00-07:00,2,0.0,0.00018310546875
2026-08-29T13:06:00-07:00,3,0.0,0.00018310546875
2026-08-29T13:07:00-07:00,0,0.0,0.00018310546875
2026-08-29T13:07:00-07:00,1,91.25,127.62994384765625
2026-08-29T13:07:00-07:00,2,0.0,0.00018310546875
2026-08-29T13:07:00-07:00,3,0.0,0.00018310546875
2026-08-29T13:08:00-07:00,0,0.0,0.00018310546875
2026-08-29T13:08:00-07:00,1,93.0,127.62994384765625
2026-08-29T13:08:00-07:00,2,0.0,0.00018310546875
2026-08-29T13:08:00-07:00,3,0.0,0.00018310546875
2026-08-29T13:09:00-07:00,0,0.0,0.00018310546875
2026-08-29T13:09:00-07:00,1,79.0,127.62994384765625
2026-08-29T13:09:00-07:00,2,0.0,0.00018310546875
2026-08-29T13:09:00-07:00,3,0.0,0.00018310546875
2026-08-29T13:10:00-07:00,0,0.0,0.00018310546875
2026-08-29T13:10:00-07:00,1,95.25,127.62994384765625
2026-08-29T13:10:00-07:00,2,0.0,0.00018310546875
2026-08-29T13:10:00-07:00,3,0.0,0.00018310546875
2026-08-29T13:11:00-07:00,0,0.0,0.00018310546875
2026-08-29T13:11:00-07:00,1,93.75,127.62994384765625
2026-08-29T13:11:00-07:00,2,0.0,0.00018310546875
2026-08-29T13:11:00-07:00,3,0.0,0.00018310546875
2026-08-29T13:12:00-07:00,0,0.0,0.00018310546875
2026-08-29T13:12:00-07:00,1,94.0,127.62994384765625
2026-08-29T13:12:00-07:00,2,0.0,0.00018310546875
2026-08-29T13:12:00-07:00,3,0.0,0.00018310546875
2026-08-29T13:13:00-07:00,0,0.0,0.00018310546875
2026-08-29T13:13:00-07:00,1,24.5,127.62994384765625
2026-08-29T13:13:00-07:00,2,0.0,0.00018310546875
2026-08-29T13:13:00-07:00,3,0.0,0.00018310546875
2026-08-29T13:14:00-07:00,0,0.0,0.00018310546875
2026-08-29T13:14:00-07:00,1,1.5,127.62994384765625
2026-08-29T13:14:00-07:00,2,0.0,0.00018310546875
2026-08-29T13:14:00-07:00,3,0.0,0.00018310546875
2026-08-29T13:15:00-07:00,0,0.0,0.00018310546875
2026-08-29T13:15:00-07:00,1,2.0,127.62994384765625
2026-08-29T13:15:00-07:00,2,0.0,0.00018310546875
2026-08-29T13:15:00-07:00,3,0.0,0.00018310546875
2026-08-29T13:16:00-07:00,0,0.0,0.00018310546875
2026-08-29T13:16:00-07:00,1,2.0,127.62994384765625
2026-08-29T13:16:00-07:00,2,0.0,0.00018310546875
2026-08-29T13:16:00-07:00,3,0.0,0.00018310546875
2026-08-29T13:17:00-07:00,0,0.0,0.00018310546875
2026-08-29T13:17:00-07:00,1,0.0,127.62994384765625
2026-08-29T13:17:00-07:00,2,0.0,0.00018310546875
2026-08-29T13:17:00-07:00,3,0.0,0.00018310546875
2026-08-29T13:18:00-07:00,0,0.0,0.00018310546875
2026-08-29T13:18:00-07:00,1,23.0,127.62994384765625
2026-08-29T13:18:00-07:00,2,0.0,0.00018310546875
2026-08-29T13:18:00-07:00,3,0.0,0.00018310546875
2026-08-29T13:19:00-07:00,0,0.5,2.13287353515625
2026-08-29T13:19:00-07:00,1,95.25,127.62994384765625
2026-08-29T13:19:00-07:00,2,0.0,0.00018310546875
2026-08-29T13:19:00-07:00,3,0.0,0.00018310546875
2026-08-29T13:20:00-07:00,0,0.0,2.213287353515625
2026-08-29T13:20:00-07:00,1,96.75,127.62994384765625
2026-08-29T13:20:00-07:00,2,0.0,0.00018310546875
2026-08-29T13:20:00-07:00,3,0.0,0.00018310546875
2026-08-29T13:21:00-07:00,0,0.0,0.00018310546875
2026-08-29T13:21:00-07:00,1,93.75,127.62994384765625
2026-08-29T13:21:00-07:00,2,0.0,0.00018310546875
2026-08-29T13:21:00-07:00,3,0.0,0.00018310546875
2026-08-29T13:22:00-07:00,0,0.0,0.00018310546875
2026-08-29T13:22:00-07:00,1,96.0,127.62994384765625
2026-08-29T13:22:00-07:00,2,0.0,0.00018310546875
2026-08-29T13:22:00-07:00,3,0.0,0.00018310546875
2026-08-29T13:23:00-07:00,0,0.0,0.00018310546875
2026-08-29T13:23:00-07:00,1,93.5,127.63385009765625
2026-08-29T13:23:00-07:00,2,0.0,0.00018310546875
2026-08-29T13:23:00-07:00,3,0.0,0.00018310546875
2026-08-29T13:24:00-07:00,0,0.0,0.00018310546875
2026-08-29T13:24:00-07:00,1,95.0,127.63385009765625
2026-08-29T13:24:00-07:00,2,0.0,0.00018310546875
2026-08-29T13:24:00-07:00,3,0.0,0.00018310546875
2026-08-29T13:25:00-07:00,0,0.0,0.00018310546875
2026-08-29T13:25:00-07:00,1,90.75,127.63385009765625
2026-08-29T13:25:00-07:00,2,0.0,0.00018310546875
2026-08-29T13:25:00-07:00,3,0.0,0.00018310546875
2026-08-29T13:26:00-07:00,0,3.0,4.527252197265625
2026-08-29T13:26:00-07:00,1,94.0,127.63385009765625
2026-08-29T13:26:00-07:00,2,0.0,0.00018310546875
2026-08-29T13:26:00-07:00,3,0.0,0.00018310546875
2026-08-29T13:27:00-07:00,0,0.0,0.00018310546875
2026-08-29T13:27:00-07:00,1,92.0,127.63385009765625
2026-08-29T13:27:00-07:00,2,0.0,0.00018310546875
2026-08-29T13:27:00-07:00,3,0.0,0.00018310546875
2026-08-29T13:28:00-07:00,0,0.0,0.00018310546875
2026-08-29T13:28:00-07:00,1,94.0,127.63385009765625
2026-08-29T13:28:00-07:00,2,0.0,0.00018310546875
2026-08-29T13:28:00-07:00,3,0.0,0.00018310546875
2026-08-29T13:29:00-07:00,0,0.0,0.0009918212890625
2026-08-29T13:29:00-07:00,1,93.75,127.63385009765625
2026-08-29T13:29:00-07:00,2,0.0,0.00018310546875
2026-08-29T13:29:00-07:00,3,0.0,0.00018310546875
2026-08-29T13:30:00-07:00,0,0.0,0.0009918212890625
2026-08-29T13:30:00-07:00,1,92.75,127.63385009765625
2026-08-29T13:30:00-07:00,2,0.0,0.00018310546875
2026-08-29T13:30:00-07:00,3,0.0,0.00018310546875
2026-08-29T13:31:00-07:00,0,0.0,0.00018310546875
2026-08-29T13:31:00-07:00,1,92.5,127.63385009765625
2026-08-29T13:31:00-07:00,2,0.0,0.00018310546875
2026-08-29T13:31:00-07:00,3,0.0,0.00018310546875
2026-08-29T13:32:00-07:00,0,0.0,0.00018310546875
2026-08-29T13:32:00-07:00,1,96.75,127.63385009765625
2026-08-29T13:32:00-07:00,2,0.0,0.00018310546875
2026-08-29T13:32:00-07:00,3,0.0,0.00018310546875
2026-08-29T13:33:00-07:00,0,0.0,6.2675323486328125
2026-08-29T13:33:00-07:00,1,95.5,127.63385009765625
2026-08-29T13:33:00-07:00,2,0.0,0.00018310546875
2026-08-29T13:33:00-07:00,3,0.0,0.00018310546875
2026-08-29T13:34:00-07:00,0,74.5,34.88092041015625
2026-08-29T13:34:00-07:00,1,35.5,127.63385009765625
2026-08-29T13:34:00-07:00,2,0.0,0.00018310546875
2026-08-29T13:34:00-07:00,3,0.0,0.00018310546875
2026-08-29T13:35:00-07:00,0,99.625,38.35064697265625
2026-08-29T13:35:00-07:00,1,2.875,127.63385009765625
2026-08-29T13:35:00-07:00,2,0.0,0.00018310546875
2026-08-29T13:35:00-07:00,3,0.0,0.00018310546875
2026-08-29T13:36:00-07:00,0,99.875,38.35064697265625
2026-08-29T13:36:00-07:00,1,3.0,127.63385009765625
2026-08-29T13:36:00-07:00,2,0.0,0.00018310546875
2026-08-29T13:36:00-07:00,3,0.0,0.00018310546875
2026-08-29T13:37:00-07:00,0,99.75,38.35064697265625
2026-08-29T13:37:00-07:00,1,2.875,127.63385009765625
2026-08-29T13:37:00-07:00,2,0.0,0.00018310546875
2026-08-29T13:37:00-07:00,3,0.0,0.00018310546875
2026-08-29T13:38:00-07:00,0,99.5,38.35064697265625
2026-08-29T13:38:00-07:00,1,1.125,127.63385009765625
2026-08-29T13:38:00-07:00,2,0.0,0.00018310546875
2026-08-29T13:38:00-07:00,3,0.0,3.293609619140625
2026-08-29T13:39:00-07:00,0,99.375,38.35064697265625
2026-08-29T13:39:00-07:00,1,12.5,127.63385009765625
2026-08-29T13:39:00-07:00,2,0.0,0.00018310546875
2026-08-29T13:39:00-07:00,3,0.0,0.00018310546875
2026-08-29T13:40:00-07:00,0,99.25,38.35064697265625
2026-08-29T13:40:00-07:00,1,94.625,127.63385009765625
2026-08-29T13:40:00-07:00,2,0.0,0.00018310546875
2026-08-29T13:40:00-07:00,3,0.0,0.00018310546875
2026-08-29T13:41:00-07:00,0,100.0,38.35064697265625
2026-08-29T13:41:00-07:00,1,94.125,127.63385009765625
2026-08-29T13:41:00-07:00,2,0.0,0.00018310546875
2026-08-29T13:41:00-07:00,3,0.0,0.00018310546875
2026-08-29T13:42:00-07:00,0,99.375,38.35064697265625
2026-08-29T13:42:00-07:00,1,92.5,127.63385009765625
2026-08-29T13:42:00-07:00,2,0.0,0.00018310546875
2026-08-29T13:42:00-07:00,3,0.0,0.00018310546875
2026-08-29T13:43:00-07:00,0,99.75,38.35064697265625
2026-08-29T13:43:00-07:00,1,94.5,127.63385009765625
2026-08-29T13:43:00-07:00,2,0.0,0.00018310546875
2026-08-29T13:43:00-07:00,3,0.0,0.00018310546875
2026-08-29T13:44:00-07:00,0,99.125,38.35064697265625
2026-08-29T13:44:00-07:00,1,93.5,127.63385009765625
2026-08-29T13:44:00-07:00,2,0.0,0.00018310546875
2026-08-29T13:44:00-07:00,3,0.0,0.00018310546875
2026-08-29T13:45:00-07:00,0,99.875,38.35064697265625
2026-08-29T13:45:00-07:00,1,93.5,127.63385009765625
2026-08-29T13:45:00-07:00,2,0.125,0.00018310546875
2026-08-29T13:45:00-07:00,3,0.125,0.00018310546875
2026-08-29T13:46:00-07:00,0,100.0,38.35064697265625
2026-08-29T13:46:00-07:00,1,93.125,127.63385009765625
2026-08-29T13:46:00-07:00,2,0.0,0.00018310546875
2026-08-29T13:46:00-07:00,3,0.0,0.00018310546875
2026-08-29T13:47:00-07:00,0,76.375,38.35064697265625
2026-08-29T13:47:00-07:00,1,93.625,127.63385009765625
2026-08-29T13:47:00-07:00,2,0.0,0.00018310546875
2026-08-29T13:47:00-07:00,3,0.0,0.00018310546875
2026-08-29T13:48:00-07:00,0,74.375,38.35064697265625
2026-08-29T13:48:00-07:00,1,95.0,127.63385009765625
2026-08-29T13:48:00-07:00,2,0.0,0.00018310546875
2026-08-29T13:48:00-07:00,3,0.0,0.00018310546875
2026-08-29T13:49:00-07:00,0,99.5,38.35064697265625
2026-08-29T13:49:00-07:00,1,94.375,127.63385009765625
2026-08-29T13:49:00-07:00,2,0.0,0.00018310546875
2026-08-29T13:49:00-07:00,3,0.0,0.00018310546875
2026-08-29T13:50:00-07:00,0,99.125,38.41455841064453
2026-08-29T13:50:00-07:00,1,94.25,127.69776153564453
2026-08-29T13:50:00-07:00,2,0.0,0.0644989013671875
2026-08-29T13:50:00-07:00,3,0.125,0.3154754638671875
2026-08-29T13:51:00-07:00,0,99.75,38.670204162597656
2026-08-29T13:51:00-07:00,1,84.0,127.95340728759766
2026-08-29T13:51:00-07:00,2,0.0,0.3217620849609375
2026-08-29T13:51:00-07:00,3,50.0,14.578109741210938
2026-08-29T13:52:00-07:00,0,99.375,38.35064697265625
2026-08-29T13:52:00-07:00,1,91.875,127.63385009765625
2026-08-29T13:52:00-07:00,2,0.0,0.00018310546875
2026-08-29T13:52:00-07:00,3,0.0,0.00018310546875
2026-08-29T13:53:00-07:00,0,99.375,38.35064697265625
2026-08-29T13:53:00-07:00,1,93.875,127.63385009765625
2026-08-29T13:53:00-07:00,2,0.0,0.00018310546875
2026-08-29T13:53:00-07:00,3,0.0,0.00018310546875
2026-08-29T13:54:00-07:00,0,99.0,38.35064697265625
2026-08-29T13:54:00-07:00,1,93.375,127.63385009765625
2026-08-29T13:54:00-07:00,2,0.0,0.00018310546875
2026-08-29T13:54:00-07:00,3,0.0,0.00018310546875
2026-08-29T13:55:00-07:00,0,99.125,38.35064697265625
2026-08-29T13:55:00-07:00,1,35.25,127.63385009765625
2026-08-29T13:55:00-07:00,2,0.0,0.00018310546875
2026-08-29T13:55:00-07:00,3,0.0,0.00018310546875
2026-08-29T13:56:00-07:00,0,98.875,38.35064697265625
2026-08-29T13:56:00-07:00,1,2.5,127.63385009765625
2026-08-29T13:56:00-07:00,2,0.0,0.00018310546875
2026-08-29T13:56:00-07:00,3,0.0,0.00018310546875
2026-08-29T13:57:00-07:00,0,99.625,38.35064697265625
2026-08-29T13:57:00-07:00,1,2.25,127.63385009765625
2026-08-29T13:57:00-07:00,2,0.0,0.00018310546875
2026-08-29T13:57:00-07:00,3,0.0,0.00018310546875
2026-08-29T13:58:00-07:00,0,99.75,38.35064697265625
2026-08-29T13:58:00-07:00,1,5.5,127.63385009765625
2026-08-29T13:58:00-07:00,2,0.0,0.00018310546875
2026-08-29T13:58:00-07:00,3,0.0,0.00018310546875
2026-08-29T13:59:00-07:00,0,99.875,38.35064697265625
2026-08-29T13:59:00-07:00,1,1.0,127.63385009765625
2026-08-29T13:59:00-07:00,2,0.0,0.00018310546875
2026-08-29T13:59:00-07:00,3,0.0,0.00018310546875
2026-08-29T14:00:00-07:00,0,99.375,38.35064697265625
2026-08-29T14:00:00-07:00,1,12.5,127.63385009765625
2026-08-29T14:00:00-07:00,2,0.0,0.00018310546875
2026-08-29T14:00:00-07:00,3,0.0,0.00018310546875
2026-08-29T14:01:00-07:00,0,75.75,38.35064697265625
2026-08-29T14:01:00-07:00,1,93.5,127.63385009765625
2026-08-29T14:01:00-07:00,2,0.0,0.00018310546875
2026-08-29T14:01:00-07:00,3,0.0,0.00018310546875
2026-08-29T14:02:00-07:00,0,61.875,38.35064697265625
2026-08-29T14:02:00-07:00,1,93.625,127.63385009765625
2026-08-29T14:02:00-07:00,2,0.0,0.00018310546875
2026-08-29T14:02:00-07:00,3,0.0,0.00018310546875
2026-08-29T14:03:00-07:00,0,99.5,38.35064697265625
2026-08-29T14:03:00-07:00,1,93.375,127.63385009765625
2026-08-29T14:03:00-07:00,2,0.0,0.00018310546875
2026-08-29T14:03:00-07:00,3,0.0,0.00018310546875
2026-08-29T14:04:00-07:00,0,99.5,38.35064697265625
2026-08-29T14:04:00-07:00,1,94.375,127.63385009765625
2026-08-29T14:04:00-07:00,2,0.0,0.00018310546875
2026-08-29T14:04:00-07:00,3,0.0,0.00018310546875
2026-08-29T14:05:00-07:00,0,99.25,38.35064697265625
2026-08-29T14:05:00-07:00,1,95.875,127.63385009765625
2026-08-29T14:05:00-07:00,2,0.0,0.00018310546875
2026-08-29T14:05:00-07:00,3,0.0,0.00018310546875
2026-08-29T14:06:00-07:00,0,99.375,38.35064697265625
2026-08-29T14:06:00-07:00,1,93.25,127.63385009765625
2026-08-29T14:06:00-07:00,2,0.0,0.00018310546875
2026-08-29T14:06:00-07:00,3,0.0,0.00018310546875
2026-08-29T14:07:00-07:00,0,99.375,38.35064697265625
2026-08-29T14:07:00-07:00,1,94.75,127.63385009765625
2026-08-29T14:07:00-07:00,2,0.0,0.00018310546875
2026-08-29T14:07:00-07:00,3,0.0,0.00018310546875
2026-08-29T14:08:00-07:00,0,98.75,38.35064697265625
2026-08-29T14:08:00-07:00,1,92.75,127.63385009765625
2026-08-29T14:08:00-07:00,2,0.0,0.00018310546875
2026-08-29T14:08:00-07:00,3,0.0,0.00018310546875
2026-08-29T14:09:00-07:00,0,99.5,38.35064697265625
2026-08-29T14:09:00-07:00,1,93.625,127.63482666015625
2026-08-29T14:09:00-07:00,2,0.0,0.00018310546875
2026-08-29T14:09:00-07:00,3,0.0,0.00018310546875
2026-08-29T14:10:00-07:00,0,99.375,38.35064697265625
2026-08-29T14:10:00-07:00,1,94.0,127.63580322265625
2026-08-29T14:10:00-07:00,2,0.0,0.00018310546875
2026-08-29T14:10:00-07:00,3,0.0,0.00018310546875
2026-08-29T14:11:00-07:00,0,99.375,38.35064697265625
2026-08-29T14:11:00-07:00,1,96.125,127.63580322265625
2026-08-29T14:11:00-07:00,2,0.0,0.00018310546875
2026-08-29T14:11:00-07:00,3,0.0,0.00018310546875
2026-08-29T14:12:00-07:00,0,99.75,38.35064697265625
2026-08-29T14:12:00-07:00,1,93.5,127.63580322265625
2026-08-29T14:12:00-07:00,2,0.0,0.00018310546875
2026-08-29T14:12:00-07:00,3,0.0,0.00018310546875
2026-08-29T14:13:00-07:00,0,99.875,38.35064697265625
2026-08-29T14:13:00-07:00,1,94.375,127.63580322265625
2026-08-29T14:13:00-07:00,2,0.0,0.00018310546875
2026-08-29T14:13:00-07:00,3,0.0,0.00018310546875
2026-08-29T14:14:00-07:00,0,100.0,38.35064697265625
2026-08-29T14:14:00-07:00,1,92.625,127.63580322265625
2026-08-29T14:14:00-07:00,2,0.0,0.00018310546875
2026-08-29T14:14:00-07:00,3,0.0,0.00018310546875
2026-08-29T14:15:00-07:00,0,99.625,38.35064697265625
2026-08-29T14:15:00-07:00,1,95.125,127.63580322265625
2026-08-29T14:15:00-07:00,2,0.0,0.00018310546875
2026-08-29T14:15:00-07:00,3,0.0,0.00018310546875
2026-08-29T14:16:00-07:00,0,53.0,38.35064697265625
2026-08-29T14:16:00-07:00,1,24.5,127.63580322265625
2026-08-29T14:16:00-07:00,2,0.0,0.00018310546875
2026-08-29T14:16:00-07:00,3,0.0,0.00018310546875
2026-08-29T14:17:00-07:00,0,100.0,38.35064697265625
2026-08-29T14:17:00-07:00,1,0.875,127.63580322265625
2026-08-29T14:17:00-07:00,2,0.0,0.00018310546875
2026-08-29T14:17:00-07:00,3,0.0,0.00018310546875
2026-08-29T14:18:00-07:00,0,100.0,38.35064697265625
2026-08-29T14:18:00-07:00,1,1.0,127.63580322265625
2026-08-29T14:18:00-07:00,2,0.0,0.00018310546875
2026-08-29T14:18:00-07:00,3,0.0,0.00018310546875
2026-08-29T14:19:00-07:00,0,99.125,38.35064697265625
2026-08-29T14:19:00-07:00,1,2.0,127.63580322265625
2026-08-29T14:19:00-07:00,2,0.0,0.00018310546875
2026-08-29T14:19:00-07:00,3,0.0,0.00018310546875
2026-08-29T14:20:00-07:00,0,99.625,38.35064697265625
2026-08-29T14:20:00-07:00,1,2.125,127.63580322265625
2026-08-29T14:20:00-07:00,2,0.0,0.00018310546875
2026-08-29T14:20:00-07:00,3,0.0,0.00018310546875
2026-08-29T14:21:00-07:00,0,99.5,38.35064697265625
2026-08-29T14:21:00-07:00,1,22.625,127.63580322265625
2026-08-29T14:21:00-07:00,2,0.0,0.00018310546875
2026-08-29T14:21:00-07:00,3,0.0,0.00018310546875
2026-08-29T14:22:00-07:00,0,98.75,38.35064697265625
2026-08-29T14:22:00-07:00,1,83.375,127.63580322265625
2026-08-29T14:22:00-07:00,2,0.0,0.00018310546875
2026-08-29T14:22:00-07:00,3,0.0,0.00018310546875
2026-08-29T14:23:00-07:00,0,99.5,38.35064697265625
2026-08-29T14:23:00-07:00,1,95.875,127.63580322265625
2026-08-29T14:23:00-07:00,2,0.0,0.00018310546875
2026-08-29T14:23:00-07:00,3,0.0,0.00018310546875
2026-08-29T14:24:00-07:00,0,100.0,38.35064697265625
2026-08-29T14:24:00-07:00,1,92.375,127.63580322265625
2026-08-29T14:24:00-07:00,2,0.0,0.00018310546875
2026-08-29T14:24:00-07:00,3,0.0,0.00018310546875
2026-08-29T14:25:00-07:00,0,99.75,38.35064697265625
2026-08-29T14:25:00-07:00,1,93.875,127.63580322265625
2026-08-29T14:25:00-07:00,2,0.0,0.00018310546875
2026-08-29T14:25:00-07:00,3,0.0,0.00018310546875
2026-08-29T14:26:00-07:00,0,99.125,38.35064697265625
2026-08-29T14:26:00-07:00,1,95.25,127.63580322265625
2026-08-29T14:26:00-07:00,2,0.0,0.00018310546875
2026-08-29T14:26:00-07:00,3,0.0,0.00018310546875
2026-08-29T14:27:00-07:00,0,99.625,38.35064697265625
2026-08-29T14:27:00-07:00,1,93.5,127.63580322265625
2026-08-29T14:27:00-07:00,2,0.0,0.00018310546875
2026-08-29T14:27:00-07:00,3,0.0,0.00018310546875
2026-08-29T14:28:00-07:00,0,99.5,38.35064697265625
2026-08-29T14:28:00-07:00,1,82.875,127.63580322265625
2026-08-29T14:28:00-07:00,2,0.0,0.00018310546875
2026-08-29T14:28:00-07:00,3,0.0,0.00018310546875
2026-08-29T14:29:00-07:00,0,99.875,38.35064697265625
2026-08-29T14:29:00-07:00,1,94.25,127.63580322265625
2026-08-29T14:29:00-07:00,2,0.0,0.00018310546875
2026-08-29T14:29:00-07:00,3,0.0,0.00018310546875
2026-08-29T14:30:00-07:00,0,50.0,38.35064697265625
2026-08-29T14:30:00-07:00,1,95.375,127.63580322265625
2026-08-29T14:30:00-07:00,2,0.0,0.00018310546875
2026-08-29T14:30:00-07:00,3,0.0,0.00018310546875
2026-08-29T14:31:00-07:00,0,100.0,38.35064697265625
2026-08-29T14:31:00-07:00,1,91.875,127.63580322265625
2026-08-29T14:31:00-07:00,2,0.0,0.00018310546875
2026-08-29T14:31:00-07:00,3,0.0,0.00018310546875
2026-08-29T14:32:00-07:00,0,99.375,38.35064697265625
2026-08-29T14:32:00-07:00,1,94.25,127.63580322265625
2026-08-29T14:32:00-07:00,2,0.0,0.00018310546875
2026-08-29T14:32:00-07:00,3,0.0,0.00018310546875
2026-08-29T14:33:00-07:00,0,99.25,38.35064697265625
2026-08-29T14:33:00-07:00,1,92.625,127.63580322265625
2026-08-29T14:33:00-07:00,2,0.0,0.00018310546875
2026-08-29T14:33:00-07:00,3,0.0,0.00018310546875
2026-08-29T14:34:00-07:00,0,99.375,38.35064697265625
2026-08-29T14:34:00-07:00,1,92.875,127.63580322265625
2026-08-29T14:34:00-07:00,2,0.0,0.00018310546875
2026-08-29T14:34:00-07:00,3,0.0,0.00018310546875
2026-08-29T14:35:00-07:00,0,99.875,38.35064697265625
2026-08-29T14:35:00-07:00,1,94.375,127.63580322265625
2026-08-29T14:35:00-07:00,2,0.0,0.00018310546875
2026-08-29T14:35:00-07:00,3,0.0,0.00018310546875
2026-08-29T14:36:00-07:00,0,99.625,38.35064697265625
2026-08-29T14:36:00-07:00,1,91.75,127.63580322265625
2026-08-29T14:36:00-07:00,2,0.0,0.00018310546875
2026-08-29T14:36:00-07:00,3,0.0,0.00018310546875
2026-08-29T14:37:00-07:00,0,98.75,38.35064697265625
2026-08-29T14:37:00-07:00,1,0.875,127.63580322265625
2026-08-29T14:37:00-07:00,2,0.0,0.00018310546875
2026-08-29T14:37:00-07:00,3,0.0,0.00018310546875
2026-08-29T14:38:00-07:00,0,99.5,38.35064697265625
2026-08-29T14:38:00-07:00,1,0.75,127.63580322265625
2026-08-29T14:38:00-07:00,2,0.0,0.00018310546875
2026-08-29T14:38:00-07:00,3,0.0,0.00018310546875
2026-08-29T14:39:00-07:00,0,99.75,38.35064697265625
2026-08-29T14:39:00-07:00,1,2.75,127.63580322265625
2026-08-29T14:39:00-07:00,2,0.0,0.00018310546875
2026-08-29T14:39:00-07:00,3,0.0,0.00018310546875
2026-08-29T14:40:00-07:00,0,98.75,38.35064697265625
2026-08-29T14:40:00-07:00,1,2.375,127.63580322265625
2026-08-29T14:40:00-07:00,2,0.0,0.00018310546875
2026-08-29T14:40:00-07:00,3,0.0,0.00018310546875
2026-08-29T14:41:00-07:00,0,99.5,38.35064697265625
2026-08-29T14:41:00-07:00,1,1.0,127.63580322265625
2026-08-29T14:41:00-07:00,2,0.0,0.00018310546875
2026-08-29T14:41:00-07:00,3,0.0,0.00018310546875
2026-08-29T14:42:00-07:00,0,99.75,38.35064697265625
2026-08-29T14:42:00-07:00,1,46.625,127.63580322265625
2026-08-29T14:42:00-07:00,2,0.0,0.00018310546875
2026-08-29T14:42:00-07:00,3,0.0,0.00018310546875
2026-08-29T14:43:00-07:00,0,99.625,38.35064697265625
2026-08-29T14:43:00-07:00,1,94.375,127.63580322265625
2026-08-29T14:43:00-07:00,2,0.0,0.00018310546875
2026-08-29T14:43:00-07:00,3,0.0,0.00018310546875
2026-08-29T14:44:00-07:00,0,74.375,38.35064697265625
2026-08-29T14:44:00-07:00,1,94.125,127.63580322265625
2026-08-29T14:44:00-07:00,2,0.0,0.00018310546875
2026-08-29T14:44:00-07:00,3,0.0,0.00018310546875
2026-08-29T14:45:00-07:00,0,74.25,38.35064697265625
2026-08-29T14:45:00-07:00,1,93.0,127.63580322265625
2026-08-29T14:45:00-07:00,2,0.125,0.00018310546875
2026-08-29T14:45:00-07:00,3,0.0,0.00018310546875
2026-08-29T14:46:00-07:00,0,99.25,38.35064697265625
2026-08-29T14:46:00-07:00,1,93.125,127.63580322265625
2026-08-29T14:46:00-07:00,2,0.0,0.00018310546875
2026-08-29T14:46:00-07:00,3,0.0,0.00018310546875
2026-08-29T14:47:00-07:00,0,99.875,38.35064697265625
2026-08-29T14:47:00-07:00,1,94.625,127.63580322265625
2026-08-29T14:47:00-07:00,2,0.0,0.00018310546875
2026-08-29T14:47:00-07:00,3,0.0,0.00018310546875
2026-08-29T14:48:00-07:00,0,99.75,38.54463195800781
2026-08-29T14:48:00-07:00,1,93.5,127.8275375366211
2026-08-29T14:48:00-07:00,2,0.0,0.19353485107421875
2026-08-29T14:48:00-07:00,3,37.5,7.669120788574219
2026-08-29T14:49:00-07:00,0,99.25,38.47846984863281
2026-08-29T14:49:00-07:00,1,94.5,127.76362609863281
2026-08-29T14:49:00-07:00,2,0.0,0.128814697265625
2026-08-29T14:49:00-07:00,3,12.5,3.164459228515625
2026-08-29T14:50:00-07:00,0,98.75,38.35064697265625
2026-08-29T14:50:00-07:00,1,94.375,127.63580322265625
2026-08-29T14:50:00-07:00,2,0.0,0.00018310546875
2026-08-29T14:50:00-07:00,3,0.0,0.00018310546875
2026-08-29T14:51:00-07:00,0,99.5,38.35064697265625
2026-08-29T14:51:00-07:00,1,94.625,127.63580322265625
2026-08-29T14:51:00-07:00,2,0.0,0.00018310546875
2026-08-29T14:51:00-07:00,3,0.0,0.00018310546875
2026-08-29T14:52:00-07:00,0,99.75,38.35064697265625
2026-08-29T14:52:00-07:00,1,93.625,127.63580322265625
2026-08-29T14:52:00-07:00,2,0.0,0.00018310546875
2026-08-29T14:52:00-07:00,3,0.0,0.00018310546875
2026-08-29T14:53:00-07:00,0,98.25,38.35064697265625
2026-08-29T14:53:00-07:00,1,92.125,127.63580322265625
2026-08-29T14:53:00-07:00,2,0.0,0.00018310546875
2026-08-29T14:53:00-07:00,3,0.0,0.00018310546875
2026-08-29T14:54:00-07:00,0,98.875,38.35064697265625
2026-08-29T14:54:00-07:00,1,94.375,127.63580322265625
2026-08-29T14:54:00-07:00,2,0.0,0.00018310546875
2026-08-29T14:54:00-07:00,3,0.0,0.00018310546875
2026-08-29T14:55:00-07:00,0,100.0,38.35064697265625
2026-08-29T14:55:00-07:00,1,92.625,127.63580322265625
2026-08-29T14:55:00-07:00,2,0.0,0.00018310546875
2026-08-29T14:55:00-07:00,3,0.0,0.00018310546875
2026-08-29T14:56:00-07:00,0,100.0,38.35064697265625
2026-08-29T14:56:00-07:00,1,95.625,127.63580322265625
2026-08-29T14:56:00-07:00,2,0.0,0.00018310546875
2026-08-29T14:56:00-07:00,3,0.0,0.00018310546875
2026-08-29T14:57:00-07:00,0,99.625,38.35064697265625
2026-08-29T14:57:00-07:00,1,70.625,127.63580322265625
2026-08-29T14:57:00-07:00,2,0.0,0.00018310546875
2026-08-29T14:57:00-07:00,3,0.0,0.00018310546875
2026-08-29T14:58:00-07:00,0,98.875,38.35064697265625
2026-08-29T14:58:00-07:00,1,0.0,127.63580322265625
2026-08-29T14:58:00-07:00,2,0.0,0.00018310546875
2026-08-29T14:58:00-07:00,3,0.0,0.00018310546875
2026-08-29T14:59:00-07:00,0,50.5,38.35064697265625
2026-08-29T14:59:00-07:00,1,0.0,127.63580322265625
2026-08-29T14:59:00-07:00,2,0.0,0.00018310546875
2026-08-29T14:59:00-07:00,3,0.0,0.00018310546875
2026-08-29T15:00:00-07:00,0,98.75,38.35064697265625
2026-08-29T15:00:00-07:00,1,2.0,127.63580322265625
2026-08-29T15:00:00-07:00,2,0.0,0.00018310546875
2026-08-29T15:00:00-07:00,3,0.0,0.00018310546875
2026-08-29T15:01:00-07:00,0,100.0,38.35064697265625
2026-08-29T15:01:00-07:00,1,1.875,127.63580322265625
2026-08-29T15:01:00-07:00,2,0.0,0.00018310546875
2026-08-29T15:01:00-07:00,3,0.0,0.00018310546875
2026-08-29T15:02:00-07:00,0,99.0,38.35064697265625
2026-08-29T15:02:00-07:00,1,2.25,127.63580322265625
2026-08-29T15:02:00-07:00,2,0.0,0.00018310546875
2026-08-29T15:02:00-07:00,3,0.0,0.00018310546875
2026-08-29T15:03:00-07:00,0,99.5,38.35064697265625
2026-08-29T15:03:00-07:00,1,71.125,127.63580322265625
2026-08-29T15:03:00-07:00,2,0.0,0.00018310546875
2026-08-29T15:03:00-07:00,3,0.0,0.00018310546875
2026-08-29T15:04:00-07:00,0,98.625,38.35064697265625
2026-08-29T15:04:00-07:00,1,93.375,127.63580322265625
2026-08-29T15:04:00-07:00,2,0.0,0.00018310546875
2026-08-29T15:04:00-07:00,3,0.0,0.00018310546875
2026-08-29T15:05:00-07:00,0,100.0,38.35064697265625
2026-08-29T15:05:00-07:00,1,95.0,127.63580322265625
2026-08-29T15:05:00-07:00,2,0.0,0.00018310546875
2026-08-29T15:05:00-07:00,3,0.0,0.00018310546875
2026-08-29T15:06:00-07:00,0,98.5,38.35064697265625
2026-08-29T15:06:00-07:00,1,93.0,127.63580322265625
2026-08-29T15:06:00-07:00,2,0.0,0.00018310546875
2026-08-29T15:06:00-07:00,3,0.0,0.00018310546875
2026-08-29T15:07:00-07:00,0,99.5,38.35064697265625
2026-08-29T15:07:00-07:00,1,96.0,127.63580322265625
2026-08-29T15:07:00-07:00,2,0.0,0.00018310546875
2026-08-29T15:07:00-07:00,3,0.0,0.00018310546875
2026-08-29T15:08:00-07:00,0,100.0,38.35064697265625
2026-08-29T15:08:00-07:00,1,92.75,127.63580322265625
2026-08-29T15:08:00-07:00,2,0.0,0.00018310546875
2026-08-29T15:08:00-07:00,3,0.0,0.00018310546875
2026-08-29T15:09:00-07:00,0,99.875,38.35064697265625
2026-08-29T15:09:00-07:00,1,94.875,127.63580322265625
2026-08-29T15:09:00-07:00,2,0.0,0.00018310546875
2026-08-29T15:09:00-07:00,3,0.0,0.00018310546875
2026-08-29T15:10:00-07:00,0,98.625,38.35064697265625
2026-08-29T15:10:00-07:00,1,94.125,127.63580322265625
2026-08-29T15:10:00-07:00,2,0.0,0.00018310546875
2026-08-29T15:10:00-07:00,3,0.0,0.00018310546875
2026-08-29T15:11:00-07:00,0,100.0,38.35064697265625
2026-08-29T15:11:00-07:00,1,93.5,127.63580322265625
2026-08-29T15:11:00-07:00,2,0.0,0.00018310546875
2026-08-29T15:11:00-07:00,3,0.0,0.00018310546875
2026-08-29T15:12:00-07:00,0,99.125,38.35064697265625
2026-08-29T15:12:00-07:00,1,93.125,127.63580322265625
2026-08-29T15:12:00-07:00,2,0.0,0.00018310546875
2026-08-29T15:12:00-07:00,3,0.0,0.00018310546875
2026-08-29T15:13:00-07:00,0,49.375,38.35064697265625
2026-08-29T15:13:00-07:00,1,93.375,127.63580322265625
2026-08-29T15:13:00-07:00,2,0.0,0.00018310546875
2026-08-29T15:13:00-07:00,3,0.0,0.00018310546875
2026-08-29T15:14:00-07:00,0,99.75,38.35064697265625
2026-08-29T15:14:00-07:00,1,94.25,127.63580322265625
2026-08-29T15:14:00-07:00,2,0.0,0.00018310546875
2026-08-29T15:14:00-07:00,3,0.0,0.00018310546875
2026-08-29T15:15:00-07:00,0,99.625,38.35064697265625
2026-08-29T15:15:00-07:00,1,93.625,127.63580322265625
2026-08-29T15:15:00-07:00,2,0.0,0.00018310546875
2026-08-29T15:15:00-07:00,3,0.125,0.00018310546875
2026-08-29T15:16:00-07:00,0,99.875,38.35064697265625
2026-08-29T15:16:00-07:00,1,96.0,127.63580322265625
2026-08-29T15:16:00-07:00,2,0.0,0.00018310546875
2026-08-29T15:16:00-07:00,3,0.0,0.00018310546875
2026-08-29T15:17:00-07:00,0,99.875,38.35064697265625
2026-08-29T15:17:00-07:00,1,94.125,127.63580322265625
2026-08-29T15:17:00-07:00,2,0.0,0.00018310546875
2026-08-29T15:17:00-07:00,3,0.0,0.00018310546875
2026-08-29T15:18:00-07:00,0,99.125,38.35064697265625
2026-08-29T15:18:00-07:00,1,28.375,127.63580322265625
2026-08-29T15:18:00-07:00,2,0.0,0.00018310546875
2026-08-29T15:18:00-07:00,3,0.0,0.00018310546875
2026-08-29T15:19:00-07:00,0,99.875,38.35064697265625
2026-08-29T15:19:00-07:00,1,0.0,127.63580322265625
2026-08-29T15:19:00-07:00,2,0.0,0.00018310546875
2026-08-29T15:19:00-07:00,3,0.0,0.00018310546875
2026-08-29T15:20:00-07:00,0,100.0,38.35064697265625
2026-08-29T15:20:00-07:00,1,1.0,127.63580322265625
2026-08-29T15:20:00-07:00,2,0.0,0.00018310546875
2026-08-29T15:20:00-07:00,3,0.0,0.00018310546875
2026-08-29T15:21:00-07:00,0,99.875,38.35064697265625
2026-08-29T15:21:00-07:00,1,3.625,127.63580322265625
2026-08-29T15:21:00-07:00,2,0.0,0.00018310546875
2026-08-29T15:21:00-07:00,3,0.0,0.00018310546875
2026-08-29T15:22:00-07:00,0,98.0,38.35064697265625
2026-08-29T15:22:00-07:00,1,2.0,127.63580322265625
2026-08-29T15:22:00-07:00,2,0.0,0.00018310546875
2026-08-29T15:22:00-07:00,3,0.0,0.00018310546875
2026-08-29T15:23:00-07:00,0,99.25,38.35064697265625
2026-08-29T15:23:00-07:00,1,35.875,127.63580322265625
2026-08-29T15:23:00-07:00,2,0.0,0.00018310546875
2026-08-29T15:23:00-07:00,3,0.0,0.00018310546875
2026-08-29T15:24:00-07:00,0,99.875,38.35064697265625
2026-08-29T15:24:00-07:00,1,93.375,127.63580322265625
2026-08-29T15:24:00-07:00,2,0.0,0.00018310546875
2026-08-29T15:24:00-07:00,3,0.0,0.00018310546875
2026-08-29T15:25:00-07:00,0,100.0,38.35064697265625
2026-08-29T15:25:00-07:00,1,92.75,127.63580322265625
2026-08-29T15:25:00-07:00,2,0.0,0.00018310546875
2026-08-29T15:25:00-07:00,3,0.0,0.00018310546875
2026-08-29T15:26:00-07:00,0,99.875,38.35064697265625
2026-08-29T15:26:00-07:00,1,93.25,127.63580322265625
2026-08-29T15:26:00-07:00,2,0.0,0.00018310546875
2026-08-29T15:26:00-07:00,3,0.0,0.00018310546875
2026-08-29T15:27:00-07:00,0,74.0,38.35064697265625
2026-08-29T15:27:00-07:00,1,94.375,127.63580322265625
2026-08-29T15:27:00-07:00,2,0.0,0.00018310546875
2026-08-29T15:27:00-07:00,3,0.0,0.00018310546875
2026-08-29T15:28:00-07:00,0,63.5,38.35064697265625
2026-08-29T15:28:00-07:00,1,92.75,127.63580322265625
2026-08-29T15:28:00-07:00,2,0.0,0.00018310546875
2026-08-29T15:28:00-07:00,3,0.0,0.00018310546875
2026-08-29T15:29:00-07:00,0,99.875,38.35064697265625
2026-08-29T15:29:00-07:00,1,94.875,127.63580322265625
2026-08-29T15:29:00-07:00,2,0.0,0.00018310546875
2026-08-29T15:29:00-07:00,3,0.0,0.00018310546875
2026-08-29T15:30:00-07:00,0,98.0,38.35064697265625
2026-08-29T15:30:00-07:00,1,95.625,127.63580322265625
2026-08-29T15:30:00-07:00,2,0.0,0.00018310546875
2026-08-29T15:30:00-07:00,3,0.0,0.00018310546875
2026-08-29T15:31:00-07:00,0,99.125,38.35064697265625
2026-08-29T15:31:00-07:00,1,93.0,127.63580322265625
2026-08-29T15:31:00-07:00,2,0.0,0.00018310546875
2026-08-29T15:31:00-07:00,3,0.0,0.00018310546875
2026-08-29T15:32:00-07:00,0,99.875,38.35064697265625
2026-08-29T15:32:00-07:00,1,95.125,127.63580322265625
2026-08-29T15:32:00-07:00,2,0.0,0.00018310546875
2026-08-29T15:32:00-07:00,3,0.0,0.00018310546875
2026-08-29T15:33:00-07:00,0,99.625,38.35064697265625
2026-08-29T15:33:00-07:00,1,92.75,127.63580322265625
2026-08-29T15:33:00-07:00,2,0.0,0.00018310546875
2026-08-29T15:33:00-07:00,3,0.0,0.00018310546875
2026-08-29T15:34:00-07:00,0,99.875,38.35064697265625
2026-08-29T15:34:00-07:00,1,93.625,127.63580322265625
2026-08-29T15:34:00-07:00,2,0.0,0.00018310546875
2026-08-29T15:34:00-07:00,3,0.0,0.00018310546875
2026-08-29T15:35:00-07:00,0,98.5,38.35064697265625
2026-08-29T15:35:00-07:00,1,93.75,127.63580322265625
2026-08-29T15:35:00-07:00,2,0.0,0.00018310546875
2026-08-29T15:35:00-07:00,3,0.0,0.00018310546875
2026-08-29T15:36:00-07:00,0,99.375,38.35064697265625
2026-08-29T15:36:00-07:00,1,93.75,127.63580322265625
2026-08-29T15:36:00-07:00,2,0.0,0.00018310546875
2026-08-29T15:36:00-07:00,3,0.0,0.00018310546875
2026-08-29T15:37:00-07:00,0,99.5,38.35064697265625
2026-08-29T15:37:00-07:00,1,94.625,127.63580322265625
2026-08-29T15:37:00-07:00,2,0.0,0.00018310546875
2026-08-29T15:37:00-07:00,3,0.0,0.00018310546875
2026-08-29T15:38:00-07:00,0,99.875,38.35064697265625
2026-08-29T15:38:00-07:00,1,74.0,127.63580322265625
2026-08-29T15:38:00-07:00,2,0.0,0.00018310546875
2026-08-29T15:38:00-07:00,3,0.0,0.00018310546875
2026-08-29T15:39:00-07:00,0,99.625,38.35064697265625
2026-08-29T15:39:00-07:00,1,0.875,127.63580322265625
2026-08-29T15:39:00-07:00,2,0.0,0.00018310546875
2026-08-29T15:39:00-07:00,3,0.0,0.00018310546875
2026-08-29T15:40:00-07:00,0,98.625,38.35064697265625
2026-08-29T15:40:00-07:00,1,0.0,127.63580322265625
2026-08-29T15:40:00-07:00,2,0.0,0.00018310546875
2026-08-29T15:40:00-07:00,3,0.0,0.00018310546875
2026-08-29T15:41:00-07:00,0,99.625,38.35064697265625
2026-08-29T15:41:00-07:00,1,4.375,127.63580322265625
2026-08-29T15:41:00-07:00,2,0.0,0.00018310546875
2026-08-29T15:41:00-07:00,3,0.0,0.00018310546875
2026-08-29T15:42:00-07:00,0,38.25,38.35064697265625
2026-08-29T15:42:00-07:00,1,1.25,127.63580322265625
2026-08-29T15:42:00-07:00,2,0.0,0.00018310546875
2026-08-29T15:42:00-07:00,3,0.0,0.00018310546875
2026-08-29T15:43:00-07:00,0,99.875,38.35064697265625
2026-08-29T15:43:00-07:00,1,0.0,127.63580322265625
2026-08-29T15:43:00-07:00,2,0.0,0.00018310546875
2026-08-29T15:43:00-07:00,3,0.0,0.00018310546875
2026-08-29T15:44:00-07:00,0,99.875,38.35064697265625
2026-08-29T15:44:00-07:00,1,82.375,127.63580322265625
2026-08-29T15:44:00-07:00,2,0.0,0.00018310546875
2026-08-29T15:44:00-07:00,3,0.0,0.00018310546875
2026-08-29T15:45:00-07:00,0,99.0,38.35064697265625
2026-08-29T15:45:00-07:00,1,92.125,127.63580322265625
2026-08-29T15:45:00-07:00,2,0.0,0.00018310546875
2026-08-29T15:45:00-07:00,3,0.0,0.00018310546875
2026-08-29T15:46:00-07:00,0,99.75,38.35064697265625
2026-08-29T15:46:00-07:00,1,93.0,127.63580322265625
2026-08-29T15:46:00-07:00,2,0.0,0.00018310546875
2026-08-29T15:46:00-07:00,3,0.0,0.00018310546875
2026-08-29T15:47:00-07:00,0,98.125,38.35064697265625
2026-08-29T15:47:00-07:00,1,92.875,127.63580322265625
2026-08-29T15:47:00-07:00,2,0.0,0.00018310546875
2026-08-29T15:47:00-07:00,3,0.0,0.00018310546875
2026-08-29T15:48:00-07:00,0,99.375,38.35064697265625
2026-08-29T15:48:00-07:00,1,92.375,127.63580322265625
2026-08-29T15:48:00-07:00,2,0.0,0.00018310546875
2026-08-29T15:48:00-07:00,3,0.0,0.00018310546875
2026-08-29T15:49:00-07:00,0,99.125,38.35064697265625
2026-08-29T15:49:00-07:00,1,94.125,127.63580322265625
2026-08-29T15:49:00-07:00,2,0.0,0.00018310546875
2026-08-29T15:49:00-07:00,3,0.0,0.00018310546875
2026-08-29T15:50:00-07:00,0,100.0,38.35064697265625
2026-08-29T15:50:00-07:00,1,95.125,127.63580322265625
2026-08-29T15:50:00-07:00,2,0.0,0.00018310546875
2026-08-29T15:50:00-07:00,3,0.0,0.00018310546875
2026-08-29T15:51:00-07:00,0,99.875,38.35064697265625
2026-08-29T15:51:00-07:00,1,93.75,127.63580322265625
2026-08-29T15:51:00-07:00,2,0.0,0.00018310546875
2026-08-29T15:51:00-07:00,3,0.0,0.00018310546875
2026-08-29T15:52:00-07:00,0,99.25,38.35064697265625
2026-08-29T15:52:00-07:00,1,94.125,127.63580322265625
2026-08-29T15:52:00-07:00,2,0.0,0.00018310546875
2026-08-29T15:52:00-07:00,3,0.0,0.00018310546875
2026-08-29T15:53:00-07:00,0,99.25,38.35064697265625
2026-08-29T15:53:00-07:00,1,93.625,127.63580322265625
2026-08-29T15:53:00-07:00,2,0.0,0.00018310546875
2026-08-29T15:53:00-07:00,3,0.0,0.00018310546875
2026-08-29T15:54:00-07:00,0,100.0,38.35064697265625
2026-08-29T15:54:00-07:00,1,93.25,127.63580322265625
2026-08-29T15:54:00-07:00,2,0.0,0.00018310546875
2026-08-29T15:54:00-07:00,3,0.0,0.00018310546875
2026-08-29T15:55:00-07:00,0,99.375,38.35064697265625
2026-08-29T15:55:00-07:00,1,91.75,127.63580322265625
2026-08-29T15:55:00-07:00,2,0.0,0.00018310546875
2026-08-29T15:55:00-07:00,3,0.0,0.00018310546875
2026-08-29T15:56:00-07:00,0,51.0,38.35064697265625
2026-08-29T15:56:00-07:00,1,92.625,127.63580322265625
2026-08-29T15:56:00-07:00,2,0.0,0.00018310546875
2026-08-29T15:56:00-07:00,3,0.0,0.00018310546875
2026-08-29T15:57:00-07:00,0,99.0,38.35064697265625
2026-08-29T15:57:00-07:00,1,92.625,127.63580322265625
2026-08-29T15:57:00-07:00,2,0.0,0.00018310546875
2026-08-29T15:57:00-07:00,3,0.0,0.00018310546875
2026-08-29T15:58:00-07:00,0,99.375,38.35064697265625
2026-08-29T15:58:00-07:00,1,93.875,127.63580322265625
2026-08-29T15:58:00-07:00,2,0.0,0.00018310546875
2026-08-29T15:58:00-07:00,3,0.0,0.00018310546875
2026-08-29T15:59:00-07:00,0,99.5,38.35064697265625
2026-08-29T15:59:00-07:00,1,14.375,127.63580322265625
2026-08-29T15:59:00-07:00,2,0.0,0.00018310546875
2026-08-29T15:59:00-07:00,3,0.0,0.00018310546875
2026-08-29T16:00:00-07:00,0,100.0,38.35064697265625
2026-08-29T16:00:00-07:00,1,2.0,127.63580322265625
2026-08-29T16:00:00-07:00,2,0.0,0.00018310546875
2026-08-29T16:00:00-07:00,3,0.0,0.00018310546875
2026-08-29T16:01:00-07:00,0,99.375,38.35064697265625
2026-08-29T16:01:00-07:00,1,2.75,127.63580322265625
2026-08-29T16:01:00-07:00,2,0.0,0.00018310546875
2026-08-29T16:01:00-07:00,3,0.0,0.00018310546875
2026-08-29T16:02:00-07:00,0,99.0,38.35064697265625
2026-08-29T16:02:00-07:00,1,1.875,127.63580322265625
2026-08-29T16:02:00-07:00,2,0.0,0.00018310546875
2026-08-29T16:02:00-07:00,3,0.0,0.00018310546875
2026-08-29T16:03:00-07:00,0,99.625,38.35064697265625
2026-08-29T16:03:00-07:00,1,1.0,127.63580322265625
2026-08-29T16:03:00-07:00,2,0.0,0.00018310546875
2026-08-29T16:03:00-07:00,3,0.0,0.00018310546875
2026-08-29T16:04:00-07:00,0,98.75,38.35064697265625
2026-08-29T16:04:00-07:00,1,47.375,127.63580322265625
2026-08-29T16:04:00-07:00,2,0.0,0.00018310546875
2026-08-29T16:04:00-07:00,3,0.0,0.00018310546875
2026-08-29T16:05:00-07:00,0,99.0,38.35064697265625
2026-08-29T16:05:00-07:00,1,94.5,127.63580322265625
2026-08-29T16:05:00-07:00,2,0.0,0.00018310546875
2026-08-29T16:05:00-07:00,3,0.0,0.00018310546875
2026-08-29T16:06:00-07:00,0,100.0,38.35064697265625
2026-08-29T16:06:00-07:00,1,96.0,127.63580322265625
2026-08-29T16:06:00-07:00,2,0.0,0.00018310546875
2026-08-29T16:06:00-07:00,3,0.0,0.00018310546875
2026-08-29T16:07:00-07:00,0,99.875,38.35064697265625
2026-08-29T16:07:00-07:00,1,93.375,127.63580322265625
2026-08-29T16:07:00-07:00,2,0.0,0.00018310546875
2026-08-29T16:07:00-07:00,3,0.0,0.00018310546875
2026-08-29T16:08:00-07:00,0,98.5,38.35064697265625
2026-08-29T16:08:00-07:00,1,96.0,127.63580322265625
2026-08-29T16:08:00-07:00,2,0.0,0.00018310546875
2026-08-29T16:08:00-07:00,3,0.0,0.00018310546875
2026-08-29T16:09:00-07:00,0,98.875,38.35064697265625
2026-08-29T16:09:00-07:00,1,94.875,127.63580322265625
2026-08-29T16:09:00-07:00,2,0.0,0.00018310546875
2026-08-29T16:09:00-07:00,3,0.0,0.00018310546875
2026-08-29T16:10:00-07:00,0,87.25,38.35064697265625
2026-08-29T16:10:00-07:00,1,94.75,127.63580322265625
2026-08-29T16:10:00-07:00,2,0.0,0.00018310546875
2026-08-29T16:10:00-07:00,3,0.0,0.00018310546875
2026-08-29T16:11:00-07:00,0,62.25,38.35064697265625
2026-08-29T16:11:00-07:00,1,93.875,127.63580322265625
2026-08-29T16:11:00-07:00,2,0.0,0.00018310546875
2026-08-29T16:11:00-07:00,3,0.0,0.00018310546875
2026-08-29T16:12:00-07:00,0,89.5,38.35064697265625
2026-08-29T16:12:00-07:00,1,94.0,127.63580322265625
2026-08-29T16:12:00-07:00,2,0.0,0.00018310546875
2026-08-29T16:12:00-07:00,3,0.0,0.00018310546875
2026-08-29T16:13:00-07:00,0,99.625,38.35064697265625
2026-08-29T16:13:00-07:00,1,94.375,127.63580322265625
2026-08-29T16:13:00-07:00,2,0.0,0.00018310546875
2026-08-29T16:13:00-07:00,3,0.0,0.00018310546875
2026-08-29T16:14:00-07:00,0,99.5,38.35064697265625
2026-08-29T16:14:00-07:00,1,96.25,127.63580322265625
2026-08-29T16:14:00-07:00,2,0.0,0.00018310546875
2026-08-29T16:14:00-07:00,3,0.0,0.00018310546875
2026-08-29T16:15:00-07:00,0,100.0,38.35064697265625
2026-08-29T16:15:00-07:00,1,92.0,127.63580322265625
2026-08-29T16:15:00-07:00,2,0.0,0.00018310546875
2026-08-29T16:15:00-07:00,3,0.0,0.00018310546875
2026-08-29T16:16:00-07:00,0,98.5,38.35064697265625
2026-08-29T16:16:00-07:00,1,93.875,127.63580322265625
2026-08-29T16:16:00-07:00,2,0.0,0.00018310546875
2026-08-29T16:16:00-07:00,3,0.0,0.00018310546875
2026-08-29T16:17:00-07:00,0,99.375,38.35064697265625
2026-08-29T16:17:00-07:00,1,93.5,127.63580322265625
2026-08-29T16:17:00-07:00,2,0.0,0.00018310546875
2026-08-29T16:17:00-07:00,3,0.0,0.00018310546875
2026-08-29T16:18:00-07:00,0,99.5,38.35064697265625
2026-08-29T16:18:00-07:00,1,95.0,127.63580322265625
2026-08-29T16:18:00-07:00,2,0.0,0.00018310546875
2026-08-29T16:18:00-07:00,3,0.0,0.00018310546875
2026-08-29T16:19:00-07:00,0,99.0,38.35064697265625
2026-08-29T16:19:00-07:00,1,45.5,127.63580322265625
2026-08-29T16:19:00-07:00,2,0.0,0.00018310546875
2026-08-29T16:19:00-07:00,3,0.0,0.00018310546875
2026-08-29T16:20:00-07:00,0,99.5,38.35064697265625
2026-08-29T16:20:00-07:00,1,0.0,127.63580322265625
2026-08-29T16:20:00-07:00,2,0.0,0.00018310546875
2026-08-29T16:20:00-07:00,3,0.0,0.00018310546875
2026-08-29T16:21:00-07:00,0,99.5,38.35064697265625
2026-08-29T16:21:00-07:00,1,1.0,127.63580322265625
2026-08-29T16:21:00-07:00,2,0.0,0.00018310546875
2026-08-29T16:21:00-07:00,3,0.0,0.00018310546875
2026-08-29T16:22:00-07:00,0,99.5,38.35064697265625
2026-08-29T16:22:00-07:00,1,3.625,127.63580322265625
2026-08-29T16:22:00-07:00,2,0.0,0.00018310546875
2026-08-29T16:22:00-07:00,3,0.0,0.00018310546875
2026-08-29T16:23:00-07:00,0,99.5,38.35064697265625
2026-08-29T16:23:00-07:00,1,1.0,127.63580322265625
2026-08-29T16:23:00-07:00,2,0.0,0.00018310546875
2026-08-29T16:23:00-07:00,3,0.0,0.00018310546875
2026-08-29T16:24:00-07:00,0,99.5,38.35064697265625
2026-08-29T16:24:00-07:00,1,0.0,127.63580322265625
2026-08-29T16:24:00-07:00,2,0.5,4.5522003173828125
2026-08-29T16:24:00-07:00,3,0.0,0.00018310546875
2026-08-29T16:25:00-07:00,0,50.0,38.35064697265625
2026-08-29T16:25:00-07:00,1,92.5,127.63580322265625
2026-08-29T16:25:00-07:00,2,24.75,9.84625244140625
2026-08-29T16:25:00-07:00,3,0.0,0.00018310546875
2026-08-29T16:26:00-07:00,0,98.75,38.35064697265625
2026-08-29T16:26:00-07:00,1,94.0,127.63580322265625
2026-08-29T16:26:00-07:00,2,99.5,11.37408447265625
2026-08-29T16:26:00-07:00,3,0.0,0.00018310546875
2026-08-29T16:27:00-07:00,0,99.75,38.35064697265625
2026-08-29T16:27:00-07:00,1,95.5,127.63580322265625
2026-08-29T16:27:00-07:00,2,51.0,11.38238525390625
2026-08-29T16:27:00-07:00,3,0.0,0.00018310546875
2026-08-29T16:28:00-07:00,0,99.0,38.35064697265625
2026-08-29T16:28:00-07:00,1,93.75,127.63580322265625
2026-08-29T16:28:00-07:00,2,0.5,15.3756103515625
2026-08-29T16:28:00-07:00,3,0.0,0.00018310546875
2026-08-29T16:29:00-07:00,0,99.875,38.35064697265625
2026-08-29T16:29:00-07:00,1,91.375,127.63580322265625
2026-08-29T16:29:00-07:00,2,0.875,4.048675537109375
2026-08-29T16:29:00-07:00,3,0.875,4.048675537109375
2026-08-29T16:30:00-07:00,0,99.875,38.35064697265625
2026-08-29T16:30:00-07:00,1,93.625,127.63580322265625
2026-08-29T16:30:00-07:00,2,0.125,9.32843017578125
2026-08-29T16:30:00-07:00,3,0.125,9.58306884765625
2026-08-29T16:31:00-07:00,0,99.0,38.35064697265625
2026-08-29T16:31:00-07:00,1,92.875,127.63580322265625
2026-08-29T16:31:00-07:00,2,87.0,11.12091064453125
2026-08-29T16:31:00-07:00,3,99.625,11.37408447265625
2026-08-29T16:32:00-07:00,0,100.0,38.35064697265625
2026-08-29T16:32:00-07:00,1,90.375,127.63580322265625
2026-08-29T16:32:00-07:00,2,87.625,11.37554931640625
2026-08-29T16:32:00-07:00,3,74.625,11.37945556640625
2026-08-29T16:33:00-07:00,0,99.5,38.35064697265625
2026-08-29T16:33:00-07:00,1,81.125,127.63580322265625
2026-08-29T16:33:00-07:00,2,74.75,25.91217041015625
2026-08-29T16:33:00-07:00,3,76.25,25.91217041015625
2026-08-29T16:34:00-07:00,0,99.0,38.35064697265625
2026-08-29T16:34:00-07:00,1,94.875,127.63580322265625
2026-08-29T16:34:00-07:00,2,99.75,30.75494384765625
2026-08-29T16:34:00-07:00,3,99.25,30.75494384765625
2026-08-29T16:35:00-07:00,0,100.0,38.35064697265625
2026-08-29T16:35:00-07:00,1,84.875,127.63580322265625
2026-08-29T16:35:00-07:00,2,74.5,30.75494384765625
2026-08-29T16:35:00-07:00,3,74.5,30.75494384765625
2026-08-29T16:36:00-07:00,0,99.75,38.35064697265625
2026-08-29T16:36:00-07:00,1,94.375,127.63580322265625
2026-08-29T16:36:00-07:00,2,99.5,30.75494384765625
2026-08-29T16:36:00-07:00,3,99.75,30.75494384765625
2026-08-29T16:37:00-07:00,0,98.625,38.35064697265625
2026-08-29T16:37:00-07:00,1,90.5,127.63580322265625
2026-08-29T16:37:00-07:00,2,87.125,30.75494384765625
2026-08-29T16:37:00-07:00,3,81.0,30.75494384765625
2026-08-29T16:38:00-07:00,0,92.625,38.35064697265625
2026-08-29T16:38:00-07:00,1,88.125,127.63580322265625
2026-08-29T16:38:00-07:00,2,87.25,30.75494384765625
2026-08-29T16:38:00-07:00,3,86.875,30.75494384765625
2026-08-29T16:39:00-07:00,0,73.875,38.35064697265625
2026-08-29T16:39:00-07:00,1,93.25,127.63580322265625
2026-08-29T16:39:00-07:00,2,99.25,30.75494384765625
2026-08-29T16:39:00-07:00,3,99.625,30.75494384765625
2026-08-29T16:40:00-07:00,0,75.0,38.35064697265625
2026-08-29T16:40:00-07:00,1,48.25,127.63580322265625
2026-08-29T16:40:00-07:00,2,86.875,30.75494384765625
2026-08-29T16:40:00-07:00,3,87.375,30.75494384765625
2026-08-29T16:41:00-07:00,0,99.75,38.35064697265625
2026-08-29T16:41:00-07:00,1,1.75,127.63580322265625
2026-08-29T16:41:00-07:00,2,100.0,30.75494384765625
2026-08-29T16:41:00-07:00,3,99.5,30.75494384765625
2026-08-29T16:42:00-07:00,0,98.625,38.35064697265625
2026-08-29T16:42:00-07:00,1,1.0,127.63580322265625
2026-08-29T16:42:00-07:00,2,74.5,30.75494384765625
2026-08-29T16:42:00-07:00,3,74.75,30.75494384765625
2026-08-29T16:43:00-07:00,0,99.75,38.35064697265625
2026-08-29T16:43:00-07:00,1,3.75,127.63580322265625
2026-08-29T16:43:00-07:00,2,99.5,30.75494384765625
2026-08-29T16:43:00-07:00,3,99.625,30.75494384765625
2026-08-29T16:44:00-07:00,0,99.625,38.35064697265625
2026-08-29T16:44:00-07:00,1,0.0,127.63580322265625
2026-08-29T16:44:00-07:00,2,99.25,30.75494384765625
2026-08-29T16:44:00-07:00,3,99.5,30.75494384765625
2026-08-29T16:45:00-07:00,0,100.0,38.35064697265625
2026-08-29T16:45:00-07:00,1,0.0,127.63580322265625
2026-08-29T16:45:00-07:00,2,74.625,30.75494384765625
2026-08-29T16:45:00-07:00,3,74.875,30.75494384765625
2026-08-29T16:46:00-07:00,0,99.625,38.35064697265625
2026-08-29T16:46:00-07:00,1,1.75,127.63580322265625
2026-08-29T16:46:00-07:00,2,99.5,30.75494384765625
2026-08-29T16:46:00-07:00,3,99.75,30.75494384765625
2026-08-29T16:47:00-07:00,0,99.875,38.35064697265625
2026-08-29T16:47:00-07:00,1,0.625,127.63580322265625
2026-08-29T16:47:00-07:00,2,87.0,30.75494384765625
2026-08-29T16:47:00-07:00,3,74.625,30.75494384765625
2026-08-29T16:48:00-07:00,0,99.5,38.35064697265625
2026-08-29T16:48:00-07:00,1,0.875,127.63580322265625
2026-08-29T16:48:00-07:00,2,99.625,30.75494384765625
2026-08-29T16:48:00-07:00,3,99.125,30.75494384765625
2026-08-29T16:49:00-07:00,0,99.125,38.35064697265625
2026-08-29T16:49:00-07:00,1,2.0,127.63580322265625
2026-08-29T16:49:00-07:00,2,99.5,30.75494384765625
2026-08-29T16:49:00-07:00,3,99.625,30.75494384765625
2026-08-29T16:50:00-07:00,0,99.875,38.35064697265625
2026-08-29T16:50:00-07:00,1,1.0,127.63580322265625
2026-08-29T16:50:00-07:00,2,74.625,30.75494384765625
2026-08-29T16:50:00-07:00,3,74.75,30.75494384765625
2026-08-29T16:51:00-07:00,0,98.75,38.35064697265625
2026-08-29T16:51:00-07:00,1,0.0,127.63580322265625
2026-08-29T16:51:00-07:00,2,99.5,30.75494384765625
2026-08-29T16:51:00-07:00,3,99.375,30.75494384765625
2026-08-29T16:52:00-07:00,0,99.75,38.35064697265625
2026-08-29T16:52:00-07:00,1,0.0,2.3532562255859375
2026-08-29T16:52:00-07:00,2,98.75,30.75494384765625
2026-08-29T16:52:00-07:00,3,74.75,30.75494384765625
2026-08-29T16:53:00-07:00,0,99.5,38.35064697265625
2026-08-29T16:53:00-07:00,1,0.25,34.835784912109375
2026-08-29T16:53:00-07:00,2,99.75,30.75494384765625
2026-08-29T16:53:00-07:00,3,99.5,30.75494384765625
2026-08-29T16:54:00-07:00,0,50.0,38.35064697265625
2026-08-29T16:54:00-07:00,1,0.0,0.00018310546875
2026-08-29T16:54:00-07:00,2,74.75,30.75494384765625
2026-08-29T16:54:00-07:00,3,99.5,30.75494384765625
2026-08-29T16:55:00-07:00,0,98.5,38.35064697265625
2026-08-29T16:55:00-07:00,1,0.0,0.00018310546875
2026-08-29T16:55:00-07:00,2,99.0,30.75494384765625
2026-08-29T16:55:00-07:00,3,74.75,30.75494384765625
2026-08-29T16:56:00-07:00,0,99.25,38.35064697265625
2026-08-29T16:56:00-07:00,1,0.0,0.00018310546875
2026-08-29T16:56:00-07:00,2,99.75,30.75494384765625
2026-08-29T16:56:00-07:00,3,99.25,30.75494384765625
2026-08-29T16:57:00-07:00,0,99.0,38.35064697265625
2026-08-29T16:57:00-07:00,1,0.0,0.00018310546875
2026-08-29T16:57:00-07:00,2,100.0,30.75494384765625
2026-08-29T16:57:00-07:00,3,99.75,30.75494384765625
2026-08-29T16:58:00-07:00,0,99.5,38.35064697265625
2026-08-29T16:58:00-07:00,1,0.0,0.00018310546875
2026-08-29T16:58:00-07:00,2,99.0,30.75494384765625
2026-08-29T16:58:00-07:00,3,99.25,30.75494384765625
2026-08-29T16:59:00-07:00,0,98.0,38.35064697265625
2026-08-29T16:59:00-07:00,1,0.0,0.00018310546875
2026-08-29T16:59:00-07:00,2,74.75,30.75494384765625
2026-08-29T16:59:00-07:00,3,74.5,30.75494384765625
2026-08-29T17:00:00-07:00,0,99.75,38.35064697265625
2026-08-29T17:00:00-07:00,1,0.0,0.00018310546875
2026-08-29T17:00:00-07:00,2,99.75,30.75494384765625
2026-08-29T17:00:00-07:00,3,99.75,30.75494384765625
2026-08-29T17:01:00-07:00,0,99.75,38.35064697265625
2026-08-29T17:01:00-07:00,1,0.0,0.00018310546875
2026-08-29T17:01:00-07:00,2,99.5,30.75494384765625
2026-08-29T17:01:00-07:00,3,99.75,30.75494384765625
2026-08-29T17:02:00-07:00,0,100.0,38.35064697265625
2026-08-29T17:02:00-07:00,1,0.0,0.00018310546875
2026-08-29T17:02:00-07:00,2,99.75,30.75494384765625
2026-08-29T17:02:00-07:00,3,74.75,30.75494384765625
2026-08-29T17:03:00-07:00,0,99.75,38.35064697265625
2026-08-29T17:03:00-07:00,1,0.0,0.00018310546875
2026-08-29T17:03:00-07:00,2,100.0,30.75494384765625
2026-08-29T17:03:00-07:00,3,99.25,30.75494384765625
2026-08-29T17:04:00-07:00,0,99.5,38.35064697265625
2026-08-29T17:04:00-07:00,1,0.0,0.00018310546875
2026-08-29T17:04:00-07:00,2,75.0,30.75494384765625
2026-08-29T17:04:00-07:00,3,99.75,30.75494384765625
2026-08-29T17:05:00-07:00,0,99.0,38.35064697265625
2026-08-29T17:05:00-07:00,1,0.0,0.00018310546875
2026-08-29T17:05:00-07:00,2,99.5,30.75494384765625
2026-08-29T17:05:00-07:00,3,99.75,30.75494384765625
2026-08-29T17:06:00-07:00,0,100.0,38.35064697265625
2026-08-29T17:06:00-07:00,1,0.0,0.00018310546875
2026-08-29T17:06:00-07:00,2,98.75,30.75494384765625
2026-08-29T17:06:00-07:00,3,99.75,30.75494384765625
2026-08-29T17:07:00-07:00,0,98.25,38.35064697265625
2026-08-29T17:07:00-07:00,1,0.0,0.00018310546875
2026-08-29T17:07:00-07:00,2,99.75,30.75494384765625
2026-08-29T17:07:00-07:00,3,74.75,30.75494384765625
2026-08-29T17:08:00-07:00,0,50.0,38.35064697265625
2026-08-29T17:08:00-07:00,1,0.0,0.00018310546875
2026-08-29T17:08:00-07:00,2,100.0,30.75494384765625
2026-08-29T17:08:00-07:00,3,99.75,30.75494384765625
2026-08-29T17:09:00-07:00,0,2.75,19.176223754882812
2026-08-29T17:09:00-07:00,1,0.0,0.00018310546875
2026-08-29T17:09:00-07:00,2,74.5,30.75494384765625
2026-08-29T17:09:00-07:00,3,74.5,30.75494384765625
2026-08-29T17:10:00-07:00,0,0.0,0.00018310546875
2026-08-29T17:10:00-07:00,1,1.375,1.378326416015625
2026-08-29T17:10:00-07:00,2,99.0,30.75494384765625
2026-08-29T17:10:00-07:00,3,99.625,30.75494384765625
2026-08-29T17:11:00-07:00,0,0.0,0.00018310546875
2026-08-29T17:11:00-07:00,1,0.25,5.151763916015625
2026-08-29T17:11:00-07:00,2,74.5,30.75494384765625
2026-08-29T17:11:00-07:00,3,99.75,30.75494384765625
2026-08-29T17:12:00-07:00,0,0.0,0.00018310546875
2026-08-29T17:12:00-07:00,1,2.5,5.151763916015625
2026-08-29T17:12:00-07:00,2,75.0,30.75494384765625
2026-08-29T17:12:00-07:00,3,75.0,30.75494384765625
2026-08-29T17:13:00-07:00,0,0.0,0.00018310546875
2026-08-29T17:13:00-07:00,1,0.0,0.00018310546875
2026-08-29T17:13:00-07:00,2,74.25,30.75494384765625
2026-08-29T17:13:00-07:00,3,99.5,30.75494384765625
2026-08-29T17:14:00-07:00,0,0.0,0.00018310546875
2026-08-29T17:14:00-07:00,1,0.0,0.00018310546875
2026-08-29T17:14:00-07:00,2,96.75,30.75494384765625
2026-08-29T17:14:00-07:00,3,100.0,30.75494384765625
2026-08-29T17:15:00-07:00,0,0.0,0.00018310546875
2026-08-29T17:15:00-07:00,1,0.0,0.00018310546875
2026-08-29T17:15:00-07:00,2,99.625,30.75494384765625
2026-08-29T17:15:00-07:00,3,99.75,30.75494384765625
2026-08-29T17:16:00-07:00,0,0.0,0.00018310546875
2026-08-29T17:16:00-07:00,1,0.0,0.00018310546875
2026-08-29T17:16:00-07:00,2,74.75,30.75494384765625
2026-08-29T17:16:00-07:00,3,75.0,30.75494384765625
2026-08-29T17:17:00-07:00,0,0.0,0.00018310546875
2026-08-29T17:17:00-07:00,1,0.0,0.00018310546875
2026-08-29T17:17:00-07:00,2,98.75,30.75494384765625
2026-08-29T17:17:00-07:00,3,99.75,30.75494384765625
2026-08-29T17:18:00-07:00,0,0.0,0.00018310546875
2026-08-29T17:18:00-07:00,1,0.0,0.00018310546875
2026-08-29T17:18:00-07:00,2,74.25,30.75494384765625
2026-08-29T17:18:00-07:00,3,99.5,30.75494384765625
2026-08-29T17:19:00-07:00,0,0.0,0.00018310546875
2026-08-29T17:19:00-07:00,1,0.0,0.00018310546875
2026-08-29T17:19:00-07:00,2,98.375,30.75494384765625
2026-08-29T17:19:00-07:00,3,74.75,30.75494384765625
2026-08-29T17:20:00-07:00,0,0.0,0.00018310546875
2026-08-29T17:20:00-07:00,1,0.0,0.00018310546875
2026-08-29T17:20:00-07:00,2,99.25,30.75494384765625
2026-08-29T17:20:00-07:00,3,99.5,30.75494384765625
2026-08-29T17:21:00-07:00,0,0.0,0.00018310546875
2026-08-29T17:21:00-07:00,1,0.0,0.00018310546875
2026-08-29T17:21:00-07:00,2,75.0,30.75494384765625
2026-08-29T17:21:00-07:00,3,75.0,30.75494384765625
2026-08-29T17:22:00-07:00,0,0.0,0.00018310546875
2026-08-29T17:22:00-07:00,1,0.0,0.00018310546875
2026-08-29T17:22:00-07:00,2,99.5,30.75494384765625
2026-08-29T17:22:00-07:00,3,99.5,30.75494384765625
2026-08-29T17:23:00-07:00,0,0.0,0.00018310546875
2026-08-29T17:23:00-07:00,1,0.0,0.00018310546875
2026-08-29T17:23:00-07:00,2,74.25,30.75494384765625
2026-08-29T17:23:00-07:00,3,99.75,30.75494384765625
2026-08-29T17:24:00-07:00,0,0.0,0.00018310546875
2026-08-29T17:24:00-07:00,1,0.0,0.00018310546875
2026-08-29T17:24:00-07:00,2,95.0,30.75494384765625
2026-08-29T17:24:00-07:00,3,74.5,30.75494384765625
2026-08-29T17:25:00-07:00,0,0.0,0.00018310546875
2026-08-29T17:25:00-07:00,1,0.0,0.00018310546875
2026-08-29T17:25:00-07:00,2,99.25,30.75494384765625
2026-08-29T17:25:00-07:00,3,99.25,30.75494384765625
2026-08-29T17:26:00-07:00,0,0.0,0.00018310546875
2026-08-29T17:26:00-07:00,1,0.0,0.00018310546875
2026-08-29T17:26:00-07:00,2,75.0,30.75494384765625
2026-08-29T17:26:00-07:00,3,74.75,30.75494384765625
2026-08-29T17:27:00-07:00,0,0.0,0.00018310546875
2026-08-29T17:27:00-07:00,1,0.0,0.00018310546875
2026-08-29T17:27:00-07:00,2,99.75,30.75494384765625
2026-08-29T17:27:00-07:00,3,99.25,30.75494384765625
2026-08-29T17:28:00-07:00,0,0.0,0.00018310546875
2026-08-29T17:28:00-07:00,1,0.0,0.00018310546875
2026-08-29T17:28:00-07:00,2,99.75,30.75494384765625
2026-08-29T17:28:00-07:00,3,100.0,30.75494384765625
2026-08-29T17:29:00-07:00,0,0.0,0.00018310546875
2026-08-29T17:29:00-07:00,1,0.0,0.00018310546875
2026-08-29T17:29:00-07:00,2,100.0,30.75494384765625
2026-08-29T17:29:00-07:00,3,74.875,30.75494384765625
2026-08-29T17:30:00-07:00,0,0.0,0.00018310546875
2026-08-29T17:30:00-07:00,1,0.0,0.00018310546875
2026-08-29T17:30:00-07:00,2,75.0,30.75494384765625
2026-08-29T17:30:00-07:00,3,99.25,30.75494384765625
2026-08-29T17:31:00-07:00,0,0.0,0.0009918212890625
2026-08-29T17:31:00-07:00,1,0.0,0.00018310546875
2026-08-29T17:31:00-07:00,2,99.75,30.75494384765625
2026-08-29T17:31:00-07:00,3,74.5,30.75494384765625
2026-08-29T17:32:00-07:00,0,0.5,10.003097534179688
2026-08-29T17:32:00-07:00,1,0.0,0.00018310546875
2026-08-29T17:32:00-07:00,2,99.0,30.75494384765625
2026-08-29T17:32:00-07:00,3,99.5,30.75494384765625
2026-08-29T17:33:00-07:00,0,99.5,51.04986572265625
2026-08-29T17:33:00-07:00,1,0.0,0.00018310546875
2026-08-29T17:33:00-07:00,2,50.25,30.75494384765625
2026-08-29T17:33:00-07:00,3,99.25,30.75494384765625
2026-08-29T17:34:00-07:00,0,100.0,51.04986572265625
2026-08-29T17:34:00-07:00,1,48.5,17.855316162109375
2026-08-29T17:34:00-07:00,2,99.25,30.75494384765625
2026-08-29T17:34:00-07:00,3,74.75,30.75494384765625
2026-08-29T17:35:00-07:00,0,99.75,51.04986572265625
2026-08-29T17:35:00-07:00,1,96.0,32.95025634765625
2026-08-29T17:35:00-07:00,2,99.5,30.75494384765625
2026-08-29T17:35:00-07:00,3,99.5,30.75494384765625
2026-08-29T17:36:00-07:00,0,99.25,51.04986572265625
2026-08-29T17:36:00-07:00,1,96.25,29.82525634765625
2026-08-29T17:36:00-07:00,2,99.5,30.75494384765625
2026-08-29T17:36:00-07:00,3,99.75,30.75494384765625
2026-08-29T17:37:00-07:00,0,99.5,51.04986572265625
2026-08-29T17:37:00-07:00,1,25.0,13.9742431640625
2026-08-29T17:37:00-07:00,2,99.5,30.75494384765625
2026-08-29T17:37:00-07:00,3,99.75,30.75494384765625
2026-08-29T17:38:00-07:00,0,99.25,51.04986572265625
2026-08-29T17:38:00-07:00,1,0.0,0.00018310546875
2026-08-29T17:38:00-07:00,2,74.75,30.75494384765625
2026-08-29T17:38:00-07:00,3,75.0,30.75494384765625
2026-08-29T17:39:00-07:00,0,99.25,51.04986572265625
2026-08-29T17:39:00-07:00,1,0.0,0.00018310546875
2026-08-29T17:39:00-07:00,2,99.75,30.75494384765625
2026-08-29T17:39:00-07:00,3,99.75,30.75494384765625
2026-08-29T17:40:00-07:00,0,98.0,51.04986572265625
2026-08-29T17:40:00-07:00,1,0.0,0.00018310546875
2026-08-29T17:40:00-07:00,2,75.0,30.75494384765625
2026-08-29T17:40:00-07:00,3,99.5,30.75494384765625
2026-08-29T17:41:00-07:00,0,99.75,51.04986572265625
2026-08-29T17:41:00-07:00,1,0.0,0.00018310546875
2026-08-29T17:41:00-07:00,2,100.0,30.75494384765625
2026-08-29T17:41:00-07:00,3,74.0,30.75494384765625
2026-08-29T17:42:00-07:00,0,98.75,51.04986572265625
2026-08-29T17:42:00-07:00,1,0.0,0.00018310546875
2026-08-29T17:42:00-07:00,2,99.75,30.75494384765625
2026-08-29T17:42:00-07:00,3,99.5,30.75494384765625
2026-08-29T17:43:00-07:00,0,99.5,51.04986572265625
2026-08-29T17:43:00-07:00,1,0.0,0.00018310546875
2026-08-29T17:43:00-07:00,2,100.0,30.75494384765625
2026-08-29T17:43:00-07:00,3,74.75,30.75494384765625
2026-08-29T17:44:00-07:00,0,100.0,51.04986572265625
2026-08-29T17:44:00-07:00,1,0.0,0.00018310546875
2026-08-29T17:44:00-07:00,2,99.5,30.75494384765625
2026-08-29T17:44:00-07:00,3,75.75,30.75494384765625
2026-08-29T17:45:00-07:00,0,100.0,51.04986572265625
2026-08-29T17:45:00-07:00,1,0.0,0.00018310546875
2026-08-29T17:45:00-07:00,2,74.25,30.75494384765625
2026-08-29T17:45:00-07:00,3,99.5,30.75494384765625
2026-08-29T17:46:00-07:00,0,74.0,51.04986572265625
2026-08-29T17:46:00-07:00,1,0.0,0.00018310546875
2026-08-29T17:46:00-07:00,2,99.25,30.75494384765625
2026-08-29T17:46:00-07:00,3,74.75,30.75494384765625
2026-08-29T17:47:00-07:00,0,69.75,51.04986572265625
2026-08-29T17:47:00-07:00,1,0.0,0.00018310546875
2026-08-29T17:47:00-07:00,2,75.0,30.75494384765625
2026-08-29T17:47:00-07:00,3,99.5,30.75494384765625
2026-08-29T17:48:00-07:00,0,98.0,51.04986572265625
2026-08-29T17:48:00-07:00,1,0.0,0.00018310546875
2026-08-29T17:48:00-07:00,2,99.5,30.75494384765625
2026-08-29T17:48:00-07:00,3,74.75,30.75494384765625
2026-08-29T17:49:00-07:00,0,99.75,51.04986572265625
2026-08-29T17:49:00-07:00,1,0.0,0.00018310546875
2026-08-29T17:49:00-07:00,2,99.5,30.75494384765625
2026-08-29T17:49:00-07:00,3,99.0,30.75494384765625
2026-08-29T17:50:00-07:00,0,100.0,51.04986572265625
2026-08-29T17:50:00-07:00,1,0.0,0.00018310546875
2026-08-29T17:50:00-07:00,2,76.75,30.75494384765625
2026-08-29T17:50:00-07:00,3,99.75,30.75494384765625
2026-08-29T17:51:00-07:00,0,99.5,51.04986572265625
2026-08-29T17:51:00-07:00,1,0.0,0.00018310546875
2026-08-29T17:51:00-07:00,2,99.5,30.75494384765625
2026-08-29T17:51:00-07:00,3,74.75,30.75494384765625
2026-08-29T17:52:00-07:00,0,100.0,51.04986572265625
2026-08-29T17:52:00-07:00,1,0.0,0.00018310546875
2026-08-29T17:52:00-07:00,2,75.0,30.75494384765625
2026-08-29T17:52:00-07:00,3,99.5,30.75494384765625
2026-08-29T17:53:00-07:00,0,99.75,51.04986572265625
2026-08-29T17:53:00-07:00,1,0.0,0.00018310546875
2026-08-29T17:53:00-07:00,2,99.0,30.75494384765625
2026-08-29T17:53:00-07:00,3,74.5,30.75494384765625
2026-08-29T17:54:00-07:00,0,100.0,51.04986572265625
2026-08-29T17:54:00-07:00,1,48.5,11.6431884765625
2026-08-29T17:54:00-07:00,2,99.5,30.75494384765625
2026-08-29T17:54:00-07:00,3,99.5,30.75494384765625
2026-08-29T17:55:00-07:00,0,99.75,51.04986572265625
2026-08-29T17:55:00-07:00,1,0.25,4.888580322265625
2026-08-29T17:55:00-07:00,2,50.25,30.75494384765625
2026-08-29T17:55:00-07:00,3,99.75,30.75494384765625
2026-08-29T17:56:00-07:00,0,98.75,51.04986572265625
2026-08-29T17:56:00-07:00,1,0.0,0.00018310546875
2026-08-29T17:56:00-07:00,2,99.5,30.75494384765625
2026-08-29T17:56:00-07:00,3,99.75,30.75494384765625
2026-08-29T17:57:00-07:00,0,99.75,51.04986572265625
2026-08-29T17:57:00-07:00,1,0.0,0.00018310546875
2026-08-29T17:57:00-07:00,2,75.0,30.75494384765625
2026-08-29T17:57:00-07:00,3,99.5,30.75494384765625
2026-08-29T17:58:00-07:00,0,98.75,51.04986572265625
2026-08-29T17:58:00-07:00,1,0.0,0.00018310546875
2026-08-29T17:58:00-07:00,2,99.5,30.75494384765625
2026-08-29T17:58:00-07:00,3,74.5,30.75494384765625
2026-08-29T17:59:00-07:00,0,98.25,51.04986572265625
2026-08-29T17:59:00-07:00,1,0.25,2.131256103515625
2026-08-29T17:59:00-07:00,2,74.5,30.75494384765625
2026-08-29T17:59:00-07:00,3,98.75,30.75494384765625
2026-08-29T18:00:00-07:00,0,74.75,51.04986572265625
2026-08-29T18:00:00-07:00,1,0.0,0.00018310546875
2026-08-29T18:00:00-07:00,2,100.0,30.75494384765625
2026-08-29T18:00:00-07:00,3,74.25,30.75494384765625
2026-08-29T18:01:00-07:00,0,75.0,51.04986572265625
2026-08-29T18:01:00-07:00,1,0.0,0.00018310546875
2026-08-29T18:01:00-07:00,2,99.5,30.75494384765625
2026-08-29T18:01:00-07:00,3,99.75,30.75494384765625
2026-08-29T18:02:00-07:00,0,100.0,51.04986572265625
2026-08-29T18:02:00-07:00,1,0.0,0.00018310546875
2026-08-29T18:02:00-07:00,2,74.75,30.75494384765625
2026-08-29T18:02:00-07:00,3,99.25,30.75494384765625
2026-08-29T18:03:00-07:00,0,99.25,51.04986572265625
2026-08-29T18:03:00-07:00,1,0.0,0.00018310546875
2026-08-29T18:03:00-07:00,2,100.0,30.75494384765625
2026-08-29T18:03:00-07:00,3,50.75,30.75494384765625
2026-08-29T18:04:00-07:00,0,100.0,51.04986572265625
2026-08-29T18:04:00-07:00,1,0.0,0.00018310546875
2026-08-29T18:04:00-07:00,2,74.75,30.75494384765625
2026-08-29T18:04:00-07:00,3,99.5,30.75494384765625
2026-08-29T18:05:00-07:00,0,100.0,51.04986572265625
2026-08-29T18:05:00-07:00,1,0.0,0.00018310546875
2026-08-29T18:05:00-07:00,2,99.5,30.75494384765625
2026-08-29T18:05:00-07:00,3,74.75,30.75494384765625
2026-08-29T18:06:00-07:00,0,99.75,51.04986572265625
2026-08-29T18:06:00-07:00,1,0.0,0.00018310546875
2026-08-29T18:06:00-07:00,2,99.5,30.75494384765625
2026-08-29T18:06:00-07:00,3,99.5,30.75494384765625
2026-08-29T18:07:00-07:00,0,100.0,51.04986572265625
2026-08-29T18:07:00-07:00,1,0.0,0.00018310546875
2026-08-29T18:07:00-07:00,2,74.75,30.75494384765625
2026-08-29T18:07:00-07:00,3,99.75,30.75494384765625
2026-08-29T18:08:00-07:00,0,99.75,51.04986572265625
2026-08-29T18:08:00-07:00,1,0.0,0.00018310546875
2026-08-29T18:08:00-07:00,2,99.75,30.75494384765625
2026-08-29T18:08:00-07:00,3,75.0,30.75494384765625
2026-08-29T18:09:00-07:00,0,100.0,51.04986572265625
2026-08-29T18:09:00-07:00,1,0.0,0.00018310546875
2026-08-29T18:09:00-07:00,2,75.0,30.75494384765625
2026-08-29T18:09:00-07:00,3,99.75,30.75494384765625
2026-08-29T18:10:00-07:00,0,99.0,51.04986572265625
2026-08-29T18:10:00-07:00,1,0.0,0.00018310546875
2026-08-29T18:10:00-07:00,2,75.0,30.75494384765625
2026-08-29T18:10:00-07:00,3,74.5,30.75494384765625
2026-08-29T18:11:00-07:00,0,99.25,51.04986572265625
2026-08-29T18:11:00-07:00,1,0.0,0.00018310546875
2026-08-29T18:11:00-07:00,2,74.5,30.75494384765625
2026-08-29T18:11:00-07:00,3,99.5,30.75494384765625
2026-08-29T18:12:00-07:00,0,98.75,51.04986572265625
2026-08-29T18:12:00-07:00,1,0.0,0.00018310546875
2026-08-29T18:12:00-07:00,2,99.5,30.75494384765625
2026-08-29T18:12:00-07:00,3,99.25,30.75494384765625
2026-08-29T18:13:00-07:00,0,100.0,51.04986572265625
2026-08-29T18:13:00-07:00,1,0.0,0.00018310546875
2026-08-29T18:13:00-07:00,2,99.75,30.75494384765625
2026-08-29T18:13:00-07:00,3,74.75,30.75494384765625
2026-08-29T18:14:00-07:00,0,100.0,51.04986572265625
2026-08-29T18:14:00-07:00,1,0.0,0.00018310546875
2026-08-29T18:14:00-07:00,2,74.75,30.75494384765625
2026-08-29T18:14:00-07:00,3,99.5,30.75494384765625
2026-08-29T18:15:00-07:00,0,52.0,51.04986572265625
2026-08-29T18:15:00-07:00,1,0.0,0.00018310546875
2026-08-29T18:15:00-07:00,2,99.25,30.75494384765625
2026-08-29T18:15:00-07:00,3,99.25,30.75494384765625
2026-08-29T18:16:00-07:00,0,99.75,51.04986572265625
2026-08-29T18:16:00-07:00,1,0.0,0.00018310546875
2026-08-29T18:16:00-07:00,2,74.5,30.75494384765625
2026-08-29T18:16:00-07:00,3,99.25,30.75494384765625
2026-08-29T18:17:00-07:00,0,99.25,51.04986572265625
2026-08-29T18:17:00-07:00,1,0.0,0.00018310546875
2026-08-29T18:17:00-07:00,2,99.75,30.75494384765625
2026-08-29T18:17:00-07:00,3,74.75,30.75494384765625
2026-08-29T18:18:00-07:00,0,99.25,51.04986572265625
2026-08-29T18:18:00-07:00,1,0.0,0.00018310546875
2026-08-29T18:18:00-07:00,2,99.25,30.75494384765625
2026-08-29T18:18:00-07:00,3,99.75,30.75494384765625
2026-08-29T18:19:00-07:00,0,99.75,51.04986572265625
2026-08-29T18:19:00-07:00,1,0.0,0.00018310546875
2026-08-29T18:19:00-07:00,2,74.75,30.75494384765625
2026-08-29T18:19:00-07:00,3,99.5,30.75494384765625
2026-08-29T18:20:00-07:00,0,97.5,51.04986572265625
2026-08-29T18:20:00-07:00,1,0.0,0.00018310546875
2026-08-29T18:20:00-07:00,2,98.5,30.75494384765625
2026-08-29T18:20:00-07:00,3,74.5,30.75494384765625
2026-08-29T18:21:00-07:00,0,99.5,51.04986572265625
2026-08-29T18:21:00-07:00,1,0.0,0.00018310546875
2026-08-29T18:21:00-07:00,2,74.75,30.75494384765625
2026-08-29T18:21:00-07:00,3,99.5,30.75494384765625
2026-08-29T18:22:00-07:00,0,99.75,51.04986572265625
2026-08-29T18:22:00-07:00,1,0.0,0.00018310546875
2026-08-29T18:22:00-07:00,2,75.0,30.75494384765625
2026-08-29T18:22:00-07:00,3,99.75,30.75494384765625
2026-08-29T18:23:00-07:00,0,99.75,51.04986572265625
2026-08-29T18:23:00-07:00,1,0.0,0.00018310546875
2026-08-29T18:23:00-07:00,2,86.75,30.75494384765625
2026-08-29T18:23:00-07:00,3,99.5,30.75494384765625
2026-08-29T18:24:00-07:00,0,100.0,51.04986572265625
2026-08-29T18:24:00-07:00,1,0.0,0.00018310546875
2026-08-29T18:24:00-07:00,2,100.0,30.75494384765625
2026-08-29T18:24:00-07:00,3,99.5,30.75494384765625
2026-08-29T18:25:00-07:00,0,99.75,51.04986572265625
2026-08-29T18:25:00-07:00,1,0.0,0.00018310546875
2026-08-29T18:25:00-07:00,2,99.5,30.75494384765625
2026-08-29T18:25:00-07:00,3,75.0,30.75494384765625
2026-08-29T18:26:00-07:00,0,99.5,51.04986572265625
2026-08-29T18:26:00-07:00,1,0.0,0.00018310546875
2026-08-29T18:26:00-07:00,2,50.5,30.75494384765625
2026-08-29T18:26:00-07:00,3,99.5,30.75494384765625
2026-08-29T18:27:00-07:00,0,99.0,51.04986572265625
2026-08-29T18:27:00-07:00,1,0.0,0.00018310546875
2026-08-29T18:27:00-07:00,2,0.0,0.00018310546875
2026-08-29T18:27:00-07:00,3,74.375,30.75494384765625
2026-08-29T18:28:00-07:00,0,96.0,51.04986572265625
2026-08-29T18:28:00-07:00,1,0.0,0.00018310546875
2026-08-29T18:28:00-07:00,2,1.0,4.95220947265625
2026-08-29T18:28:00-07:00,3,0.0,5.00103759765625
2026-08-29T18:29:00-07:00,0,50.0,51.04986572265625
2026-08-29T18:29:00-07:00,1,0.0,0.00018310546875
2026-08-29T18:29:00-07:00,2,0.25,9.27593994140625
2026-08-29T18:29:00-07:00,3,0.25,9.27593994140625
2026-08-29T18:30:00-07:00,0,100.0,51.04986572265625
2026-08-29T18:30:00-07:00,1,0.0,0.00018310546875
2026-08-29T18:30:00-07:00,2,99.5,11.37408447265625
2026-08-29T18:30:00-07:00,3,74.5,10.86724853515625
2026-08-29T18:31:00-07:00,0,100.0,51.04986572265625
2026-08-29T18:31:00-07:00,1,0.0,0.00018310546875
2026-08-29T18:31:00-07:00,2,74.75,11.37945556640625
2026-08-29T18:31:00-07:00,3,99.5,11.37408447265625
2026-08-29T18:32:00-07:00,0,99.0,51.04986572265625
2026-08-29T18:32:00-07:00,1,2.75,2.131256103515625
2026-08-29T18:32:00-07:00,2,99.0,33.59576416015625
2026-08-29T18:32:00-07:00,3,75.0,28.04498291015625
2026-08-29T18:33:00-07:00,0,98.0,51.04986572265625
2026-08-29T18:33:00-07:00,1,0.0,0.00018310546875
2026-08-29T18:33:00-07:00,2,99.0,33.59869384765625
2026-08-29T18:33:00-07:00,3,99.75,33.59869384765625
2026-08-29T18:34:00-07:00,0,99.25,51.04986572265625
2026-08-29T18:34:00-07:00,1,0.0,0.00018310546875
2026-08-29T18:34:00-07:00,2,74.5,33.59869384765625
2026-08-29T18:34:00-07:00,3,74.0,33.59869384765625
2026-08-29T18:35:00-07:00,0,99.25,51.04986572265625
2026-08-29T18:35:00-07:00,1,0.0,0.00018310546875
2026-08-29T18:35:00-07:00,2,99.5,33.59869384765625
2026-08-29T18:35:00-07:00,3,99.25,33.59869384765625
2026-08-29T18:36:00-07:00,0,100.0,51.04986572265625
2026-08-29T18:36:00-07:00,1,24.75,9.367584228515625
2026-08-29T18:36:00-07:00,2,99.25,33.59869384765625
2026-08-29T18:36:00-07:00,3,99.75,33.59869384765625
2026-08-29T18:37:00-07:00,0,99.0,51.04986572265625
2026-08-29T18:37:00-07:00,1,1.25,2.131256103515625
2026-08-29T18:37:00-07:00,2,75.0,33.59869384765625
2026-08-29T18:37:00-07:00,3,74.75,33.59869384765625
2026-08-29T18:38:00-07:00,0,97.75,51.04986572265625
2026-08-29T18:38:00-07:00,1,0.0,0.00018310546875
2026-08-29T18:38:00-07:00,2,99.75,33.59869384765625
2026-08-29T18:38:00-07:00,3,99.5,33.59869384765625
2026-08-29T18:39:00-07:00,0,99.75,51.04986572265625
2026-08-29T18:39:00-07:00,1,0.0,0.00018310546875
2026-08-29T18:39:00-07:00,2,75.0,33.59869384765625
2026-08-29T18:39:00-07:00,3,99.75,33.59869384765625
2026-08-29T18:40:00-07:00,0,100.0,51.04986572265625
2026-08-29T18:40:00-07:00,1,0.5,11.35552978515625
2026-08-29T18:40:00-07:00,2,99.75,33.59869384765625
2026-08-29T18:40:00-07:00,3,75.0,33.59869384765625
2026-08-29T18:41:00-07:00,0,100.0,51.04986572265625
2026-08-29T18:41:00-07:00,1,22.25,16.33453369140625
2026-08-29T18:41:00-07:00,2,99.25,33.59869384765625
2026-08-29T18:41:00-07:00,3,99.75,33.59869384765625
2026-08-29T18:42:00-07:00,0,95.5,51.04986572265625
2026-08-29T18:42:00-07:00,1,56.25,16.14508056640625
2026-08-29T18:42:00-07:00,2,62.75,33.59869384765625
2026-08-29T18:42:00-07:00,3,75.0,33.59869384765625
2026-08-29T18:43:00-07:00,0,74.5,51.04986572265625
2026-08-29T18:43:00-07:00,1,77.5,16.24127197265625
2026-08-29T18:43:00-07:00,2,99.5,33.59869384765625
2026-08-29T18:43:00-07:00,3,99.5,33.59869384765625
2026-08-29T18:44:00-07:00,0,75.0,51.04986572265625
2026-08-29T18:44:00-07:00,1,80.0,16.28326416015625
2026-08-29T18:44:00-07:00,2,99.5,33.59869384765625
2026-08-29T18:44:00-07:00,3,99.5,33.59869384765625
2026-08-29T18:45:00-07:00,0,98.75,51.04986572265625
2026-08-29T18:45:00-07:00,1,31.25,16.35455322265625
2026-08-29T18:45:00-07:00,2,74.5,33.59869384765625
2026-08-29T18:45:00-07:00,3,74.75,33.59869384765625
2026-08-29T18:46:00-07:00,0,98.75,51.04986572265625
2026-08-29T18:46:00-07:00,1,0.0,0.00018310546875
2026-08-29T18:46:00-07:00,2,99.25,33.59869384765625
2026-08-29T18:46:00-07:00,3,99.25,33.59869384765625
2026-08-29T18:47:00-07:00,0,100.0,51.04986572265625
2026-08-29T18:47:00-07:00,1,0.0,0.00018310546875
2026-08-29T18:47:00-07:00,2,74.5,33.59869384765625
2026-08-29T18:47:00-07:00,3,99.25,33.59869384765625
2026-08-29T18:48:00-07:00,0,99.75,51.04986572265625
2026-08-29T18:48:00-07:00,1,0.0,0.00018310546875
2026-08-29T18:48:00-07:00,2,99.75,33.59869384765625
2026-08-29T18:48:00-07:00,3,99.5,33.59869384765625
2026-08-29T18:49:00-07:00,0,98.5,51.04986572265625
2026-08-29T18:49:00-07:00,1,0.0,0.00018310546875
2026-08-29T18:49:00-07:00,2,99.0,33.59869384765625
2026-08-29T18:49:00-07:00,3,99.5,33.59869384765625
2026-08-29T18:50:00-07:00,0,100.0,51.04986572265625
2026-08-29T18:50:00-07:00,1,0.0,0.00018310546875
2026-08-29T18:50:00-07:00,2,74.75,33.59869384765625
2026-08-29T18:50:00-07:00,3,74.75,33.59869384765625
2026-08-29T18:51:00-07:00,0,100.0,51.04986572265625
2026-08-29T18:51:00-07:00,1,0.0,0.00018310546875
2026-08-29T18:51:00-07:00,2,99.5,33.59869384765625
2026-08-29T18:51:00-07:00,3,99.75,33.59869384765625
2026-08-29T18:52:00-07:00,0,100.0,51.04986572265625
2026-08-29T18:52:00-07:00,1,0.0,0.00018310546875
2026-08-29T18:52:00-07:00,2,74.75,33.59869384765625
2026-08-29T18:52:00-07:00,3,99.5,33.59869384765625
2026-08-29T18:53:00-07:00,0,100.0,51.04986572265625
2026-08-29T18:53:00-07:00,1,0.0,0.00018310546875
2026-08-29T18:53:00-07:00,2,99.5,33.59869384765625
2026-08-29T18:53:00-07:00,3,75.0,33.59869384765625
2026-08-29T18:54:00-07:00,0,100.0,51.04986572265625
2026-08-29T18:54:00-07:00,1,0.0,0.00018310546875
2026-08-29T18:54:00-07:00,2,99.75,33.59869384765625
2026-08-29T18:54:00-07:00,3,100.0,33.59869384765625
2026-08-29T18:55:00-07:00,0,100.0,51.04986572265625
2026-08-29T18:55:00-07:00,1,0.0,0.00018310546875
2026-08-29T18:55:00-07:00,2,85.75,35.59869384765625
2026-08-29T18:55:00-07:00,3,74.5,33.59869384765625
2026-08-29T18:56:00-07:00,0,100.0,51.04986572265625
2026-08-29T18:56:00-07:00,1,0.0,0.00018310546875
2026-08-29T18:56:00-07:00,2,99.5,37.59869384765625
2026-08-29T18:56:00-07:00,3,99.75,37.59869384765625
2026-08-29T18:57:00-07:00,0,99.75,51.04986572265625
2026-08-29T18:57:00-07:00,1,0.0,0.00018310546875
2026-08-29T18:57:00-07:00,2,99.75,37.59869384765625
2026-08-29T18:57:00-07:00,3,99.5,37.59869384765625
2026-08-29T18:58:00-07:00,0,26.0,51.04986572265625
2026-08-29T18:58:00-07:00,1,0.0,0.00018310546875
2026-08-29T18:58:00-07:00,2,74.25,37.59869384765625
2026-08-29T18:58:00-07:00,3,74.5,37.59869384765625
2026-08-29T18:59:00-07:00,0,100.0,51.04986572265625
2026-08-29T18:59:00-07:00,1,0.0,0.00018310546875
2026-08-29T18:59:00-07:00,2,99.75,37.59869384765625
2026-08-29T18:59:00-07:00,3,99.75,37.59869384765625
2026-08-29T19:00:00-07:00,0,98.5,51.04986572265625
2026-08-29T19:00:00-07:00,1,25.0,10.9068603515625
2026-08-29T19:00:00-07:00,2,75.0,37.59869384765625
2026-08-29T19:00:00-07:00,3,99.75,37.59869384765625
2026-08-29T19:01:00-07:00,0,100.0,51.04986572265625
2026-08-29T19:01:00-07:00,1,0.0,3.542877197265625
2026-08-29T19:01:00-07:00,2,99.25,37.59869384765625
2026-08-29T19:01:00-07:00,3,77.75,37.59869384765625
2026-08-29T19:02:00-07:00,0,99.75,51.04986572265625
2026-08-29T19:02:00-07:00,1,0.0,0.00018310546875
2026-08-29T19:02:00-07:00,2,99.5,37.59869384765625
2026-08-29T19:02:00-07:00,3,99.5,37.59869384765625
2026-08-29T19:03:00-07:00,0,99.75,51.04986572265625
2026-08-29T19:03:00-07:00,1,15.0,3.852935791015625
2026-08-29T19:03:00-07:00,2,79.0,37.59869384765625
2026-08-29T19:03:00-07:00,3,74.25,37.59869384765625
2026-08-29T19:04:00-07:00,0,99.0,51.04986572265625
2026-08-29T19:04:00-07:00,1,0.0,0.00018310546875
2026-08-29T19:04:00-07:00,2,99.25,37.59869384765625
2026-08-29T19:04:00-07:00,3,100.0,37.59869384765625
2026-08-29T19:05:00-07:00,0,97.75,51.04986572265625
2026-08-29T19:05:00-07:00,1,1.75,5.0479736328125
2026-08-29T19:05:00-07:00,2,74.75,37.59869384765625
2026-08-29T19:05:00-07:00,3,99.5,37.59869384765625
2026-08-29T19:06:00-07:00,0,99.0,51.04986572265625
2026-08-29T19:06:00-07:00,1,0.0,0.00018310546875
2026-08-29T19:06:00-07:00,2,99.75,37.59869384765625
2026-08-29T19:06:00-07:00,3,74.75,37.59869384765625
2026-08-29T19:07:00-07:00,0,100.0,51.04986572265625
2026-08-29T19:07:00-07:00,1,0.0,0.00018310546875
2026-08-29T19:07:00-07:00,2,99.5,37.59869384765625
2026-08-29T19:07:00-07:00,3,99.25,37.59869384765625
2026-08-29T19:08:00-07:00,0,100.0,51.04986572265625
2026-08-29T19:08:00-07:00,1,0.0,0.00018310546875
2026-08-29T19:08:00-07:00,2,99.75,37.59869384765625
2026-08-29T19:08:00-07:00,3,99.5,37.59869384765625
2026-08-29T19:09:00-07:00,0,100.0,51.04986572265625
2026-08-29T19:09:00-07:00,1,0.0,0.00018310546875
2026-08-29T19:09:00-07:00,2,99.5,37.59869384765625
2026-08-29T19:09:00-07:00,3,74.75,37.59869384765625
2026-08-29T19:10:00-07:00,0,99.75,51.04986572265625
2026-08-29T19:10:00-07:00,1,0.0,0.00018310546875
2026-08-29T19:10:00-07:00,2,99.5,37.59869384765625
2026-08-29T19:10:00-07:00,3,99.5,37.59869384765625
2026-08-29T19:11:00-07:00,0,100.0,51.04986572265625
2026-08-29T19:11:00-07:00,1,0.0,0.00018310546875
2026-08-29T19:11:00-07:00,2,74.75,37.59869384765625
2026-08-29T19:11:00-07:00,3,74.75,37.59869384765625
2026-08-29T19:12:00-07:00,0,51.0,51.04986572265625
2026-08-29T19:12:00-07:00,1,0.0,0.00018310546875
2026-08-29T19:12:00-07:00,2,99.5,37.59869384765625
2026-08-29T19:12:00-07:00,3,99.5,37.59869384765625
2026-08-29T19:13:00-07:00,0,99.25,51.04986572265625
2026-08-29T19:13:00-07:00,1,0.0,0.00018310546875
2026-08-29T19:13:00-07:00,2,99.5,37.59869384765625
2026-08-29T19:13:00-07:00,3,99.5,37.59869384765625
2026-08-29T19:14:00-07:00,0,100.0,51.04986572265625
2026-08-29T19:14:00-07:00,1,0.0,0.00018310546875
2026-08-29T19:14:00-07:00,2,99.75,37.59869384765625
2026-08-29T19:14:00-07:00,3,99.5,37.59869384765625
2026-08-29T19:15:00-07:00,0,99.0,51.04986572265625
2026-08-29T19:15:00-07:00,1,0.0,0.00018310546875
2026-08-29T19:15:00-07:00,2,99.25,37.59869384765625
2026-08-29T19:15:00-07:00,3,100.0,37.59869384765625
2026-08-29T19:16:00-07:00,0,98.75,51.04986572265625
2026-08-29T19:16:00-07:00,1,0.0,0.00018310546875
2026-08-29T19:16:00-07:00,2,99.5,37.59869384765625
2026-08-29T19:16:00-07:00,3,99.75,37.59869384765625
2026-08-29T19:17:00-07:00,0,99.0,51.04986572265625
2026-08-29T19:17:00-07:00,1,0.0,0.00018310546875
2026-08-29T19:17:00-07:00,2,99.0,37.59869384765625
2026-08-29T19:17:00-07:00,3,75.0,37.59869384765625
2026-08-29T19:18:00-07:00,0,99.25,51.04986572265625
2026-08-29T19:18:00-07:00,1,0.0,0.00018310546875
2026-08-29T19:18:00-07:00,2,74.75,37.59869384765625
2026-08-29T19:18:00-07:00,3,99.25,37.59869384765625
2026-08-29T19:19:00-07:00,0,97.25,51.04986572265625
2026-08-29T19:19:00-07:00,1,0.0,0.00018310546875
2026-08-29T19:19:00-07:00,2,100.0,37.59869384765625
2026-08-29T19:19:00-07:00,3,100.0,37.59869384765625
2026-08-29T19:20:00-07:00,0,98.75,51.04986572265625
2026-08-29T19:20:00-07:00,1,0.0,0.00018310546875
2026-08-29T19:20:00-07:00,2,99.75,37.59869384765625
2026-08-29T19:20:00-07:00,3,99.75,37.59869384765625
2026-08-29T19:21:00-07:00,0,99.25,51.04986572265625
2026-08-29T19:21:00-07:00,1,0.0,0.00018310546875
2026-08-29T19:21:00-07:00,2,75.0,37.59869384765625
2026-08-29T19:21:00-07:00,3,99.5,37.59869384765625
2026-08-29T19:22:00-07:00,0,98.0,51.04986572265625
2026-08-29T19:22:00-07:00,1,0.0,0.00018310546875
2026-08-29T19:22:00-07:00,2,99.5,37.59869384765625
2026-08-29T19:22:00-07:00,3,74.75,37.59869384765625
2026-08-29T19:23:00-07:00,0,100.0,51.04986572265625
2026-08-29T19:23:00-07:00,1,0.0,0.00018310546875
2026-08-29T19:23:00-07:00,2,99.75,37.59869384765625
2026-08-29T19:23:00-07:00,3,99.25,37.59869384765625
2026-08-29T19:24:00-07:00,0,100.0,51.04986572265625
2026-08-29T19:24:00-07:00,1,0.0,0.00018310546875
2026-08-29T19:24:00-07:00,2,75.0,37.59869384765625
2026-08-29T19:24:00-07:00,3,100.0,37.59869384765625
2026-08-29T19:25:00-07:00,0,100.0,51.04986572265625
2026-08-29T19:25:00-07:00,1,0.0,0.00018310546875
2026-08-29T19:25:00-07:00,2,99.75,37.59869384765625
2026-08-29T19:25:00-07:00,3,74.75,37.59869384765625
2026-08-29T19:26:00-07:00,0,74.75,51.04986572265625
2026-08-29T19:26:00-07:00,1,0.0,0.00018310546875
2026-08-29T19:26:00-07:00,2,99.0,37.59869384765625
2026-08-29T19:26:00-07:00,3,99.5,37.59869384765625
2026-08-29T19:27:00-07:00,0,76.0,51.04986572265625
2026-08-29T19:27:00-07:00,1,0.0,0.00018310546875
2026-08-29T19:27:00-07:00,2,99.75,37.59869384765625
2026-08-29T19:27:00-07:00,3,75.0,37.59869384765625
2026-08-29T19:28:00-07:00,0,100.0,51.04986572265625
2026-08-29T19:28:00-07:00,1,0.0,0.00018310546875
2026-08-29T19:28:00-07:00,2,99.75,37.59869384765625
2026-08-29T19:28:00-07:00,3,99.75,37.59869384765625
2026-08-29T19:29:00-07:00,0,99.0,51.04986572265625
2026-08-29T19:29:00-07:00,1,0.0,0.00018310546875
2026-08-29T19:29:00-07:00,2,74.75,37.59869384765625
2026-08-29T19:29:00-07:00,3,99.75,37.59869384765625
2026-08-29T19:30:00-07:00,0,100.0,51.04986572265625
2026-08-29T19:30:00-07:00,1,0.0,0.00018310546875
2026-08-29T19:30:00-07:00,2,99.5,37.59869384765625
2026-08-29T19:30:00-07:00,3,74.75,37.59869384765625
2026-08-29T19:31:00-07:00,0,99.0,51.04986572265625
2026-08-29T19:31:00-07:00,1,0.0,0.00018310546875
2026-08-29T19:31:00-07:00,2,74.25,37.59869384765625
2026-08-29T19:31:00-07:00,3,99.25,37.59869384765625
2026-08-29T19:32:00-07:00,0,99.75,51.04986572265625
2026-08-29T19:32:00-07:00,1,0.0,0.00018310546875
2026-08-29T19:32:00-07:00,2,99.25,37.59869384765625
2026-08-29T19:32:00-07:00,3,74.25,37.59869384765625
2026-08-29T19:33:00-07:00,0,99.0,51.04986572265625
2026-08-29T19:33:00-07:00,1,0.0,0.00018310546875
2026-08-29T19:33:00-07:00,2,99.75,37.59869384765625
2026-08-29T19:33:00-07:00,3,99.75,37.59869384765625
2026-08-29T19:34:00-07:00,0,98.25,51.04986572265625
2026-08-29T19:34:00-07:00,1,0.0,0.00018310546875
2026-08-29T19:34:00-07:00,2,75.0,37.59869384765625
2026-08-29T19:34:00-07:00,3,98.5,37.59869384765625
2026-08-29T19:35:00-07:00,0,99.75,51.04986572265625
2026-08-29T19:35:00-07:00,1,0.0,0.00018310546875
2026-08-29T19:35:00-07:00,2,100.0,37.59869384765625
2026-08-29T19:35:00-07:00,3,74.75,37.59869384765625
2026-08-29T19:36:00-07:00,0,99.75,51.04986572265625
2026-08-29T19:36:00-07:00,1,0.0,0.00018310546875
2026-08-29T19:36:00-07:00,2,99.25,37.59869384765625
2026-08-29T19:36:00-07:00,3,99.75,37.59869384765625
2026-08-29T19:37:00-07:00,0,99.5,51.04986572265625
2026-08-29T19:37:00-07:00,1,0.0,0.00018310546875
2026-08-29T19:37:00-07:00,2,74.5,37.59869384765625
2026-08-29T19:37:00-07:00,3,99.25,37.59869384765625
2026-08-29T19:38:00-07:00,0,99.0,51.04986572265625
2026-08-29T19:38:00-07:00,1,0.0,0.00018310546875
2026-08-29T19:38:00-07:00,2,99.75,37.59869384765625
2026-08-29T19:38:00-07:00,3,100.0,37.59869384765625
2026-08-29T19:39:00-07:00,0,98.75,51.04986572265625
2026-08-29T19:39:00-07:00,1,0.0,0.00018310546875
2026-08-29T19:39:00-07:00,2,99.75,37.59869384765625
2026-08-29T19:39:00-07:00,3,100.0,37.59869384765625
2026-08-29T19:40:00-07:00,0,100.0,51.04986572265625
2026-08-29T19:40:00-07:00,1,0.0,0.00018310546875
2026-08-29T19:40:00-07:00,2,100.0,37.59869384765625
2026-08-29T19:40:00-07:00,3,74.75,37.59869384765625
2026-08-29T19:41:00-07:00,0,52.25,51.04986572265625
2026-08-29T19:41:00-07:00,1,0.0,0.00018310546875
2026-08-29T19:41:00-07:00,2,99.5,37.59869384765625
2026-08-29T19:41:00-07:00,3,98.75,37.59869384765625
2026-08-29T19:42:00-07:00,0,100.0,51.04986572265625
2026-08-29T19:42:00-07:00,1,0.0,0.001800537109375
2026-08-29T19:42:00-07:00,2,74.0,37.59869384765625
2026-08-29T19:42:00-07:00,3,99.0,37.59869384765625
2026-08-29T19:43:00-07:00,0,99.5,51.04986572265625
2026-08-29T19:43:00-07:00,1,0.25,15.24859619140625
2026-08-29T19:43:00-07:00,2,99.5,52.8438720703125
2026-08-29T19:43:00-07:00,3,74.75,37.59869384765625
2026-08-29T19:44:00-07:00,0,98.75,51.04986572265625
2026-08-29T19:44:00-07:00,1,96.25,103.10650634765625
2026-08-29T19:44:00-07:00,2,100.0,136.2935791015625
2026-08-29T19:44:00-07:00,3,99.75,37.59869384765625
2026-08-29T19:45:00-07:00,0,100.0,51.04986572265625
2026-08-29T19:45:00-07:00,1,95.75,103.10650634765625
2026-08-29T19:45:00-07:00,2,100.0,137.7388916015625
2026-08-29T19:45:00-07:00,3,99.75,37.59869384765625
2026-08-29T19:46:00-07:00,0,98.75,51.04986572265625
2026-08-29T19:46:00-07:00,1,91.5,103.10650634765625
2026-08-29T19:46:00-07:00,2,100.0,137.7388916015625
2026-08-29T19:46:00-07:00,3,75.0,37.59869384765625
2026-08-29T19:47:00-07:00,0,99.0,51.04986572265625
2026-08-29T19:47:00-07:00,1,95.5,103.10650634765625
2026-08-29T19:47:00-07:00,2,100.0,137.7388916015625
2026-08-29T19:47:00-07:00,3,99.0,37.59869384765625
2026-08-29T19:48:00-07:00,0,99.25,51.04986572265625
2026-08-29T19:48:00-07:00,1,95.0,103.10650634765625
2026-08-29T19:48:00-07:00,2,100.0,137.7388916015625
2026-08-29T19:48:00-07:00,3,74.75,37.59869384765625
2026-08-29T19:49:00-07:00,0,100.0,51.04986572265625
2026-08-29T19:49:00-07:00,1,95.75,103.10650634765625
2026-08-29T19:49:00-07:00,2,100.0,137.7388916015625
2026-08-29T19:49:00-07:00,3,99.0,37.59869384765625
2026-08-29T19:50:00-07:00,0,100.0,51.04986572265625
2026-08-29T19:50:00-07:00,1,95.5,103.10650634765625
2026-08-29T19:50:00-07:00,2,100.0,137.7388916015625
2026-08-29T19:50:00-07:00,3,99.75,37.59869384765625
2026-08-29T19:51:00-07:00,0,99.25,51.04986572265625
2026-08-29T19:51:00-07:00,1,95.0,103.10650634765625
2026-08-29T19:51:00-07:00,2,98.75,137.7388916015625
2026-08-29T19:51:00-07:00,3,74.75,37.59869384765625
2026-08-29T19:52:00-07:00,0,99.75,51.04986572265625
2026-08-29T19:52:00-07:00,1,96.25,103.10650634765625
2026-08-29T19:52:00-07:00,2,100.0,137.7388916015625
2026-08-29T19:52:00-07:00,3,99.75,37.59869384765625
2026-08-29T19:53:00-07:00,0,99.5,51.04986572265625
2026-08-29T19:53:00-07:00,1,95.25,103.10650634765625
2026-08-29T19:53:00-07:00,2,100.0,137.7388916015625
2026-08-29T19:53:00-07:00,3,99.5,37.59869384765625
2026-08-29T19:54:00-07:00,0,100.0,51.04986572265625
2026-08-29T19:54:00-07:00,1,95.5,103.10650634765625
2026-08-29T19:54:00-07:00,2,100.0,137.7388916015625
2026-08-29T19:54:00-07:00,3,75.0,37.59869384765625
2026-08-29T19:55:00-07:00,0,50.0,51.04986572265625
2026-08-29T19:55:00-07:00,1,95.5,103.10650634765625
2026-08-29T19:55:00-07:00,2,100.0,137.7388916015625
2026-08-29T19:55:00-07:00,3,99.5,37.59869384765625
2026-08-29T19:56:00-07:00,0,100.0,51.04986572265625
2026-08-29T19:56:00-07:00,1,92.75,103.10650634765625
2026-08-29T19:56:00-07:00,2,98.75,137.7388916015625
2026-08-29T19:56:00-07:00,3,74.75,37.59869384765625
2026-08-29T19:57:00-07:00,0,98.75,51.04986572265625
2026-08-29T19:57:00-07:00,1,95.75,103.10650634765625
2026-08-29T19:57:00-07:00,2,100.0,137.7388916015625
2026-08-29T19:57:00-07:00,3,99.75,37.59869384765625
2026-08-29T19:58:00-07:00,0,99.5,51.04986572265625
2026-08-29T19:58:00-07:00,1,96.0,103.10650634765625
2026-08-29T19:58:00-07:00,2,100.0,137.7388916015625
2026-08-29T19:58:00-07:00,3,99.25,37.59869384765625
2026-08-29T19:59:00-07:00,0,99.0,51.04986572265625
2026-08-29T19:59:00-07:00,1,96.25,103.10650634765625
2026-08-29T19:59:00-07:00,2,100.0,137.7388916015625
2026-08-29T19:59:00-07:00,3,75.0,37.59869384765625
2026-08-29T20:00:00-07:00,0,99.75,51.04986572265625
2026-08-29T20:00:00-07:00,1,95.75,103.10650634765625
2026-08-29T20:00:00-07:00,2,100.0,137.7388916015625
2026-08-29T20:00:00-07:00,3,99.5,37.59869384765625
2026-08-29T20:01:00-07:00,0,100.0,51.04986572265625
2026-08-29T20:01:00-07:00,1,95.75,103.10650634765625
2026-08-29T20:01:00-07:00,2,100.0,137.7388916015625
2026-08-29T20:01:00-07:00,3,100.0,37.59869384765625
2026-08-29T20:02:00-07:00,0,100.0,51.04986572265625
2026-08-29T20:02:00-07:00,1,95.75,103.10650634765625
2026-08-29T20:02:00-07:00,2,100.0,137.7388916015625
2026-08-29T20:02:00-07:00,3,74.75,37.59869384765625
2026-08-29T20:03:00-07:00,0,98.75,51.04986572265625
2026-08-29T20:03:00-07:00,1,96.0,103.10650634765625
2026-08-29T20:03:00-07:00,2,100.0,137.7388916015625
2026-08-29T20:03:00-07:00,3,99.5,37.59869384765625
2026-08-29T20:04:00-07:00,0,99.0,51.04986572265625
2026-08-29T20:04:00-07:00,1,95.75,103.10650634765625
2026-08-29T20:04:00-07:00,2,100.0,137.7388916015625
2026-08-29T20:04:00-07:00,3,74.75,37.59869384765625
2026-08-29T20:05:00-07:00,0,99.75,51.04986572265625
2026-08-29T20:05:00-07:00,1,96.75,103.10650634765625
2026-08-29T20:05:00-07:00,2,100.0,137.7388916015625
2026-08-29T20:05:00-07:00,3,100.0,37.59869384765625
2026-08-29T20:06:00-07:00,0,99.75,51.04986572265625
2026-08-29T20:06:00-07:00,1,96.75,103.10650634765625
2026-08-29T20:06:00-07:00,2,98.75,137.7388916015625
2026-08-29T20:06:00-07:00,3,99.25,37.59869384765625
2026-08-29T20:07:00-07:00,0,99.75,51.04986572265625
2026-08-29T20:07:00-07:00,1,96.25,103.10650634765625
2026-08-29T20:07:00-07:00,2,100.0,137.7388916015625
2026-08-29T20:07:00-07:00,3,74.75,37.59869384765625
2026-08-29T20:08:00-07:00,0,98.75,51.04986572265625
2026-08-29T20:08:00-07:00,1,96.25,103.10650634765625
2026-08-29T20:08:00-07:00,2,100.0,137.7388916015625
2026-08-29T20:08:00-07:00,3,99.75,37.59869384765625
2026-08-29T20:09:00-07:00,0,74.0,51.04986572265625
2026-08-29T20:09:00-07:00,1,96.75,103.10650634765625
2026-08-29T20:09:00-07:00,2,100.0,137.7388916015625
2026-08-29T20:09:00-07:00,3,99.5,37.59869384765625
2026-08-29T20:10:00-07:00,0,52.0,51.04986572265625
2026-08-29T20:10:00-07:00,1,95.5,103.10650634765625
2026-08-29T20:10:00-07:00,2,100.0,137.7388916015625
2026-08-29T20:10:00-07:00,3,75.0,37.59869384765625
2026-08-29T20:11:00-07:00,0,99.5,51.04986572265625
2026-08-29T20:11:00-07:00,1,96.0,103.10650634765625
2026-08-29T20:11:00-07:00,2,98.25,137.7388916015625
2026-08-29T20:11:00-07:00,3,99.5,37.59869384765625
2026-08-29T20:12:00-07:00,0,99.75,51.04986572265625
2026-08-29T20:12:00-07:00,1,95.75,103.10650634765625
2026-08-29T20:12:00-07:00,2,100.0,137.7388916015625
2026-08-29T20:12:00-07:00,3,74.5,37.59869384765625
2026-08-29T20:13:00-07:00,0,99.75,51.04986572265625
2026-08-29T20:13:00-07:00,1,96.25,103.10650634765625
2026-08-29T20:13:00-07:00,2,100.0,137.7388916015625
2026-08-29T20:13:00-07:00,3,99.5,37.59869384765625
2026-08-29T20:14:00-07:00,0,99.0,51.04986572265625
2026-08-29T20:14:00-07:00,1,96.0,103.10650634765625
2026-08-29T20:14:00-07:00,2,100.0,137.7388916015625
2026-08-29T20:14:00-07:00,3,99.5,37.59869384765625
2026-08-29T20:15:00-07:00,0,98.75,51.04986572265625
2026-08-29T20:15:00-07:00,1,96.0,103.10650634765625
2026-08-29T20:15:00-07:00,2,100.0,137.7388916015625
2026-08-29T20:15:00-07:00,3,99.5,37.59869384765625
2026-08-29T20:16:00-07:00,0,99.75,51.04986572265625
2026-08-29T20:16:00-07:00,1,96.5,103.10650634765625
2026-08-29T20:16:00-07:00,2,98.75,137.7388916015625
2026-08-29T20:16:00-07:00,3,99.5,37.59869384765625
2026-08-29T20:17:00-07:00,0,98.75,51.04986572265625
2026-08-29T20:17:00-07:00,1,95.5,103.10650634765625
2026-08-29T20:17:00-07:00,2,100.0,137.7388916015625
2026-08-29T20:17:00-07:00,3,99.75,37.59869384765625
2026-08-29T20:18:00-07:00,0,97.75,51.04986572265625
2026-08-29T20:18:00-07:00,1,96.5,103.10650634765625
2026-08-29T20:18:00-07:00,2,100.0,137.7388916015625
2026-08-29T20:18:00-07:00,3,99.25,37.59869384765625
2026-08-29T20:19:00-07:00,0,99.5,51.04986572265625
2026-08-29T20:19:00-07:00,1,96.25,103.10650634765625
2026-08-29T20:19:00-07:00,2,100.0,137.7388916015625
2026-08-29T20:19:00-07:00,3,99.75,37.59869384765625
2026-08-29T20:20:00-07:00,0,99.75,51.04986572265625
2026-08-29T20:20:00-07:00,1,95.5,103.10650634765625
2026-08-29T20:20:00-07:00,2,100.0,137.7388916015625
2026-08-29T20:20:00-07:00,3,74.75,37.59869384765625
2026-08-29T20:21:00-07:00,0,99.25,51.04986572265625
2026-08-29T20:21:00-07:00,1,96.25,103.10650634765625
2026-08-29T20:21:00-07:00,2,99.0,137.7388916015625
2026-08-29T20:21:00-07:00,3,99.75,37.59869384765625
2026-08-29T20:22:00-07:00,0,99.75,51.04986572265625
2026-08-29T20:22:00-07:00,1,96.0,103.10650634765625
2026-08-29T20:22:00-07:00,2,100.0,137.7388916015625
2026-08-29T20:22:00-07:00,3,99.5,37.59869384765625
2026-08-29T20:23:00-07:00,0,100.0,51.04986572265625
2026-08-29T20:23:00-07:00,1,96.75,103.10650634765625
2026-08-29T20:23:00-07:00,2,100.0,137.7388916015625
2026-08-29T20:23:00-07:00,3,75.0,37.59869384765625
2026-08-29T20:24:00-07:00,0,50.0,51.04986572265625
2026-08-29T20:24:00-07:00,1,96.5,103.10650634765625
2026-08-29T20:24:00-07:00,2,100.0,137.7388916015625
2026-08-29T20:24:00-07:00,3,99.75,37.59869384765625
2026-08-29T20:25:00-07:00,0,99.5,51.04986572265625
2026-08-29T20:25:00-07:00,1,96.5,103.10650634765625
2026-08-29T20:25:00-07:00,2,100.0,137.7388916015625
2026-08-29T20:25:00-07:00,3,74.75,37.59869384765625
2026-08-29T20:26:00-07:00,0,100.0,51.04986572265625
2026-08-29T20:26:00-07:00,1,96.0,103.10650634765625
2026-08-29T20:26:00-07:00,2,100.0,137.7388916015625
2026-08-29T20:26:00-07:00,3,99.5,37.59869384765625
2026-08-29T20:27:00-07:00,0,98.5,51.04986572265625
2026-08-29T20:27:00-07:00,1,96.0,103.10650634765625
2026-08-29T20:27:00-07:00,2,98.5,137.7388916015625
2026-08-29T20:27:00-07:00,3,99.75,37.59869384765625
2026-08-29T20:28:00-07:00,0,100.0,51.04986572265625
2026-08-29T20:28:00-07:00,1,28.0,103.10650634765625
2026-08-29T20:28:00-07:00,2,100.0,137.7388916015625
2026-08-29T20:28:00-07:00,3,74.75,37.59869384765625
2026-08-29T20:29:00-07:00,0,100.0,51.04986572265625
2026-08-29T20:29:00-07:00,1,3.5,103.10650634765625
2026-08-29T20:29:00-07:00,2,100.0,137.7388916015625
2026-08-29T20:29:00-07:00,3,99.75,37.59869384765625
2026-08-29T20:30:00-07:00,0,99.5,51.04986572265625
2026-08-29T20:30:00-07:00,1,3.75,103.10650634765625
2026-08-29T20:30:00-07:00,2,100.0,137.7388916015625
2026-08-29T20:30:00-07:00,3,99.75,37.59869384765625
2026-08-29T20:31:00-07:00,0,99.75,51.04986572265625
2026-08-29T20:31:00-07:00,1,1.0,103.10650634765625
2026-08-29T20:31:00-07:00,2,100.0,137.7388916015625
2026-08-29T20:31:00-07:00,3,74.75,37.59869384765625
2026-08-29T20:32:00-07:00,0,99.75,51.04986572265625
2026-08-29T20:32:00-07:00,1,95.25,103.10650634765625
2026-08-29T20:32:00-07:00,2,98.75,137.7388916015625
2026-08-29T20:32:00-07:00,3,99.75,37.59869384765625
2026-08-29T20:33:00-07:00,0,100.0,51.04986572265625
2026-08-29T20:33:00-07:00,1,96.0,103.10650634765625
2026-08-29T20:33:00-07:00,2,100.0,137.7388916015625
2026-08-29T20:33:00-07:00,3,74.75,37.59869384765625
2026-08-29T20:34:00-07:00,0,99.25,51.04986572265625
2026-08-29T20:34:00-07:00,1,95.75,103.10650634765625
2026-08-29T20:34:00-07:00,2,100.0,137.7388916015625
2026-08-29T20:34:00-07:00,3,99.0,37.59869384765625
2026-08-29T20:35:00-07:00,0,99.5,51.04986572265625
2026-08-29T20:35:00-07:00,1,95.75,103.10650634765625
2026-08-29T20:35:00-07:00,2,100.0,137.7388916015625
2026-08-29T20:35:00-07:00,3,99.5,37.59869384765625
2026-08-29T20:36:00-07:00,0,99.75,51.04986572265625
2026-08-29T20:36:00-07:00,1,96.25,103.10650634765625
2026-08-29T20:36:00-07:00,2,100.0,137.7388916015625
2026-08-29T20:36:00-07:00,3,75.0,37.59869384765625
2026-08-29T20:37:00-07:00,0,99.875,51.04986572265625
2026-08-29T20:37:00-07:00,1,96.5,103.10650634765625
2026-08-29T20:37:00-07:00,2,99.375,137.7388916015625
2026-08-29T20:37:00-07:00,3,0.0,9.399810791015625
2026-08-29T20:38:00-07:00,0,50.0,51.04986572265625
2026-08-29T20:38:00-07:00,1,95.875,103.10650634765625
2026-08-29T20:38:00-07:00,2,100.0,137.7388916015625
2026-08-29T20:38:00-07:00,3,0.0,0.00018310546875
2026-08-29T20:39:00-07:00,0,99.5,51.04986572265625
2026-08-29T20:39:00-07:00,1,96.5,103.10650634765625
2026-08-29T20:39:00-07:00,2,100.0,137.7388916015625
2026-08-29T20:39:00-07:00,3,0.0,0.00018310546875
2026-08-29T20:40:00-07:00,0,99.875,51.04986572265625
2026-08-29T20:40:00-07:00,1,97.0,103.10650634765625
2026-08-29T20:40:00-07:00,2,100.0,137.7388916015625
2026-08-29T20:40:00-07:00,3,0.0,0.00018310546875
2026-08-29T20:41:00-07:00,0,98.5,51.04986572265625
2026-08-29T20:41:00-07:00,1,96.375,103.10650634765625
2026-08-29T20:41:00-07:00,2,100.0,137.7388916015625
2026-08-29T20:41:00-07:00,3,0.0,0.00018310546875
2026-08-29T20:42:00-07:00,0,99.875,51.04986572265625
2026-08-29T20:42:00-07:00,1,95.75,103.10650634765625
2026-08-29T20:42:00-07:00,2,96.625,137.7388916015625
2026-08-29T20:42:00-07:00,3,0.0,0.00018310546875
2026-08-29T20:43:00-07:00,0,98.75,51.04986572265625
2026-08-29T20:43:00-07:00,1,96.5,103.10650634765625
2026-08-29T20:43:00-07:00,2,99.875,137.7388916015625
2026-08-29T20:43:00-07:00,3,0.0,0.00018310546875
2026-08-29T20:44:00-07:00,0,100.0,51.04986572265625
2026-08-29T20:44:00-07:00,1,96.875,103.10650634765625
2026-08-29T20:44:00-07:00,2,100.0,137.7388916015625
2026-08-29T20:44:00-07:00,3,0.0,0.00018310546875
2026-08-29T20:45:00-07:00,0,99.875,51.04986572265625
2026-08-29T20:45:00-07:00,1,96.25,103.10650634765625
2026-08-29T20:45:00-07:00,2,100.0,137.7388916015625
2026-08-29T20:45:00-07:00,3,0.0,0.00018310546875
2026-08-29T20:46:00-07:00,0,99.5,51.04986572265625
2026-08-29T20:46:00-07:00,1,96.5,103.10650634765625
2026-08-29T20:46:00-07:00,2,100.0,137.7388916015625
2026-08-29T20:46:00-07:00,3,0.0,0.00018310546875
2026-08-29T20:47:00-07:00,0,99.875,51.04986572265625
2026-08-29T20:47:00-07:00,1,96.25,103.10650634765625
2026-08-29T20:47:00-07:00,2,99.125,137.7388916015625
2026-08-29T20:47:00-07:00,3,0.0,0.00018310546875
2026-08-29T20:48:00-07:00,0,99.0,51.04986572265625
2026-08-29T20:48:00-07:00,1,96.625,103.10650634765625
2026-08-29T20:48:00-07:00,2,100.0,137.7388916015625
2026-08-29T20:48:00-07:00,3,0.0,0.00018310546875
2026-08-29T20:49:00-07:00,0,99.875,51.04986572265625
2026-08-29T20:49:00-07:00,1,96.5,103.10650634765625
2026-08-29T20:49:00-07:00,2,100.0,137.7388916015625
2026-08-29T20:49:00-07:00,3,0.0,0.00018310546875
2026-08-29T20:50:00-07:00,0,99.0,51.04986572265625
2026-08-29T20:50:00-07:00,1,96.375,103.10650634765625
2026-08-29T20:50:00-07:00,2,100.0,137.7388916015625
2026-08-29T20:50:00-07:00,3,0.0,0.00018310546875
2026-08-29T20:51:00-07:00,0,99.375,51.04986572265625
2026-08-29T20:51:00-07:00,1,96.5,103.10650634765625
2026-08-29T20:51:00-07:00,2,100.0,137.7388916015625
2026-08-29T20:51:00-07:00,3,0.0,0.00018310546875
2026-08-29T20:52:00-07:00,0,76.75,51.04986572265625
2026-08-29T20:52:00-07:00,1,95.875,103.10650634765625
2026-08-29T20:52:00-07:00,2,97.875,137.7388916015625
2026-08-29T20:52:00-07:00,3,0.0,0.00018310546875
2026-08-29T20:53:00-07:00,0,74.625,51.04986572265625
2026-08-29T20:53:00-07:00,1,96.375,103.10650634765625
2026-08-29T20:53:00-07:00,2,100.0,137.7388916015625
2026-08-29T20:53:00-07:00,3,0.0,0.00018310546875
2026-08-29T20:54:00-07:00,0,99.0,51.04986572265625
2026-08-29T20:54:00-07:00,1,96.375,103.10650634765625
2026-08-29T20:54:00-07:00,2,100.0,137.7388916015625
2026-08-29T20:54:00-07:00,3,0.0,0.00018310546875
2026-08-29T20:55:00-07:00,0,100.0,51.04986572265625
2026-08-29T20:55:00-07:00,1,96.5,103.10650634765625
2026-08-29T20:55:00-07:00,2,100.0,137.7388916015625
2026-08-29T20:55:00-07:00,3,0.0,0.00018310546875
2026-08-29T20:56:00-07:00,0,99.25,51.04986572265625
2026-08-29T20:56:00-07:00,1,95.5,103.10650634765625
2026-08-29T20:56:00-07:00,2,100.0,137.7388916015625
2026-08-29T20:56:00-07:00,3,0.0,0.00018310546875
2026-08-29T20:57:00-07:00,0,99.5,51.04986572265625
2026-08-29T20:57:00-07:00,1,95.875,103.10650634765625
2026-08-29T20:57:00-07:00,2,99.375,137.7388916015625
2026-08-29T20:57:00-07:00,3,0.0,0.00018310546875
2026-08-29T20:58:00-07:00,0,98.5,51.04986572265625
2026-08-29T20:58:00-07:00,1,96.125,103.10650634765625
2026-08-29T20:58:00-07:00,2,100.0,137.7388916015625
2026-08-29T20:58:00-07:00,3,0.0,0.00018310546875
2026-08-29T20:59:00-07:00,0,99.5,51.04986572265625
2026-08-29T20:59:00-07:00,1,93.625,103.10650634765625
2026-08-29T20:59:00-07:00,2,100.0,137.7388916015625
2026-08-29T20:59:00-07:00,3,0.0,0.00018310546875
2026-08-29T21:00:00-07:00,0,98.75,51.04986572265625
2026-08-29T21:00:00-07:00,1,90.875,103.10650634765625
2026-08-29T21:00:00-07:00,2,100.0,137.7388916015625
2026-08-29T21:00:00-07:00,3,0.0,0.00018310546875
2026-08-29T21:01:00-07:00,0,99.5,51.04986572265625
2026-08-29T21:01:00-07:00,1,96.0,103.10650634765625
2026-08-29T21:01:00-07:00,2,100.0,137.7388916015625
2026-08-29T21:01:00-07:00,3,0.0,0.00018310546875
2026-08-29T21:02:00-07:00,0,99.5,51.04986572265625
2026-08-29T21:02:00-07:00,1,92.875,103.10650634765625
2026-08-29T21:02:00-07:00,2,95.875,137.7388916015625
2026-08-29T21:02:00-07:00,3,0.0,0.00018310546875
2026-08-29T21:03:00-07:00,0,99.125,51.04986572265625
2026-08-29T21:03:00-07:00,1,84.125,103.10650634765625
2026-08-29T21:03:00-07:00,2,100.0,137.7388916015625
2026-08-29T21:03:00-07:00,3,0.0,0.00018310546875
2026-08-29T21:04:00-07:00,0,99.0,51.04986572265625
2026-08-29T21:04:00-07:00,1,95.875,103.10650634765625
2026-08-29T21:04:00-07:00,2,100.0,137.7388916015625
2026-08-29T21:04:00-07:00,3,0.0,0.00018310546875
2026-08-29T21:05:00-07:00,0,99.75,51.04986572265625
2026-08-29T21:05:00-07:00,1,96.0,103.10650634765625
2026-08-29T21:05:00-07:00,2,100.0,137.7388916015625
2026-08-29T21:05:00-07:00,3,0.0,0.00018310546875
2026-08-29T21:06:00-07:00,0,99.58333333333334,51.04986572265625
2026-08-29T21:06:00-07:00,1,96.875,103.10650634765625
2026-08-29T21:06:00-07:00,2,99.875,137.7388916015625
2026-08-29T21:06:00-07:00,3,0.0,0.00018310546875
2026-08-29T21:07:00-07:00,0,7.0,51.04986572265625
2026-08-29T21:07:00-07:00,1,96.0,103.10650634765625
2026-08-29T21:07:00-07:00,2,77.0,137.7388916015625
2026-08-29T21:07:00-07:00,3,0.0,0.00018310546875
2026-08-30T13:20:00-07:00,0,0.0,0.00018310546875
2026-08-30T13:20:00-07:00,1,0.0,0.00018310546875
2026-08-30T13:20:00-07:00,2,0.5,8.75103759765625
2026-08-30T13:20:00-07:00,3,0.0,0.00018310546875
2026-08-30T13:21:00-07:00,0,0.0,0.00018310546875
2026-08-30T13:21:00-07:00,1,0.0,0.00018310546875
2026-08-30T13:21:00-07:00,2,49.75,10.35552978515625
2026-08-30T13:21:00-07:00,3,0.0,0.00018310546875
2026-08-30T13:22:00-07:00,0,0.0,0.00018310546875
2026-08-30T13:22:00-07:00,1,0.0,0.00018310546875
2026-08-30T13:22:00-07:00,2,99.25,11.37408447265625
2026-08-30T13:22:00-07:00,3,0.0,0.00018310546875
2026-08-30T13:23:00-07:00,0,0.0,0.00018310546875
2026-08-30T13:23:00-07:00,1,0.0,0.00018310546875
2026-08-30T13:23:00-07:00,2,75.5,22.48931884765625
2026-08-30T13:23:00-07:00,3,0.0,0.00018310546875
2026-08-30T13:24:00-07:00,0,0.0,0.00018310546875
2026-08-30T13:24:00-07:00,1,0.0,0.00018310546875
2026-08-30T13:24:00-07:00,2,99.25,33.59771728515625
2026-08-30T13:24:00-07:00,3,0.0,0.00018310546875
2026-08-30T13:25:00-07:00,0,0.0,0.00018310546875
2026-08-30T13:25:00-07:00,1,0.0,0.00018310546875
2026-08-30T13:25:00-07:00,2,99.5,33.59869384765625
2026-08-30T13:25:00-07:00,3,0.0,0.00018310546875
2026-08-30T13:26:00-07:00,0,25.0,4.177642822265625
2026-08-30T13:26:00-07:00,1,0.0,0.0009918212890625
2026-08-30T13:26:00-07:00,2,75.0,33.59869384765625
2026-08-30T13:26:00-07:00,3,0.0,0.0009918212890625
2026-08-30T13:27:00-07:00,0,25.0,4.177642822265625
2026-08-30T13:27:00-07:00,1,0.0,0.0009918212890625
2026-08-30T13:27:00-07:00,2,100.0,33.59869384765625
2026-08-30T13:27:00-07:00,3,0.0,0.0009918212890625
2026-08-30T13:28:00-07:00,0,1.0,1.0382080078125
2026-08-30T13:28:00-07:00,1,0.0,0.001800537109375
2026-08-30T13:28:00-07:00,2,99.5,33.59869384765625
2026-08-30T13:28:00-07:00,3,0.0,0.001800537109375
2026-08-30T13:29:00-07:00,0,0.0,2.26275634765625
2026-08-30T13:29:00-07:00,1,0.0,0.00341796875
2026-08-30T13:29:00-07:00,2,99.5,33.59869384765625
2026-08-30T13:29:00-07:00,3,0.0,0.00341796875
2026-08-30T13:30:00-07:00,0,0.0,3.20025634765625
2026-08-30T13:30:00-07:00,1,0.0,0.00341796875
2026-08-30T13:30:00-07:00,2,99.5,33.59869384765625
2026-08-30T13:30:00-07:00,3,0.0,0.00341796875
2026-08-30T13:31:00-07:00,0,0.0,3.20025634765625
2026-08-30T13:31:00-07:00,1,0.0,0.00341796875
2026-08-30T13:31:00-07:00,2,75.0,33.59869384765625
2026-08-30T13:31:00-07:00,3,0.0,0.00341796875
2026-08-30T13:32:00-07:00,0,0.0,5.07672119140625
2026-08-30T13:32:00-07:00,1,0.0,0.00341796875
2026-08-30T13:32:00-07:00,2,99.5,33.59869384765625
2026-08-30T13:32:00-07:00,3,0.0,0.00341796875
2026-08-30T13:33:00-07:00,0,0.0,0.00018310546875
2026-08-30T13:33:00-07:00,1,0.0,0.00018310546875
2026-08-30T13:33:00-07:00,2,74.75,33.59869384765625
2026-08-30T13:33:00-07:00,3,0.0,0.00018310546875
2026-08-30T13:34:00-07:00,0,0.0,0.00018310546875
2026-08-30T13:34:00-07:00,1,0.0,0.00018310546875
2026-08-30T13:34:00-07:00,2,99.75,33.59869384765625
2026-08-30T13:34:00-07:00,3,0.0,0.00018310546875
2026-08-30T13:35:00-07:00,0,0.0,0.00018310546875
2026-08-30T13:35:00-07:00,1,0.0,0.00018310546875
2026-08-30T13:35:00-07:00,2,99.25,33.59869384765625
2026-08-30T13:35:00-07:00,3,0.0,0.00018310546875
2026-08-30T13:36:00-07:00,0,50.0,13.70709228515625
2026-08-30T13:36:00-07:00,1,0.0,0.00341796875
2026-08-30T13:36:00-07:00,2,100.0,33.59869384765625
2026-08-30T13:36:00-07:00,3,0.0,0.00341796875
2026-08-30T13:37:00-07:00,0,0.0,10.70416259765625
2026-08-30T13:37:00-07:00,1,0.0,0.00341796875
2026-08-30T13:37:00-07:00,2,99.5,33.59869384765625
2026-08-30T13:37:00-07:00,3,0.0,0.00341796875
2026-08-30T13:38:00-07:00,0,0.0,10.70416259765625
2026-08-30T13:38:00-07:00,1,0.0,0.00341796875
2026-08-30T13:38:00-07:00,2,99.0,33.59869384765625
2026-08-30T13:38:00-07:00,3,0.0,0.00341796875
2026-08-30T13:39:00-07:00,0,0.0,10.70416259765625
2026-08-30T13:39:00-07:00,1,0.0,0.00341796875
2026-08-30T13:39:00-07:00,2,51.75,33.59869384765625
2026-08-30T13:39:00-07:00,3,0.0,0.00341796875
2026-08-30T13:40:00-07:00,0,0.0,10.70416259765625
2026-08-30T13:40:00-07:00,1,0.0,0.00341796875
2026-08-30T13:40:00-07:00,2,99.0,33.59869384765625
2026-08-30T13:40:00-07:00,3,0.0,0.00341796875
2026-08-30T13:41:00-07:00,0,0.0,10.831985473632812
2026-08-30T13:41:00-07:00,1,0.0,0.3704986572265625
2026-08-30T13:41:00-07:00,2,96.5,33.59869384765625
2026-08-30T13:41:00-07:00,3,0.0,0.00341796875
2026-08-30T13:42:00-07:00,0,0.0,10.70416259765625
2026-08-30T13:42:00-07:00,1,0.0,0.00341796875
2026-08-30T13:42:00-07:00,2,99.25,33.59869384765625
2026-08-30T13:42:00-07:00,3,0.0,0.00341796875
2026-08-30T13:43:00-07:00,0,0.0,2.676177978515625
2026-08-30T13:43:00-07:00,1,0.0,0.0009918212890625
2026-08-30T13:43:00-07:00,2,100.0,33.59869384765625
2026-08-30T13:43:00-07:00,3,0.0,0.0009918212890625
2026-08-30T13:44:00-07:00,0,0.0,0.2574462890625
2026-08-30T13:44:00-07:00,1,0.0,0.9869384765625
2026-08-30T13:44:00-07:00,2,74.5,33.59869384765625
2026-08-30T13:44:00-07:00,3,0.0,0.001800537109375
2026-08-30T13:45:00-07:00,0,0.0,0.00018310546875
2026-08-30T13:45:00-07:00,1,0.0,0.00018310546875
2026-08-30T13:45:00-07:00,2,100.0,33.59869384765625
2026-08-30T13:45:00-07:00,3,0.0,0.00018310546875
2026-08-30T13:46:00-07:00,0,0.0,0.00018310546875
2026-08-30T13:46:00-07:00,1,0.0,0.00018310546875
2026-08-30T13:46:00-07:00,2,74.25,33.59869384765625
2026-08-30T13:46:00-07:00,3,0.0,0.00018310546875
2026-08-30T13:47:00-07:00,0,0.0,0.00018310546875
2026-08-30T13:47:00-07:00,1,0.0,0.00018310546875
2026-08-30T13:47:00-07:00,2,100.0,37.59869384765625
2026-08-30T13:47:00-07:00,3,0.0,0.00018310546875
2026-08-30T13:48:00-07:00,0,0.0,0.00018310546875
2026-08-30T13:48:00-07:00,1,0.0,0.00018310546875
2026-08-30T13:48:00-07:00,2,99.5,37.59869384765625
2026-08-30T13:48:00-07:00,3,0.0,0.00018310546875
2026-08-30T13:49:00-07:00,0,0.0,0.00018310546875
2026-08-30T13:49:00-07:00,1,0.0,0.00018310546875
2026-08-30T13:49:00-07:00,2,99.5,37.59869384765625
2026-08-30T13:49:00-07:00,3,0.0,0.00018310546875
2026-08-30T13:50:00-07:00,0,0.0,0.00018310546875
2026-08-30T13:50:00-07:00,1,0.0,0.00018310546875
2026-08-30T13:50:00-07:00,2,99.5,37.59869384765625
2026-08-30T13:50:00-07:00,3,0.0,0.00018310546875
2026-08-30T13:51:00-07:00,0,0.0,0.00018310546875
2026-08-30T13:51:00-07:00,1,0.0,0.00018310546875
2026-08-30T13:51:00-07:00,2,99.5,37.59869384765625
2026-08-30T13:51:00-07:00,3,0.0,0.00018310546875
2026-08-30T13:52:00-07:00,0,0.0,0.00018310546875
2026-08-30T13:52:00-07:00,1,0.0,0.00018310546875
2026-08-30T13:52:00-07:00,2,74.75,37.59869384765625
2026-08-30T13:52:00-07:00,3,0.0,0.00018310546875
2026-08-30T13:53:00-07:00,0,50.0,24.756683349609375
2026-08-30T13:53:00-07:00,1,0.0,0.0026092529296875
2026-08-30T13:53:00-07:00,2,99.0,37.59869384765625
2026-08-30T13:53:00-07:00,3,0.0,0.0026092529296875
2026-08-30T13:54:00-07:00,0,100.0,46.73736572265625
2026-08-30T13:54:00-07:00,1,0.0,0.00341796875
2026-08-30T13:54:00-07:00,2,99.25,37.59869384765625
2026-08-30T13:54:00-07:00,3,0.0,0.00341796875
2026-08-30T13:55:00-07:00,0,100.0,46.73736572265625
2026-08-30T13:55:00-07:00,1,0.0,0.00341796875
2026-08-30T13:55:00-07:00,2,99.5,37.59869384765625
2026-08-30T13:55:00-07:00,3,0.0,0.00341796875
2026-08-30T13:56:00-07:00,0,100.0,46.73736572265625
2026-08-30T13:56:00-07:00,1,0.0,0.00341796875
2026-08-30T13:56:00-07:00,2,99.5,37.59869384765625
2026-08-30T13:56:00-07:00,3,0.0,0.00341796875
2026-08-30T13:57:00-07:00,0,100.0,46.73736572265625
2026-08-30T13:57:00-07:00,1,0.0,0.00341796875
2026-08-30T13:57:00-07:00,2,73.75,37.59869384765625
2026-08-30T13:57:00-07:00,3,0.0,0.00341796875
2026-08-30T13:58:00-07:00,0,100.0,46.73736572265625
2026-08-30T13:58:00-07:00,1,0.0,0.00341796875
2026-08-30T13:58:00-07:00,2,99.5,37.59869384765625
2026-08-30T13:58:00-07:00,3,0.0,0.00341796875
2026-08-30T13:59:00-07:00,0,100.0,46.73736572265625
2026-08-30T13:59:00-07:00,1,0.0,0.00341796875
2026-08-30T13:59:00-07:00,2,74.75,37.59869384765625
2026-08-30T13:59:00-07:00,3,0.0,0.00341796875
2026-08-30T14:00:00-07:00,0,100.0,46.73736572265625
2026-08-30T14:00:00-07:00,1,0.0,0.00341796875
2026-08-30T14:00:00-07:00,2,99.75,37.59869384765625
2026-08-30T14:00:00-07:00,3,0.0,0.00341796875
2026-08-30T14:01:00-07:00,0,25.0,34.72174072265625
2026-08-30T14:01:00-07:00,1,0.5,3.8709869384765625
2026-08-30T14:01:00-07:00,2,99.25,37.59869384765625
2026-08-30T14:01:00-07:00,3,0.0,0.00341796875
2026-08-30T14:02:00-07:00,0,0.0,10.71783447265625
2026-08-30T14:02:00-07:00,1,60.0,30.74859619140625
2026-08-30T14:02:00-07:00,2,74.75,37.59869384765625
2026-08-30T14:02:00-07:00,3,0.0,0.00341796875
2026-08-30T14:03:00-07:00,0,0.0,10.71929931640625
2026-08-30T14:03:00-07:00,1,50.25,23.550949096679688
2026-08-30T14:03:00-07:00,2,99.5,37.59869384765625
2026-08-30T14:03:00-07:00,3,0.0,0.00341796875
2026-08-30T14:04:00-07:00,0,0.0,10.71978759765625
2026-08-30T14:04:00-07:00,1,0.0,0.00341796875
2026-08-30T14:04:00-07:00,2,99.5,37.59869384765625
2026-08-30T14:04:00-07:00,3,0.0,0.00341796875
2026-08-30T14:05:00-07:00,0,0.0,10.71978759765625
2026-08-30T14:05:00-07:00,1,0.0,0.00341796875
2026-08-30T14:05:00-07:00,2,75.0,37.59869384765625
2026-08-30T14:05:00-07:00,3,0.0,0.00341796875
2026-08-30T14:06:00-07:00,0,0.0,10.71978759765625
2026-08-30T14:06:00-07:00,1,0.0,0.00341796875
2026-08-30T14:06:00-07:00,2,99.75,37.59869384765625
2026-08-30T14:06:00-07:00,3,0.0,0.00341796875
2026-08-30T14:07:00-07:00,0,50.0,13.72662353515625
2026-08-30T14:07:00-07:00,1,0.0,0.00341796875
2026-08-30T14:07:00-07:00,2,74.75,37.59869384765625
2026-08-30T14:07:00-07:00,3,0.0,0.00341796875
2026-08-30T14:08:00-07:00,0,0.0,10.72369384765625
2026-08-30T14:08:00-07:00,1,0.0,0.00341796875
2026-08-30T14:08:00-07:00,2,99.5,37.59869384765625
2026-08-30T14:08:00-07:00,3,0.0,0.00341796875
2026-08-30T14:09:00-07:00,0,0.0,10.72369384765625
2026-08-30T14:09:00-07:00,1,0.0,0.00341796875
2026-08-30T14:09:00-07:00,2,99.75,37.59869384765625
2026-08-30T14:09:00-07:00,3,0.0,0.00341796875
2026-08-30T14:10:00-07:00,0,0.0,10.72369384765625
2026-08-30T14:10:00-07:00,1,0.5,2.1336822509765625
2026-08-30T14:10:00-07:00,2,74.75,37.59869384765625
2026-08-30T14:10:00-07:00,3,0.0,0.00341796875
2026-08-30T14:11:00-07:00,0,0.0,10.72369384765625
2026-08-30T14:11:00-07:00,1,55.0,10.19195556640625
2026-08-30T14:11:00-07:00,2,99.5,37.59869384765625
2026-08-30T14:11:00-07:00,3,0.0,0.00341796875
2026-08-30T14:12:00-07:00,0,0.0,10.72369384765625
2026-08-30T14:12:00-07:00,1,27.0,5.097930908203125
2026-08-30T14:12:00-07:00,2,99.75,37.59869384765625
2026-08-30T14:12:00-07:00,3,0.0,0.00341796875
2026-08-30T14:13:00-07:00,0,0.0,10.72369384765625
2026-08-30T14:13:00-07:00,1,36.0,7.166778564453125
2026-08-30T14:13:00-07:00,2,99.0,37.59869384765625
2026-08-30T14:13:00-07:00,3,0.0,2.1561431884765625
2026-08-30T14:14:00-07:00,0,0.0,10.72369384765625
2026-08-30T14:14:00-07:00,1,0.0,0.00341796875
2026-08-30T14:14:00-07:00,2,99.5,37.59869384765625
2026-08-30T14:14:00-07:00,3,41.0,5.125274658203125
2026-08-30T14:15:00-07:00,0,0.0,10.72369384765625
2026-08-30T14:15:00-07:00,1,0.0,0.00341796875
2026-08-30T14:15:00-07:00,2,74.75,37.59869384765625
2026-08-30T14:15:00-07:00,3,0.0,0.00341796875
2026-08-30T14:16:00-07:00,0,0.0,10.72418212890625
2026-08-30T14:16:00-07:00,1,0.0,0.00341796875
2026-08-30T14:16:00-07:00,2,100.0,37.59869384765625
2026-08-30T14:16:00-07:00,3,0.0,0.00341796875
2026-08-30T14:17:00-07:00,0,100.0,46.74713134765625
2026-08-30T14:17:00-07:00,1,0.0,0.00341796875
2026-08-30T14:17:00-07:00,2,99.25,37.59869384765625
2026-08-30T14:17:00-07:00,3,0.0,0.00341796875
2026-08-30T14:18:00-07:00,0,100.0,46.74713134765625
2026-08-30T14:18:00-07:00,1,0.0,0.00341796875
2026-08-30T14:18:00-07:00,2,99.25,37.59869384765625
2026-08-30T14:18:00-07:00,3,0.0,0.00341796875
2026-08-30T14:19:00-07:00,0,100.0,46.74713134765625
2026-08-30T14:19:00-07:00,1,0.0,0.00341796875
2026-08-30T14:19:00-07:00,2,98.75,37.59869384765625
2026-08-30T14:19:00-07:00,3,0.0,0.00341796875
2026-08-30T14:20:00-07:00,0,100.0,46.74713134765625
2026-08-30T14:20:00-07:00,1,0.0,0.00341796875
2026-08-30T14:20:00-07:00,2,74.75,37.59869384765625
2026-08-30T14:20:00-07:00,3,0.0,0.00341796875
2026-08-30T14:21:00-07:00,0,100.0,46.74713134765625
2026-08-30T14:21:00-07:00,1,0.0,0.00341796875
2026-08-30T14:21:00-07:00,2,99.75,37.59869384765625
2026-08-30T14:21:00-07:00,3,0.0,0.00341796875
2026-08-30T14:22:00-07:00,0,100.0,46.74713134765625
2026-08-30T14:22:00-07:00,1,0.0,0.00341796875
2026-08-30T14:22:00-07:00,2,99.0,37.59869384765625
2026-08-30T14:22:00-07:00,3,0.0,0.00341796875
2026-08-30T14:23:00-07:00,0,100.0,46.74713134765625
2026-08-30T14:23:00-07:00,1,0.0,0.00341796875
2026-08-30T14:23:00-07:00,2,74.75,37.59869384765625
2026-08-30T14:23:00-07:00,3,0.0,0.00341796875
2026-08-30T14:24:00-07:00,0,75.0,45.24176025390625
2026-08-30T14:24:00-07:00,1,0.0,0.00341796875
2026-08-30T14:24:00-07:00,2,95.75,37.59869384765625
2026-08-30T14:24:00-07:00,3,0.0,0.00341796875
2026-08-30T14:25:00-07:00,0,0.0,18.22564697265625
2026-08-30T14:25:00-07:00,1,0.0,0.00341796875
2026-08-30T14:25:00-07:00,2,99.5,37.59869384765625
2026-08-30T14:25:00-07:00,3,0.0,0.00341796875
2026-08-30T14:26:00-07:00,0,0.0,10.72564697265625
2026-08-30T14:26:00-07:00,1,0.0,0.00341796875
2026-08-30T14:26:00-07:00,2,74.0,37.59869384765625
2026-08-30T14:26:00-07:00,3,0.0,0.00341796875
2026-08-30T14:27:00-07:00,0,25.0,10.72662353515625
2026-08-30T14:27:00-07:00,1,0.0,0.00341796875
2026-08-30T14:27:00-07:00,2,99.5,37.59869384765625
2026-08-30T14:27:00-07:00,3,0.0,0.00341796875
2026-08-30T14:28:00-07:00,0,0.0,10.72564697265625
2026-08-30T14:28:00-07:00,1,0.0,0.00341796875
2026-08-30T14:28:00-07:00,2,75.0,37.59869384765625
2026-08-30T14:28:00-07:00,3,0.0,0.00341796875
2026-08-30T14:29:00-07:00,0,0.0,10.72564697265625
2026-08-30T14:29:00-07:00,1,0.0,0.00341796875
2026-08-30T14:29:00-07:00,2,87.25,37.59869384765625
2026-08-30T14:29:00-07:00,3,0.0,0.00341796875
2026-08-30T14:30:00-07:00,0,50.0,13.72857666015625
2026-08-30T14:30:00-07:00,1,0.0,0.00341796875
2026-08-30T14:30:00-07:00,2,99.75,37.59869384765625
2026-08-30T14:30:00-07:00,3,0.0,0.00341796875
2026-08-30T14:31:00-07:00,0,0.0,10.72564697265625
2026-08-30T14:31:00-07:00,1,0.0,0.00341796875
2026-08-30T14:31:00-07:00,2,75.0,37.59869384765625
2026-08-30T14:31:00-07:00,3,0.0,0.00341796875
2026-08-30T14:32:00-07:00,0,0.0,10.72564697265625
2026-08-30T14:32:00-07:00,1,0.0,0.00341796875
2026-08-30T14:32:00-07:00,2,99.25,37.59869384765625
2026-08-30T14:32:00-07:00,3,0.0,0.00341796875
2026-08-30T14:33:00-07:00,0,0.0,10.72564697265625
2026-08-30T14:33:00-07:00,1,0.0,0.00341796875
2026-08-30T14:33:00-07:00,2,75.0,37.59869384765625
2026-08-30T14:33:00-07:00,3,0.0,0.00341796875
2026-08-30T14:34:00-07:00,0,0.0,10.72564697265625
2026-08-30T14:34:00-07:00,1,0.0,0.00341796875
2026-08-30T14:34:00-07:00,2,99.5,37.59869384765625
2026-08-30T14:34:00-07:00,3,0.0,0.00341796875
2026-08-30T14:35:00-07:00,0,0.0,10.72564697265625
2026-08-30T14:35:00-07:00,1,0.0,0.00341796875
2026-08-30T14:35:00-07:00,2,99.5,37.59869384765625
2026-08-30T14:35:00-07:00,3,0.0,0.00341796875
2026-08-30T14:36:00-07:00,0,0.0,10.72564697265625
2026-08-30T14:36:00-07:00,1,0.0,0.00341796875
2026-08-30T14:36:00-07:00,2,74.5,37.59869384765625
2026-08-30T14:36:00-07:00,3,0.0,0.00341796875
2026-08-30T14:37:00-07:00,0,0.0,10.72564697265625
2026-08-30T14:37:00-07:00,1,0.0,0.00341796875
2026-08-30T14:37:00-07:00,2,99.5,37.59869384765625
2026-08-30T14:37:00-07:00,3,0.0,0.00341796875
2026-08-30T14:38:00-07:00,0,0.0,10.72564697265625
2026-08-30T14:38:00-07:00,1,0.0,0.00341796875
2026-08-30T14:38:00-07:00,2,99.5,37.59869384765625
2026-08-30T14:38:00-07:00,3,0.0,0.00341796875
2026-08-30T14:39:00-07:00,0,0.0,10.72564697265625
2026-08-30T14:39:00-07:00,1,21.25,6.658966064453125
2026-08-30T14:39:00-07:00,2,75.0,37.59869384765625
2026-08-30T14:39:00-07:00,3,0.0,0.00341796875
2026-08-30T14:40:00-07:00,0,0.0,10.72564697265625
2026-08-30T14:40:00-07:00,1,0.0,6.4915924072265625
2026-08-30T14:40:00-07:00,2,99.0,37.59869384765625
2026-08-30T14:40:00-07:00,3,0.0,0.00341796875
2026-08-30T14:41:00-07:00,0,50.0,34.98687744140625
2026-08-30T14:41:00-07:00,1,0.0,0.00341796875
2026-08-30T14:41:00-07:00,2,74.5,37.59869384765625
2026-08-30T14:41:00-07:00,3,0.0,0.00341796875
2026-08-30T14:42:00-07:00,0,100.0,46.74713134765625
2026-08-30T14:42:00-07:00,1,0.0,0.00341796875
2026-08-30T14:42:00-07:00,2,99.75,37.59869384765625
2026-08-30T14:42:00-07:00,3,0.0,0.00341796875
2026-08-30T14:43:00-07:00,0,100.0,46.74713134765625
2026-08-30T14:43:00-07:00,1,0.0,0.00341796875
2026-08-30T14:43:00-07:00,2,99.5,37.59869384765625
2026-08-30T14:43:00-07:00,3,0.0,0.00341796875
2026-08-30T14:44:00-07:00,0,100.0,46.74713134765625
2026-08-30T14:44:00-07:00,1,0.0,0.00341796875
2026-08-30T14:44:00-07:00,2,99.75,37.59869384765625
2026-08-30T14:44:00-07:00,3,0.0,0.00341796875
2026-08-30T14:45:00-07:00,0,100.0,46.74713134765625
2026-08-30T14:45:00-07:00,1,0.0,0.00341796875
2026-08-30T14:45:00-07:00,2,99.75,37.59869384765625
2026-08-30T14:45:00-07:00,3,0.0,0.00341796875
2026-08-30T14:46:00-07:00,0,100.0,46.74713134765625
2026-08-30T14:46:00-07:00,1,0.0,0.00341796875
2026-08-30T14:46:00-07:00,2,99.5,37.59869384765625
2026-08-30T14:46:00-07:00,3,0.0,0.00341796875
2026-08-30T14:47:00-07:00,0,100.0,46.74713134765625
2026-08-30T14:47:00-07:00,1,0.0,0.00341796875
2026-08-30T14:47:00-07:00,2,75.0,37.59869384765625
2026-08-30T14:47:00-07:00,3,0.0,0.00341796875
2026-08-30T14:48:00-07:00,0,100.0,46.74713134765625
2026-08-30T14:48:00-07:00,1,0.0,0.00341796875
2026-08-30T14:48:00-07:00,2,99.5,37.59869384765625
2026-08-30T14:48:00-07:00,3,0.0,0.00341796875
2026-08-30T14:49:00-07:00,0,25.0,13.08795166015625
2026-08-30T14:49:00-07:00,1,0.0,0.00341796875
2026-08-30T14:49:00-07:00,2,74.75,37.59869384765625
2026-08-30T14:49:00-07:00,3,0.0,0.00341796875
2026-08-30T14:50:00-07:00,0,0.0,3.84869384765625
2026-08-30T14:50:00-07:00,1,0.0,0.00341796875
2026-08-30T14:50:00-07:00,2,98.75,37.59869384765625
2026-08-30T14:50:00-07:00,3,0.0,0.00341796875
2026-08-30T14:51:00-07:00,0,0.75,4.78668212890625
2026-08-30T14:51:00-07:00,1,0.0,0.00341796875
2026-08-30T14:51:00-07:00,2,99.75,37.59869384765625
2026-08-30T14:51:00-07:00,3,0.0,0.00341796875
2026-08-30T14:52:00-07:00,0,0.0,8.54010009765625
2026-08-30T14:52:00-07:00,1,0.0,0.00341796875
2026-08-30T14:52:00-07:00,2,75.0,37.59869384765625
2026-08-30T14:52:00-07:00,3,0.0,0.00341796875
2026-08-30T14:53:00-07:00,0,0.0,8.54010009765625
2026-08-30T14:53:00-07:00,1,0.0,0.00341796875
2026-08-30T14:53:00-07:00,2,99.75,37.59869384765625
2026-08-30T14:53:00-07:00,3,0.0,0.00341796875
2026-08-30T14:54:00-07:00,0,0.0,8.54010009765625
2026-08-30T14:54:00-07:00,1,0.0,0.00341796875
2026-08-30T14:54:00-07:00,2,74.5,37.59869384765625
2026-08-30T14:54:00-07:00,3,0.0,0.00341796875
2026-08-30T14:55:00-07:00,0,50.0,17.17193603515625
2026-08-30T14:55:00-07:00,1,0.0,0.00341796875
2026-08-30T14:55:00-07:00,2,99.75,37.59869384765625
2026-08-30T14:55:00-07:00,3,0.0,0.00341796875
2026-08-30T14:56:00-07:00,0,0.0,16.04400634765625
2026-08-30T14:56:00-07:00,1,0.0,0.00341796875
2026-08-30T14:56:00-07:00,2,99.75,37.59869384765625
2026-08-30T14:56:00-07:00,3,0.0,0.00341796875
2026-08-30T14:57:00-07:00,0,0.0,16.04400634765625
2026-08-30T14:57:00-07:00,1,0.0,0.00341796875
2026-08-30T14:57:00-07:00,2,74.75,37.59869384765625
2026-08-30T14:57:00-07:00,3,0.0,0.00341796875
2026-08-30T14:58:00-07:00,0,0.0,16.04400634765625
2026-08-30T14:58:00-07:00,1,0.0,0.00341796875
2026-08-30T14:58:00-07:00,2,75.0,37.59869384765625
2026-08-30T14:58:00-07:00,3,0.0,0.00341796875
2026-08-30T14:59:00-07:00,0,0.0,16.04400634765625
2026-08-30T14:59:00-07:00,1,0.0,0.00341796875
2026-08-30T14:59:00-07:00,2,99.5,37.59869384765625
2026-08-30T14:59:00-07:00,3,0.0,0.00341796875
2026-08-30T15:00:00-07:00,0,0.0,16.04400634765625
2026-08-30T15:00:00-07:00,1,0.0,0.00341796875
2026-08-30T15:00:00-07:00,2,99.75,37.59869384765625
2026-08-30T15:00:00-07:00,3,0.0,0.00341796875
2026-08-30T15:01:00-07:00,0,0.0,16.04400634765625
2026-08-30T15:01:00-07:00,1,0.0,0.00341796875
2026-08-30T15:01:00-07:00,2,99.25,37.59869384765625
2026-08-30T15:01:00-07:00,3,0.0,0.00341796875
2026-08-30T15:02:00-07:00,0,0.0,16.04400634765625
2026-08-30T15:02:00-07:00,1,0.0,0.00341796875
2026-08-30T15:02:00-07:00,2,74.5,37.59869384765625
2026-08-30T15:02:00-07:00,3,0.0,0.00341796875
2026-08-30T15:03:00-07:00,0,0.0,16.04400634765625
2026-08-30T15:03:00-07:00,1,0.0,0.00341796875
2026-08-30T15:03:00-07:00,2,99.75,37.59869384765625
2026-08-30T15:03:00-07:00,3,0.0,0.00341796875
2026-08-30T15:04:00-07:00,0,0.0,16.04400634765625
2026-08-30T15:04:00-07:00,1,0.0,0.00341796875
2026-08-30T15:04:00-07:00,2,100.0,37.59869384765625
2026-08-30T15:04:00-07:00,3,0.0,0.00341796875
2026-08-30T15:05:00-07:00,0,50.0,49.06109619140625
2026-08-30T15:05:00-07:00,1,0.0,0.00341796875
2026-08-30T15:05:00-07:00,2,99.5,37.59869384765625
2026-08-30T15:05:00-07:00,3,0.0,0.00341796875
2026-08-30T15:06:00-07:00,0,100.0,67.06158447265625
2026-08-30T15:06:00-07:00,1,0.0,0.00341796875
2026-08-30T15:06:00-07:00,2,99.75,37.59869384765625
2026-08-30T15:06:00-07:00,3,0.0,0.00341796875
2026-08-30T15:07:00-07:00,0,100.0,67.06158447265625
2026-08-30T15:07:00-07:00,1,0.0,0.00341796875
2026-08-30T15:07:00-07:00,2,99.5,37.59869384765625
2026-08-30T15:07:00-07:00,3,0.0,0.00341796875
2026-08-30T15:08:00-07:00,0,100.0,67.06158447265625
2026-08-30T15:08:00-07:00,1,0.0,0.00341796875
2026-08-30T15:08:00-07:00,2,74.75,37.59869384765625
2026-08-30T15:08:00-07:00,3,0.0,0.00341796875
2026-08-30T15:09:00-07:00,0,100.0,67.06158447265625
2026-08-30T15:09:00-07:00,1,0.0,0.00341796875
2026-08-30T15:09:00-07:00,2,99.75,37.59869384765625
2026-08-30T15:09:00-07:00,3,0.0,0.00341796875
2026-08-30T15:10:00-07:00,0,100.0,67.06158447265625
2026-08-30T15:10:00-07:00,1,0.0,0.00341796875
2026-08-30T15:10:00-07:00,2,74.5,37.59869384765625
2026-08-30T15:10:00-07:00,3,0.0,0.00341796875
2026-08-30T15:11:00-07:00,0,100.0,67.06158447265625
2026-08-30T15:11:00-07:00,1,0.0,0.00341796875
2026-08-30T15:11:00-07:00,2,88.75,37.59869384765625
2026-08-30T15:11:00-07:00,3,0.0,0.00341796875
2026-08-30T15:12:00-07:00,0,100.0,67.06158447265625
2026-08-30T15:12:00-07:00,1,0.0,0.00341796875
2026-08-30T15:12:00-07:00,2,99.5,37.59869384765625
2026-08-30T15:12:00-07:00,3,0.0,0.00341796875
2026-08-30T15:13:00-07:00,0,25.0,50.06011962890625
2026-08-30T15:13:00-07:00,1,0.0,0.00341796875
2026-08-30T15:13:00-07:00,2,74.75,37.59869384765625
2026-08-30T15:13:00-07:00,3,0.0,0.00341796875
2026-08-30T15:14:00-07:00,0,0.0,11.05963134765625
2026-08-30T15:14:00-07:00,1,0.0,0.00341796875
2026-08-30T15:14:00-07:00,2,99.5,37.59869384765625
2026-08-30T15:14:00-07:00,3,0.0,0.00341796875
2026-08-30T15:15:00-07:00,0,0.0,11.05963134765625
2026-08-30T15:15:00-07:00,1,0.0,0.00341796875
2026-08-30T15:15:00-07:00,2,99.5,37.59869384765625
2026-08-30T15:15:00-07:00,3,0.0,0.00341796875
2026-08-30T15:16:00-07:00,0,0.0,11.05963134765625
2026-08-30T15:16:00-07:00,1,0.0,0.00341796875
2026-08-30T15:16:00-07:00,2,75.0,37.59869384765625
2026-08-30T15:16:00-07:00,3,0.0,0.00341796875
2026-08-30T15:17:00-07:00,0,0.0,11.05963134765625
2026-08-30T15:17:00-07:00,1,0.0,0.00341796875
2026-08-30T15:17:00-07:00,2,99.5,37.59869384765625
2026-08-30T15:17:00-07:00,3,0.0,0.00341796875
2026-08-30T15:18:00-07:00,0,50.0,14.43707275390625
2026-08-30T15:18:00-07:00,1,0.0,0.00341796875
2026-08-30T15:18:00-07:00,2,74.5,37.59869384765625
2026-08-30T15:18:00-07:00,3,0.0,0.00341796875
2026-08-30T15:19:00-07:00,0,0.0,16.05963134765625
2026-08-30T15:19:00-07:00,1,0.0,0.00341796875
2026-08-30T15:19:00-07:00,2,99.75,37.59869384765625
2026-08-30T15:19:00-07:00,3,0.0,0.00341796875
2026-08-30T15:20:00-07:00,0,0.0,16.05963134765625
2026-08-30T15:20:00-07:00,1,0.0,0.00341796875
2026-08-30T15:20:00-07:00,2,99.5,37.59869384765625
2026-08-30T15:20:00-07:00,3,0.0,0.00341796875
2026-08-30T15:21:00-07:00,0,0.0,16.05963134765625
2026-08-30T15:21:00-07:00,1,0.0,0.00341796875
2026-08-30T15:21:00-07:00,2,74.75,37.59869384765625
2026-08-30T15:21:00-07:00,3,0.0,0.00341796875
2026-08-30T15:22:00-07:00,0,0.0,16.05963134765625
2026-08-30T15:22:00-07:00,1,0.0,0.00341796875
2026-08-30T15:22:00-07:00,2,100.0,37.59869384765625
2026-08-30T15:22:00-07:00,3,0.0,0.00341796875
2026-08-30T15:23:00-07:00,0,0.0,16.05963134765625
2026-08-30T15:23:00-07:00,1,0.0,0.00341796875
2026-08-30T15:23:00-07:00,2,74.5,37.59869384765625
2026-08-30T15:23:00-07:00,3,0.0,0.00341796875
2026-08-30T15:24:00-07:00,0,0.0,16.05963134765625
2026-08-30T15:24:00-07:00,1,0.0,0.00341796875
2026-08-30T15:24:00-07:00,2,99.5,37.59869384765625
2026-08-30T15:24:00-07:00,3,0.0,0.00341796875
2026-08-30T15:25:00-07:00,0,0.0,16.05963134765625
2026-08-30T15:25:00-07:00,1,0.0,0.00341796875
2026-08-30T15:25:00-07:00,2,99.75,37.59869384765625
2026-08-30T15:25:00-07:00,3,0.0,0.00341796875
2026-08-30T15:26:00-07:00,0,0.0,16.05963134765625
2026-08-30T15:26:00-07:00,1,0.0,0.00341796875
2026-08-30T15:26:00-07:00,2,74.5,37.59869384765625
2026-08-30T15:26:00-07:00,3,0.0,0.00341796875
2026-08-30T15:27:00-07:00,0,0.0,16.05963134765625
2026-08-30T15:27:00-07:00,1,0.0,0.00341796875
2026-08-30T15:27:00-07:00,2,1.0,5.68658447265625
2026-08-30T15:27:00-07:00,3,1.0,5.67486572265625
2026-08-30T15:28:00-07:00,0,0.0,16.05963134765625
2026-08-30T15:28:00-07:00,1,0.0,0.00341796875
2026-08-30T15:28:00-07:00,2,0.25,9.94683837890625
2026-08-30T15:28:00-07:00,3,0.25,9.94488525390625
2026-08-30T15:29:00-07:00,0,0.0,16.05963134765625
2026-08-30T15:29:00-07:00,1,0.0,0.00341796875
2026-08-30T15:29:00-07:00,2,74.625,11.99908447265625
2026-08-30T15:29:00-07:00,3,87.125,11.99908447265625
2026-08-30T15:30:00-07:00,0,75.0,51.56158447265625
2026-08-30T15:30:00-07:00,1,0.0,0.00341796875
2026-08-30T15:30:00-07:00,2,75.125,11.99957275390625
2026-08-30T15:30:00-07:00,3,100.0,11.99908447265625
2026-08-30T15:31:00-07:00,0,100.0,67.06158447265625
2026-08-30T15:31:00-07:00,1,0.0,0.00341796875
2026-08-30T15:31:00-07:00,2,75.0,32.38482666015625
2026-08-30T15:31:00-07:00,3,75.0,32.38482666015625
2026-08-30T15:32:00-07:00,0,100.0,67.06158447265625
2026-08-30T15:32:00-07:00,1,0.0,0.00341796875
2026-08-30T15:32:00-07:00,2,99.0,39.18072509765625
2026-08-30T15:32:00-07:00,3,74.75,39.18023681640625
2026-08-30T15:33:00-07:00,0,100.0,67.06158447265625
2026-08-30T15:33:00-07:00,1,0.0,0.00341796875
2026-08-30T15:33:00-07:00,2,75.0,39.18072509765625
2026-08-30T15:33:00-07:00,3,99.75,39.18072509765625
2026-08-30T15:34:00-07:00,0,100.0,67.06158447265625
2026-08-30T15:34:00-07:00,1,0.0,0.00341796875
2026-08-30T15:34:00-07:00,2,100.0,39.18072509765625
2026-08-30T15:34:00-07:00,3,100.0,39.18072509765625
2026-08-30T15:35:00-07:00,0,100.0,67.06158447265625
2026-08-30T15:35:00-07:00,1,0.0,0.00341796875
2026-08-30T15:35:00-07:00,2,99.75,39.18072509765625
2026-08-30T15:35:00-07:00,3,99.75,39.18072509765625
2026-08-30T15:36:00-07:00,0,100.0,67.06158447265625
2026-08-30T15:36:00-07:00,1,0.0,0.00341796875
2026-08-30T15:36:00-07:00,2,74.75,39.18072509765625
2026-08-30T15:36:00-07:00,3,74.5,39.18072509765625
2026-08-30T15:37:00-07:00,0,100.0,67.06158447265625
2026-08-30T15:37:00-07:00,1,0.0,0.00341796875
2026-08-30T15:37:00-07:00,2,99.75,39.18072509765625
2026-08-30T15:37:00-07:00,3,100.0,39.18072509765625
2026-08-30T15:38:00-07:00,0,25.0,37.56011962890625
2026-08-30T15:38:00-07:00,1,0.0,0.00341796875
2026-08-30T15:38:00-07:00,2,99.0,39.18072509765625
2026-08-30T15:38:00-07:00,3,99.5,39.18072509765625
2026-08-30T15:39:00-07:00,0,24.25,11.06011962890625
2026-08-30T15:39:00-07:00,1,0.0,0.00341796875
2026-08-30T15:39:00-07:00,2,74.625,39.18072509765625
2026-08-30T15:39:00-07:00,3,74.75,39.18072509765625
2026-08-30T15:40:00-07:00,0,25.0,11.31060791015625
2026-08-30T15:40:00-07:00,1,0.0,0.00341796875
2026-08-30T15:40:00-07:00,2,99.625,39.18072509765625
2026-08-30T15:40:00-07:00,3,100.0,39.18072509765625
2026-08-30T15:41:00-07:00,0,0.0,11.05963134765625
2026-08-30T15:41:00-07:00,1,0.0,0.00341796875
2026-08-30T15:41:00-07:00,2,99.75,39.18072509765625
2026-08-30T15:41:00-07:00,3,99.5,39.18072509765625
2026-08-30T15:42:00-07:00,0,25.0,13.81158447265625
2026-08-30T15:42:00-07:00,1,0.0,0.00341796875
2026-08-30T15:42:00-07:00,2,74.75,39.18072509765625
2026-08-30T15:42:00-07:00,3,75.0,39.18072509765625
2026-08-30T15:43:00-07:00,0,25.0,17.56109619140625
2026-08-30T15:43:00-07:00,1,0.0,0.00341796875
2026-08-30T15:43:00-07:00,2,99.375,39.18072509765625
2026-08-30T15:43:00-07:00,3,99.75,39.18072509765625
2026-08-30T15:44:00-07:00,0,0.0,16.05963134765625
2026-08-30T15:44:00-07:00,1,0.0,0.00341796875
2026-08-30T15:44:00-07:00,2,99.625,39.18072509765625
2026-08-30T15:44:00-07:00,3,99.25,39.18072509765625
2026-08-30T15:45:00-07:00,0,0.0,16.05963134765625
2026-08-30T15:45:00-07:00,1,0.0,0.00341796875
2026-08-30T15:45:00-07:00,2,74.75,39.18072509765625
2026-08-30T15:45:00-07:00,3,75.0,39.18072509765625
2026-08-30T15:46:00-07:00,0,0.0,16.05963134765625
2026-08-30T15:46:00-07:00,1,0.0,0.00341796875
2026-08-30T15:46:00-07:00,2,99.5,39.18072509765625
2026-08-30T15:46:00-07:00,3,99.25,39.18072509765625
2026-08-30T15:47:00-07:00,0,0.0,16.05963134765625
2026-08-30T15:47:00-07:00,1,0.0,0.00341796875
2026-08-30T15:47:00-07:00,2,99.375,39.18072509765625
2026-08-30T15:47:00-07:00,3,99.75,39.18072509765625
2026-08-30T15:48:00-07:00,0,0.0,16.05963134765625
2026-08-30T15:48:00-07:00,1,0.0,0.00341796875
2026-08-30T15:48:00-07:00,2,74.25,39.18072509765625
2026-08-30T15:48:00-07:00,3,74.75,39.18072509765625
2026-08-30T15:49:00-07:00,0,0.0,16.05963134765625
2026-08-30T15:49:00-07:00,1,0.0,0.00341796875
2026-08-30T15:49:00-07:00,2,98.625,39.18072509765625
2026-08-30T15:49:00-07:00,3,99.75,39.18072509765625
2026-08-30T15:50:00-07:00,0,0.0,16.05963134765625
2026-08-30T15:50:00-07:00,1,0.0,0.00341796875
2026-08-30T15:50:00-07:00,2,99.25,39.18072509765625
2026-08-30T15:50:00-07:00,3,99.5,39.18072509765625
2026-08-30T15:51:00-07:00,0,0.0,16.05963134765625
2026-08-30T15:51:00-07:00,1,0.0,0.00341796875
2026-08-30T15:51:00-07:00,2,75.0,39.18072509765625
2026-08-30T15:51:00-07:00,3,74.875,39.18072509765625
2026-08-30T15:52:00-07:00,0,75.0,59.31158447265625
2026-08-30T15:52:00-07:00,1,60.25,17.10406494140625
2026-08-30T15:52:00-07:00,2,99.5,39.18072509765625
2026-08-30T15:52:00-07:00,3,76.75,39.18072509765625
2026-08-30T15:53:00-07:00,0,100.0,67.06158447265625
2026-08-30T15:53:00-07:00,1,26.25,16.203399658203125
2026-08-30T15:53:00-07:00,2,74.5,39.18072509765625
2026-08-30T15:53:00-07:00,3,99.25,39.18072509765625
2026-08-30T15:54:00-07:00,0,100.0,67.06158447265625
2026-08-30T15:54:00-07:00,1,65.66666666666667,11.97760009765625
2026-08-30T15:54:00-07:00,2,100.0,41.055948893229164
2026-08-30T15:54:00-07:00,3,100.0,41.0665283203125
2026-08-30T15:55:00-07:00,0,100.0,67.06158447265625
2026-08-30T15:55:00-07:00,1,99.5,39.650726318359375
2026-08-30T15:55:00-07:00,2,100.0,71.5806884765625
2026-08-30T15:55:00-07:00,3,100.0,71.5806884765625
2026-08-30T15:56:00-07:00,0,100.0,67.06158447265625
2026-08-30T15:56:00-07:00,1,100.0,55.79759216308594
2026-08-30T15:56:00-07:00,2,100.0,71.5806884765625
2026-08-30T15:56:00-07:00,3,100.0,71.5806884765625
2026-08-30T15:57:00-07:00,0,100.0,67.06158447265625
2026-08-30T15:57:00-07:00,1,99.0,32.40924072265625
2026-08-30T15:57:00-07:00,2,100.0,71.5850830078125
2026-08-30T15:57:00-07:00,3,100.0,72.65995788574219
2026-08-30T15:58:00-07:00,0,100.0,67.06158447265625
2026-08-30T15:58:00-07:00,1,99.0,32.40924072265625
2026-08-30T15:58:00-07:00,2,100.0,71.5865478515625
2026-08-30T15:58:00-07:00,3,100.0,72.82510375976562
2026-08-30T15:59:00-07:00,0,100.0,67.06158447265625
2026-08-30T15:59:00-07:00,1,98.5,32.40924072265625
2026-08-30T15:59:00-07:00,2,100.0,71.5865478515625
2026-08-30T15:59:00-07:00,3,100.0,71.77149963378906
2026-08-30T16:00:00-07:00,0,25.0,37.78901672363281
2026-08-30T16:00:00-07:00,1,100.0,41.3414306640625
2026-08-30T16:00:00-07:00,2,100.0,71.5865478515625
2026-08-30T16:00:00-07:00,3,100.0,71.5865478515625
2026-08-30T16:01:00-07:00,0,0.0,11.05963134765625
2026-08-30T16:01:00-07:00,1,100.0,59.10369873046875
2026-08-30T16:01:00-07:00,2,100.0,71.5865478515625
2026-08-30T16:01:00-07:00,3,100.0,71.5865478515625
2026-08-30T16:02:00-07:00,0,25.0,11.06060791015625
2026-08-30T16:02:00-07:00,1,100.0,59.10369873046875
2026-08-30T16:02:00-07:00,2,100.0,71.5865478515625
2026-08-30T16:02:00-07:00,3,100.0,71.5865478515625
2026-08-30T16:03:00-07:00,0,0.0,11.05963134765625
2026-08-30T16:03:00-07:00,1,99.5,44.90284729003906
2026-08-30T16:03:00-07:00,2,99.75,71.5865478515625
2026-08-30T16:03:00-07:00,3,100.0,71.5865478515625
2026-08-30T16:04:00-07:00,0,0.0,11.05963134765625
2026-08-30T16:04:00-07:00,1,100.0,59.10369873046875
2026-08-30T16:04:00-07:00,2,100.0,71.5865478515625
2026-08-30T16:04:00-07:00,3,100.0,71.5865478515625
2026-08-30T16:05:00-07:00,0,50.0,17.81304931640625
2026-08-30T16:05:00-07:00,1,100.0,59.10369873046875
2026-08-30T16:05:00-07:00,2,100.0,71.5865478515625
2026-08-30T16:05:00-07:00,3,100.0,71.5865478515625
2026-08-30T16:06:00-07:00,0,24.75,20.101028442382812
2026-08-30T16:06:00-07:00,1,99.5,45.73585510253906
2026-08-30T16:06:00-07:00,2,100.0,71.5865478515625
2026-08-30T16:06:00-07:00,3,100.0,71.5865478515625
2026-08-30T16:07:00-07:00,0,3.0,25.765853881835938
2026-08-30T16:07:00-07:00,1,99.0,41.2799072265625
2026-08-30T16:07:00-07:00,2,100.0,71.5865478515625
2026-08-30T16:07:00-07:00,3,100.0,71.5865478515625
2026-08-30T16:08:00-07:00,0,0.0,33.7818603515625
2026-08-30T16:08:00-07:00,1,99.75,41.2799072265625
2026-08-30T16:08:00-07:00,2,100.0,71.5865478515625
2026-08-30T16:08:00-07:00,3,100.0,71.5865478515625
2026-08-30T16:09:00-07:00,0,0.0,33.7779541015625
2026-08-30T16:09:00-07:00,1,85.75,45.99513244628906
2026-08-30T16:09:00-07:00,2,100.0,71.5865478515625
2026-08-30T16:09:00-07:00,3,100.0,71.5865478515625
2026-08-30T16:10:00-07:00,0,0.0,16.05963134765625
2026-08-30T16:10:00-07:00,1,100.0,60.14080810546875
2026-08-30T16:10:00-07:00,2,100.0,71.5865478515625
2026-08-30T16:10:00-07:00,3,100.0,71.5865478515625
2026-08-30T16:11:00-07:00,0,0.0,16.05963134765625
2026-08-30T16:11:00-07:00,1,99.5,50.710357666015625
2026-08-30T16:11:00-07:00,2,100.0,71.5865478515625
2026-08-30T16:11:00-07:00,3,100.0,71.5865478515625
2026-08-30T16:12:00-07:00,0,0.0,16.05963134765625
2026-08-30T16:12:00-07:00,1,99.5,41.2799072265625
2026-08-30T16:12:00-07:00,2,100.0,71.5865478515625
2026-08-30T16:12:00-07:00,3,100.0,71.5865478515625
2026-08-30T16:13:00-07:00,0,0.0,16.05963134765625
2026-08-30T16:13:00-07:00,1,100.0,41.2799072265625
2026-08-30T16:13:00-07:00,2,99.75,71.5865478515625
2026-08-30T16:13:00-07:00,3,100.0,71.5865478515625
2026-08-30T16:14:00-07:00,0,0.0,16.05963134765625
2026-08-30T16:14:00-07:00,1,99.25,41.2799072265625
2026-08-30T16:14:00-07:00,2,100.0,71.5865478515625
2026-08-30T16:14:00-07:00,3,100.0,71.5865478515625
2026-08-30T16:15:00-07:00,0,25.0,33.81060791015625
2026-08-30T16:15:00-07:00,1,99.25,41.3052978515625
2026-08-30T16:15:00-07:00,2,100.0,71.5865478515625
2026-08-30T16:15:00-07:00,3,100.0,71.5865478515625
2026-08-30T16:16:00-07:00,0,100.0,67.06158447265625
2026-08-30T16:16:00-07:00,1,99.25,41.3814697265625
2026-08-30T16:16:00-07:00,2,99.5,71.5865478515625
2026-08-30T16:16:00-07:00,3,85.25,71.5865478515625
2026-08-30T16:17:00-07:00,0,100.0,67.06158447265625
2026-08-30T16:17:00-07:00,1,100.0,41.3814697265625
2026-08-30T16:17:00-07:00,2,100.0,71.5865478515625
2026-08-30T16:17:00-07:00,3,100.0,71.5865478515625
2026-08-30T16:18:00-07:00,0,100.0,67.06158447265625
2026-08-30T16:18:00-07:00,1,99.5,39.13841247558594
2026-08-30T16:18:00-07:00,2,100.0,71.5865478515625
2026-08-30T16:18:00-07:00,3,100.0,71.5865478515625
2026-08-30T16:19:00-07:00,0,100.0,67.06158447265625
2026-08-30T16:19:00-07:00,1,88.25,37.057464599609375
2026-08-30T16:19:00-07:00,2,100.0,71.5865478515625
2026-08-30T16:19:00-07:00,3,100.0,71.5865478515625
2026-08-30T16:20:00-07:00,0,100.0,67.06158447265625
2026-08-30T16:20:00-07:00,1,100.0,41.7061767578125
2026-08-30T16:20:00-07:00,2,100.0,71.5865478515625
2026-08-30T16:20:00-07:00,3,100.0,71.5865478515625
2026-08-30T16:21:00-07:00,0,100.0,67.06158447265625
2026-08-30T16:21:00-07:00,1,100.0,41.7076416015625
2026-08-30T16:21:00-07:00,2,99.5,71.5865478515625
2026-08-30T16:21:00-07:00,3,100.0,71.5865478515625
2026-08-30T16:22:00-07:00,0,100.0,67.06158447265625
2026-08-30T16:22:00-07:00,1,100.0,41.7076416015625
2026-08-30T16:22:00-07:00,2,100.0,71.5865478515625
2026-08-30T16:22:00-07:00,3,100.0,71.5865478515625
2026-08-30T16:23:00-07:00,0,75.0,65.56109619140625
2026-08-30T16:23:00-07:00,1,99.25,32.40924072265625
2026-08-30T16:23:00-07:00,2,100.0,71.5865478515625
2026-08-30T16:23:00-07:00,3,100.0,71.5865478515625
2026-08-30T16:24:00-07:00,0,0.0,11.05963134765625
2026-08-30T16:24:00-07:00,1,100.0,32.40924072265625
2026-08-30T16:24:00-07:00,2,100.0,71.5865478515625
2026-08-30T16:24:00-07:00,3,100.0,71.5865478515625
2026-08-30T16:25:00-07:00,0,0.0,11.05963134765625
2026-08-30T16:25:00-07:00,1,99.5,32.40924072265625
2026-08-30T16:25:00-07:00,2,100.0,71.5865478515625
2026-08-30T16:25:00-07:00,3,100.0,71.5865478515625
2026-08-30T16:26:00-07:00,0,0.0,11.05963134765625
2026-08-30T16:26:00-07:00,1,99.25,43.043792724609375
2026-08-30T16:26:00-07:00,2,100.0,71.5865478515625
2026-08-30T16:26:00-07:00,3,100.0,71.5865478515625
2026-08-30T16:27:00-07:00,0,0.0,11.05963134765625
2026-08-30T16:27:00-07:00,1,100.0,53.6802978515625
2026-08-30T16:27:00-07:00,2,100.0,71.5865478515625
2026-08-30T16:27:00-07:00,3,75.0,71.5865478515625
2026-08-30T16:28:00-07:00,0,25.0,13.81109619140625
2026-08-30T16:28:00-07:00,1,99.5,37.72700500488281
2026-08-30T16:28:00-07:00,2,100.0,71.5865478515625
2026-08-30T16:28:00-07:00,3,100.0,71.5865478515625
2026-08-30T16:29:00-07:00,0,25.0,17.56109619140625
2026-08-30T16:29:00-07:00,1,99.5,36.03218078613281
2026-08-30T16:29:00-07:00,2,100.0,71.5865478515625
2026-08-30T16:29:00-07:00,3,100.0,71.5865478515625
2026-08-30T16:30:00-07:00,0,0.0,16.05963134765625
2026-08-30T16:30:00-07:00,1,100.0,32.40924072265625
2026-08-30T16:30:00-07:00,2,100.0,71.5865478515625
2026-08-30T16:30:00-07:00,3,100.0,71.5865478515625
2026-08-30T16:31:00-07:00,0,0.0,16.05963134765625
2026-08-30T16:31:00-07:00,1,99.25,32.40924072265625
2026-08-30T16:31:00-07:00,2,100.0,71.5865478515625
2026-08-30T16:31:00-07:00,3,100.0,71.5865478515625
2026-08-30T16:32:00-07:00,0,0.0,16.05963134765625
2026-08-30T16:32:00-07:00,1,75.25,32.40924072265625
2026-08-30T16:32:00-07:00,2,75.0,71.5865478515625
2026-08-30T16:32:00-07:00,3,100.0,71.5865478515625
2026-08-30T16:33:00-07:00,0,0.0,16.05963134765625
2026-08-30T16:33:00-07:00,1,75.0,32.40924072265625
2026-08-30T16:33:00-07:00,2,100.0,71.5865478515625
2026-08-30T16:33:00-07:00,3,100.0,71.5865478515625
2026-08-30T16:34:00-07:00,0,0.0,16.05963134765625
2026-08-30T16:34:00-07:00,1,100.0,32.40924072265625
2026-08-30T16:34:00-07:00,2,100.0,71.5865478515625
2026-08-30T16:34:00-07:00,3,100.0,71.5865478515625
2026-08-30T16:35:00-07:00,0,0.0,16.05963134765625
2026-08-30T16:35:00-07:00,1,99.5,32.40924072265625
2026-08-30T16:35:00-07:00,2,100.0,71.5865478515625
2026-08-30T16:35:00-07:00,3,100.0,71.5865478515625
2026-08-30T16:36:00-07:00,0,0.0,16.05963134765625
2026-08-30T16:36:00-07:00,1,93.25,32.40924072265625
2026-08-30T16:36:00-07:00,2,100.0,71.5865478515625
2026-08-30T16:36:00-07:00,3,100.0,71.5865478515625
2026-08-30T16:37:00-07:00,0,50.0,46.56109619140625
2026-08-30T16:37:00-07:00,1,99.5,32.40924072265625
2026-08-30T16:37:00-07:00,2,100.0,71.5865478515625
2026-08-30T16:37:00-07:00,3,100.0,71.5865478515625
2026-08-30T16:38:00-07:00,0,100.0,67.06158447265625
2026-08-30T16:38:00-07:00,1,98.75,32.40924072265625
2026-08-30T16:38:00-07:00,2,100.0,71.5865478515625
2026-08-30T16:38:00-07:00,3,100.0,71.5865478515625
2026-08-30T16:39:00-07:00,0,100.0,67.06158447265625
2026-08-30T16:39:00-07:00,1,100.0,32.40924072265625
2026-08-30T16:39:00-07:00,2,100.0,71.5865478515625
2026-08-30T16:39:00-07:00,3,100.0,71.5865478515625
2026-08-30T16:40:00-07:00,0,100.0,67.06158447265625
2026-08-30T16:40:00-07:00,1,99.5,32.40924072265625
2026-08-30T16:40:00-07:00,2,100.0,71.5865478515625
2026-08-30T16:40:00-07:00,3,100.0,71.5865478515625
2026-08-30T16:41:00-07:00,0,100.0,67.06158447265625
2026-08-30T16:41:00-07:00,1,99.25,32.40924072265625
2026-08-30T16:41:00-07:00,2,100.0,71.5865478515625
2026-08-30T16:41:00-07:00,3,100.0,71.5865478515625
2026-08-30T16:42:00-07:00,0,100.0,67.06158447265625
2026-08-30T16:42:00-07:00,1,99.5,32.40924072265625
2026-08-30T16:42:00-07:00,2,100.0,71.5865478515625
2026-08-30T16:42:00-07:00,3,100.0,71.5865478515625
2026-08-30T16:43:00-07:00,0,100.0,67.06158447265625
2026-08-30T16:43:00-07:00,1,99.5,32.40924072265625
2026-08-30T16:43:00-07:00,2,100.0,71.5865478515625
2026-08-30T16:43:00-07:00,3,100.0,71.5865478515625
2026-08-30T16:44:00-07:00,0,100.0,67.06158447265625
2026-08-30T16:44:00-07:00,1,75.0,32.40924072265625
2026-08-30T16:44:00-07:00,2,100.0,71.5865478515625
2026-08-30T16:44:00-07:00,3,100.0,71.5865478515625
2026-08-30T16:45:00-07:00,0,25.0,37.56011962890625
2026-08-30T16:45:00-07:00,1,87.25,32.40924072265625
2026-08-30T16:45:00-07:00,2,100.0,71.5865478515625
2026-08-30T16:45:00-07:00,3,100.0,71.5865478515625
2026-08-30T16:46:00-07:00,0,0.0,11.05963134765625
2026-08-30T16:46:00-07:00,1,99.5,32.40924072265625
2026-08-30T16:46:00-07:00,2,100.0,71.5865478515625
2026-08-30T16:46:00-07:00,3,99.75,71.5865478515625
2026-08-30T16:47:00-07:00,0,0.0,11.05963134765625
2026-08-30T16:47:00-07:00,1,99.5,32.40924072265625
2026-08-30T16:47:00-07:00,2,100.0,71.5865478515625
2026-08-30T16:47:00-07:00,3,100.0,71.5865478515625
2026-08-30T16:48:00-07:00,0,0.0,11.05963134765625
2026-08-30T16:48:00-07:00,1,100.0,32.40924072265625
2026-08-30T16:48:00-07:00,2,100.0,71.5865478515625
2026-08-30T16:48:00-07:00,3,100.0,71.5865478515625
2026-08-30T16:49:00-07:00,0,25.0,13.81109619140625
2026-08-30T16:49:00-07:00,1,99.5,32.40924072265625
2026-08-30T16:49:00-07:00,2,100.0,71.5865478515625
2026-08-30T16:49:00-07:00,3,100.0,71.5865478515625
2026-08-30T16:50:00-07:00,0,25.0,17.56109619140625
2026-08-30T16:50:00-07:00,1,99.0,32.40924072265625
2026-08-30T16:50:00-07:00,2,100.0,71.5865478515625
2026-08-30T16:50:00-07:00,3,100.0,71.5865478515625
2026-08-30T16:51:00-07:00,0,0.0,16.05963134765625
2026-08-30T16:51:00-07:00,1,99.5,32.40924072265625
2026-08-30T16:51:00-07:00,2,100.0,71.5865478515625
2026-08-30T16:51:00-07:00,3,100.0,71.5865478515625
2026-08-30T16:52:00-07:00,0,0.0,16.05963134765625
2026-08-30T16:52:00-07:00,1,99.25,32.40924072265625
2026-08-30T16:52:00-07:00,2,100.0,71.5865478515625
2026-08-30T16:52:00-07:00,3,100.0,71.5865478515625
2026-08-30T16:53:00-07:00,0,0.0,16.05963134765625
2026-08-30T16:53:00-07:00,1,75.0,32.40924072265625
2026-08-30T16:53:00-07:00,2,100.0,71.5865478515625
2026-08-30T16:53:00-07:00,3,100.0,71.5865478515625
2026-08-30T16:54:00-07:00,0,0.0,16.05963134765625
2026-08-30T16:54:00-07:00,1,97.25,32.40924072265625
2026-08-30T16:54:00-07:00,2,99.75,71.5865478515625
2026-08-30T16:54:00-07:00,3,100.0,71.5865478515625
2026-08-30T16:55:00-07:00,0,0.0,16.05963134765625
2026-08-30T16:55:00-07:00,1,99.25,32.40924072265625
2026-08-30T16:55:00-07:00,2,100.0,71.5865478515625
2026-08-30T16:55:00-07:00,3,100.0,71.5865478515625
2026-08-30T16:56:00-07:00,0,0.0,16.05963134765625
2026-08-30T16:56:00-07:00,1,99.5,32.40924072265625
2026-08-30T16:56:00-07:00,2,100.0,71.5865478515625
2026-08-30T16:56:00-07:00,3,100.0,71.5865478515625
2026-08-30T16:57:00-07:00,0,0.0,16.05963134765625
2026-08-30T16:57:00-07:00,1,99.75,32.40924072265625
2026-08-30T16:57:00-07:00,2,100.0,71.5865478515625
2026-08-30T16:57:00-07:00,3,100.0,71.5865478515625
2026-08-30T16:58:00-07:00,0,0.0,16.05963134765625
2026-08-30T16:58:00-07:00,1,99.25,32.40924072265625
2026-08-30T16:58:00-07:00,2,100.0,71.5865478515625
2026-08-30T16:58:00-07:00,3,100.0,71.5865478515625
2026-08-30T16:59:00-07:00,0,0.0,16.05963134765625
2026-08-30T16:59:00-07:00,1,99.5,32.40924072265625
2026-08-30T16:59:00-07:00,2,100.0,71.5865478515625
2026-08-30T16:59:00-07:00,3,100.0,71.5865478515625
2026-08-30T17:00:00-07:00,0,0.0,16.05963134765625
2026-08-30T17:00:00-07:00,1,99.5,32.40924072265625
2026-08-30T17:00:00-07:00,2,99.75,71.5865478515625
2026-08-30T17:00:00-07:00,3,100.0,71.5865478515625
2026-08-30T17:01:00-07:00,0,75.0,51.56158447265625
2026-08-30T17:01:00-07:00,1,99.25,32.40924072265625
2026-08-30T17:01:00-07:00,2,100.0,71.5865478515625
2026-08-30T17:01:00-07:00,3,99.75,71.5865478515625
2026-08-30T17:02:00-07:00,0,100.0,67.06158447265625
2026-08-30T17:02:00-07:00,1,66.66666666666667,32.40924072265625
2026-08-30T17:02:00-07:00,2,100.0,71.5865478515625
2026-08-30T17:02:00-07:00,3,100.0,71.5865478515625
2026-08-30T17:03:00-07:00,0,100.0,67.06158447265625
2026-08-30T17:03:00-07:00,1,0.0,0.00341796875
2026-08-30T17:03:00-07:00,2,100.0,71.5865478515625
2026-08-30T17:03:00-07:00,3,100.0,71.5865478515625
2026-08-30T17:04:00-07:00,0,100.0,67.06158447265625
2026-08-30T17:04:00-07:00,1,0.0,0.00341796875
2026-08-30T17:04:00-07:00,2,100.0,71.5865478515625
2026-08-30T17:04:00-07:00,3,100.0,71.5865478515625
2026-08-30T17:05:00-07:00,0,100.0,67.06158447265625
2026-08-30T17:05:00-07:00,1,0.0,0.00341796875
2026-08-30T17:05:00-07:00,2,99.875,71.5865478515625
2026-08-30T17:05:00-07:00,3,100.0,71.5865478515625
2026-08-30T17:06:00-07:00,0,100.0,67.06158447265625
2026-08-30T17:06:00-07:00,1,0.0,0.00341796875
2026-08-30T17:06:00-07:00,2,100.0,71.5865478515625
2026-08-30T17:06:00-07:00,3,100.0,71.5865478515625
2026-08-30T17:07:00-07:00,0,100.0,67.06158447265625
2026-08-30T17:07:00-07:00,1,0.0,0.00341796875
2026-08-30T17:07:00-07:00,2,100.0,71.5865478515625
2026-08-30T17:07:00-07:00,3,99.875,71.5865478515625
2026-08-30T17:08:00-07:00,0,100.0,67.06158447265625
2026-08-30T17:08:00-07:00,1,0.0,0.00341796875
2026-08-30T17:08:00-07:00,2,100.0,71.5865478515625
2026-08-30T17:08:00-07:00,3,100.0,71.5865478515625
2026-08-30T17:09:00-07:00,0,25.0,16.765533447265625
2026-08-30T17:09:00-07:00,1,0.0,0.0009918212890625
2026-08-30T17:09:00-07:00,2,100.0,71.5865478515625
2026-08-30T17:09:00-07:00,3,100.0,71.5865478515625
2026-08-30T17:10:00-07:00,0,0.0,0.00018310546875
2026-08-30T17:10:00-07:00,1,0.0,0.00018310546875
2026-08-30T17:10:00-07:00,2,100.0,71.5865478515625
2026-08-30T17:10:00-07:00,3,100.0,71.5865478515625
2026-08-30T17:11:00-07:00,0,0.0,0.00018310546875
2026-08-30T17:11:00-07:00,1,0.0,0.00018310546875
2026-08-30T17:11:00-07:00,2,99.875,71.5865478515625
2026-08-30T17:11:00-07:00,3,100.0,71.5865478515625
2026-08-30T17:12:00-07:00,0,0.0,0.00018310546875
2026-08-30T17:12:00-07:00,1,0.0,0.00018310546875
2026-08-30T17:12:00-07:00,2,97.375,71.5865478515625
2026-08-30T17:12:00-07:00,3,99.75,71.5865478515625
2026-08-30T17:13:00-07:00,0,0.0,0.00018310546875
2026-08-30T17:13:00-07:00,1,0.0,0.00018310546875
2026-08-30T17:13:00-07:00,2,100.0,71.5865478515625
2026-08-30T17:13:00-07:00,3,100.0,71.5865478515625
2026-08-30T17:14:00-07:00,0,0.0,0.00018310546875
2026-08-30T17:14:00-07:00,1,0.0,0.00018310546875
2026-08-30T17:14:00-07:00,2,100.0,71.5865478515625
2026-08-30T17:14:00-07:00,3,100.0,71.5865478515625
2026-08-30T17:15:00-07:00,0,0.0,0.0647430419921875
2026-08-30T17:15:00-07:00,1,0.0,0.0647430419921875
2026-08-30T17:15:00-07:00,2,100.0,71.65070343017578
2026-08-30T17:15:00-07:00,3,100.0,71.65070343017578
2026-08-30T17:16:00-07:00,0,0.0,0.00018310546875
2026-08-30T17:16:00-07:00,1,0.0,0.00018310546875
2026-08-30T17:16:00-07:00,2,100.0,71.5865478515625
2026-08-30T17:16:00-07:00,3,100.0,71.5865478515625
2026-08-30T17:17:00-07:00,0,0.0,0.00018310546875
2026-08-30T17:17:00-07:00,1,0.0,0.00018310546875
2026-08-30T17:17:00-07:00,2,100.0,71.5865478515625
2026-08-30T17:17:00-07:00,3,100.0,71.5865478515625
2026-08-30T17:18:00-07:00,0,0.0,0.00018310546875
2026-08-30T17:18:00-07:00,1,0.0,0.00018310546875
2026-08-30T17:18:00-07:00,2,98.625,71.5865478515625
2026-08-30T17:18:00-07:00,3,90.125,71.5865478515625
2026-08-30T17:19:00-07:00,0,0.0,0.00018310546875
2026-08-30T17:19:00-07:00,1,0.0,0.00018310546875
2026-08-30T17:19:00-07:00,2,100.0,71.5865478515625
2026-08-30T17:19:00-07:00,3,100.0,71.5865478515625
2026-08-30T17:20:00-07:00,0,0.0,0.00018310546875
2026-08-30T17:20:00-07:00,1,0.0,0.00018310546875
2026-08-30T17:20:00-07:00,2,100.0,71.5865478515625
2026-08-30T17:20:00-07:00,3,100.0,71.5865478515625
2026-08-30T17:21:00-07:00,0,0.0,0.00018310546875
2026-08-30T17:21:00-07:00,1,0.0,0.00018310546875
2026-08-30T17:21:00-07:00,2,100.0,71.5865478515625
2026-08-30T17:21:00-07:00,3,100.0,71.5865478515625
2026-08-30T17:22:00-07:00,0,0.0,0.00018310546875
2026-08-30T17:22:00-07:00,1,0.0,0.00018310546875
2026-08-30T17:22:00-07:00,2,100.0,71.5865478515625
2026-08-30T17:22:00-07:00,3,100.0,71.5865478515625
2026-08-30T17:23:00-07:00,0,0.0,0.00018310546875
2026-08-30T17:23:00-07:00,1,0.0,0.00018310546875
2026-08-30T17:23:00-07:00,2,99.875,71.5865478515625
2026-08-30T17:23:00-07:00,3,98.25,71.5865478515625
2026-08-30T17:24:00-07:00,0,0.0,0.00018310546875
2026-08-30T17:24:00-07:00,1,0.0,0.00018310546875
2026-08-30T17:24:00-07:00,2,100.0,71.5865478515625
2026-08-30T17:24:00-07:00,3,100.0,71.5865478515625
2026-08-30T17:25:00-07:00,0,0.0,0.00018310546875
2026-08-30T17:25:00-07:00,1,0.0,0.00018310546875
2026-08-30T17:25:00-07:00,2,100.0,71.5865478515625
2026-08-30T17:25:00-07:00,3,100.0,71.5865478515625
2026-08-30T17:26:00-07:00,0,0.0,0.00018310546875
2026-08-30T17:26:00-07:00,1,0.0,0.00018310546875
2026-08-30T17:26:00-07:00,2,100.0,71.5865478515625
2026-08-30T17:26:00-07:00,3,100.0,71.5865478515625
2026-08-30T17:27:00-07:00,0,0.0,0.00018310546875
2026-08-30T17:27:00-07:00,1,0.0,0.00018310546875
2026-08-30T17:27:00-07:00,2,100.0,71.5865478515625
2026-08-30T17:27:00-07:00,3,100.0,71.5865478515625
2026-08-30T17:28:00-07:00,0,0.0,0.00018310546875
2026-08-30T17:28:00-07:00,1,0.0,0.00018310546875
2026-08-30T17:28:00-07:00,2,90.875,71.5865478515625
2026-08-30T17:28:00-07:00,3,100.0,71.5865478515625
2026-08-30T17:29:00-07:00,0,0.0,0.00018310546875
2026-08-30T17:29:00-07:00,1,0.0,0.00018310546875
2026-08-30T17:29:00-07:00,2,100.0,71.5865478515625
2026-08-30T17:29:00-07:00,3,87.5,71.5865478515625
2026-08-30T17:30:00-07:00,0,0.0,0.00018310546875
2026-08-30T17:30:00-07:00,1,0.0,0.00018310546875
2026-08-30T17:30:00-07:00,2,100.0,71.5865478515625
2026-08-30T17:30:00-07:00,3,100.0,71.5865478515625
2026-08-30T17:31:00-07:00,0,0.0,0.00018310546875
2026-08-30T17:31:00-07:00,1,0.0,0.00018310546875
2026-08-30T17:31:00-07:00,2,100.0,71.5865478515625
2026-08-30T17:31:00-07:00,3,100.0,71.5865478515625
2026-08-30T17:32:00-07:00,0,0.0,0.00018310546875
2026-08-30T17:32:00-07:00,1,0.0,0.00018310546875
2026-08-30T17:32:00-07:00,2,100.0,71.5865478515625
2026-08-30T17:32:00-07:00,3,100.0,71.5865478515625
2026-08-30T17:33:00-07:00,0,0.0,0.00018310546875
2026-08-30T17:33:00-07:00,1,0.0,0.00018310546875
2026-08-30T17:33:00-07:00,2,100.0,71.5865478515625
2026-08-30T17:33:00-07:00,3,100.0,71.5865478515625
2026-08-30T17:34:00-07:00,0,0.0,0.00018310546875
2026-08-30T17:34:00-07:00,1,0.0,0.00018310546875
2026-08-30T17:34:00-07:00,2,99.25,71.5865478515625
2026-08-30T17:34:00-07:00,3,100.0,71.5865478515625
2026-08-30T17:35:00-07:00,0,0.0,0.00018310546875
2026-08-30T17:35:00-07:00,1,0.0,0.00018310546875
2026-08-30T17:35:00-07:00,2,100.0,71.5865478515625
2026-08-30T17:35:00-07:00,3,100.0,71.5865478515625
2026-08-30T17:36:00-07:00,0,0.0,0.00018310546875
2026-08-30T17:36:00-07:00,1,0.0,0.00018310546875
2026-08-30T17:36:00-07:00,2,100.0,71.5865478515625
2026-08-30T17:36:00-07:00,3,100.0,71.5865478515625
2026-08-30T17:37:00-07:00,0,0.0,0.00018310546875
2026-08-30T17:37:00-07:00,1,0.0,0.00018310546875
2026-08-30T17:37:00-07:00,2,100.0,71.5865478515625
2026-08-30T17:37:00-07:00,3,100.0,71.5865478515625
2026-08-30T17:38:00-07:00,0,0.0,0.00018310546875
2026-08-30T17:38:00-07:00,1,0.0,0.00018310546875
2026-08-30T17:38:00-07:00,2,100.0,71.5865478515625
2026-08-30T17:38:00-07:00,3,100.0,71.5865478515625
2026-08-30T17:39:00-07:00,0,0.0,0.00018310546875
2026-08-30T17:39:00-07:00,1,0.0,0.00018310546875
2026-08-30T17:39:00-07:00,2,79.875,71.5865478515625
2026-08-30T17:39:00-07:00,3,100.0,71.5865478515625
2026-08-30T17:40:00-07:00,0,0.0,0.00018310546875
2026-08-30T17:40:00-07:00,1,0.0,0.00018310546875
2026-08-30T17:40:00-07:00,2,100.0,71.5865478515625
2026-08-30T17:40:00-07:00,3,100.0,71.5865478515625
2026-08-30T17:41:00-07:00,0,0.0,0.00018310546875
2026-08-30T17:41:00-07:00,1,0.0,0.00018310546875
2026-08-30T17:41:00-07:00,2,100.0,71.5865478515625
2026-08-30T17:41:00-07:00,3,100.0,71.5865478515625
2026-08-30T17:42:00-07:00,0,0.0,0.00018310546875
2026-08-30T17:42:00-07:00,1,0.0,0.00018310546875
2026-08-30T17:42:00-07:00,2,100.0,71.5865478515625
2026-08-30T17:42:00-07:00,3,100.0,71.5865478515625
2026-08-30T17:43:00-07:00,0,0.0,0.00018310546875
2026-08-30T17:43:00-07:00,1,0.0,0.00018310546875
2026-08-30T17:43:00-07:00,2,100.0,71.5865478515625
2026-08-30T17:43:00-07:00,3,100.0,71.5865478515625
2026-08-30T17:44:00-07:00,0,0.0,0.00018310546875
2026-08-30T17:44:00-07:00,1,0.0,0.00018310546875
2026-08-30T17:44:00-07:00,2,100.0,71.5865478515625
2026-08-30T17:44:00-07:00,3,100.0,71.5865478515625
2026-08-30T17:45:00-07:00,0,0.0,0.06433868408203125
2026-08-30T17:45:00-07:00,1,0.0,0.0647430419921875
2026-08-30T17:45:00-07:00,2,91.0,71.65070343017578
2026-08-30T17:45:00-07:00,3,99.875,71.65070343017578
2026-08-30T17:46:00-07:00,0,0.0,0.00018310546875
2026-08-30T17:46:00-07:00,1,0.0,0.00018310546875
2026-08-30T17:46:00-07:00,2,100.0,71.5865478515625
2026-08-30T17:46:00-07:00,3,100.0,71.5865478515625
2026-08-30T17:47:00-07:00,0,0.0,0.00018310546875
2026-08-30T17:47:00-07:00,1,26.25,6.781097412109375
2026-08-30T17:47:00-07:00,2,100.0,71.5865478515625
2026-08-30T17:47:00-07:00,3,100.0,71.5865478515625
2026-08-30T17:48:00-07:00,0,0.0,0.00018310546875
2026-08-30T17:48:00-07:00,1,49.0,9.30084228515625
2026-08-30T17:48:00-07:00,2,100.0,71.5865478515625
2026-08-30T17:48:00-07:00,3,100.0,71.5865478515625
2026-08-30T17:49:00-07:00,0,0.0,0.00018310546875
2026-08-30T17:49:00-07:00,1,51.5,9.30181884765625
2026-08-30T17:49:00-07:00,2,100.0,71.5865478515625
2026-08-30T17:49:00-07:00,3,100.0,71.5865478515625
2026-08-30T17:50:00-07:00,0,0.0,0.00018310546875
2026-08-30T17:50:00-07:00,1,51.125,9.30181884765625
2026-08-30T17:50:00-07:00,2,100.0,71.5865478515625
2026-08-30T17:50:00-07:00,3,100.0,71.5865478515625
2026-08-30T17:51:00-07:00,0,0.0,0.00018310546875
2026-08-30T17:51:00-07:00,1,50.5,9.30181884765625
2026-08-30T17:51:00-07:00,2,100.0,71.5865478515625
2026-08-30T17:51:00-07:00,3,100.0,71.5865478515625
2026-08-30T17:52:00-07:00,0,0.0,0.00018310546875
2026-08-30T17:52:00-07:00,1,46.625,9.30181884765625
2026-08-30T17:52:00-07:00,2,100.0,71.5865478515625
2026-08-30T17:52:00-07:00,3,97.125,71.5865478515625
2026-08-30T17:53:00-07:00,0,0.0,0.00018310546875
2026-08-30T17:53:00-07:00,1,51.25,9.30181884765625
2026-08-30T17:53:00-07:00,2,100.0,71.5865478515625
2026-08-30T17:53:00-07:00,3,100.0,71.5865478515625
2026-08-30T17:54:00-07:00,0,0.0,0.00018310546875
2026-08-30T17:54:00-07:00,1,51.375,9.30181884765625
2026-08-30T17:54:00-07:00,2,100.0,71.5865478515625
2026-08-30T17:54:00-07:00,3,100.0,71.5865478515625
2026-08-30T17:55:00-07:00,0,0.0,0.00018310546875
2026-08-30T17:55:00-07:00,1,50.125,9.30181884765625
2026-08-30T17:55:00-07:00,2,100.0,71.5865478515625
2026-08-30T17:55:00-07:00,3,100.0,71.5865478515625
2026-08-30T17:56:00-07:00,0,0.0,0.00018310546875
2026-08-30T17:56:00-07:00,1,12.75,2.325592041015625
2026-08-30T17:56:00-07:00,2,100.0,71.5865478515625
2026-08-30T17:56:00-07:00,3,100.0,71.5865478515625
2026-08-30T17:57:00-07:00,0,0.0,0.00018310546875
2026-08-30T17:57:00-07:00,1,0.0,0.00018310546875
2026-08-30T17:57:00-07:00,2,100.0,71.5865478515625
2026-08-30T17:57:00-07:00,3,100.0,71.5865478515625
2026-08-30T17:58:00-07:00,0,0.0,0.00018310546875
2026-08-30T17:58:00-07:00,1,0.0,0.00018310546875
2026-08-30T17:58:00-07:00,2,100.0,71.5865478515625
2026-08-30T17:58:00-07:00,3,100.0,71.5865478515625
2026-08-30T17:59:00-07:00,0,0.0,0.00018310546875
2026-08-30T17:59:00-07:00,1,0.0,0.00018310546875
2026-08-30T17:59:00-07:00,2,100.0,71.5865478515625
2026-08-30T17:59:00-07:00,3,100.0,71.5865478515625
2026-08-30T18:00:00-07:00,0,0.0,0.00018310546875
2026-08-30T18:00:00-07:00,1,0.0,0.00018310546875
2026-08-30T18:00:00-07:00,2,100.0,71.5865478515625
2026-08-30T18:00:00-07:00,3,100.0,71.5865478515625
2026-08-30T18:01:00-07:00,0,0.0,0.00018310546875
2026-08-30T18:01:00-07:00,1,0.0,0.00018310546875
2026-08-30T18:01:00-07:00,2,99.75,71.5865478515625
2026-08-30T18:01:00-07:00,3,100.0,71.5865478515625
2026-08-30T18:02:00-07:00,0,0.0,0.00018310546875
2026-08-30T18:02:00-07:00,1,0.0,0.00018310546875
2026-08-30T18:02:00-07:00,2,99.875,71.5865478515625
2026-08-30T18:02:00-07:00,3,100.0,71.5865478515625
2026-08-30T18:03:00-07:00,0,0.0,0.00018310546875
2026-08-30T18:03:00-07:00,1,0.0,0.00018310546875
2026-08-30T18:03:00-07:00,2,87.625,51.332908630371094
2026-08-30T18:03:00-07:00,3,87.5,63.48509216308594
2026-08-30T18:04:00-07:00,0,0.0,0.00018310546875
2026-08-30T18:04:00-07:00,1,0.0,0.00018310546875
2026-08-30T18:04:00-07:00,2,99.75,39.18072509765625
2026-08-30T18:04:00-07:00,3,100.0,39.18072509765625
2026-08-30T18:05:00-07:00,0,0.0,0.00018310546875
2026-08-30T18:05:00-07:00,1,0.0,0.00018310546875
2026-08-30T18:05:00-07:00,2,99.5,39.18072509765625
2026-08-30T18:05:00-07:00,3,99.375,39.18072509765625
2026-08-30T18:06:00-07:00,0,0.0,0.00018310546875
2026-08-30T18:06:00-07:00,1,0.0,0.00018310546875
2026-08-30T18:06:00-07:00,2,99.875,39.18072509765625
2026-08-30T18:06:00-07:00,3,74.75,39.18072509765625
2026-08-30T18:07:00-07:00,0,0.0,0.00018310546875
2026-08-30T18:07:00-07:00,1,0.0,0.00018310546875
2026-08-30T18:07:00-07:00,2,100.0,39.18072509765625
2026-08-30T18:07:00-07:00,3,99.75,39.18072509765625
2026-08-30T18:08:00-07:00,0,0.0,0.00018310546875
2026-08-30T18:08:00-07:00,1,0.0,0.00018310546875
2026-08-30T18:08:00-07:00,2,74.75,39.18072509765625
2026-08-30T18:08:00-07:00,3,99.0,39.18072509765625
2026-08-30T18:09:00-07:00,0,0.0,0.00018310546875
2026-08-30T18:09:00-07:00,1,0.0,0.00018310546875
2026-08-30T18:09:00-07:00,2,97.25,39.18072509765625
2026-08-30T18:09:00-07:00,3,74.875,39.18072509765625
2026-08-30T18:10:00-07:00,0,0.0,0.00018310546875
2026-08-30T18:10:00-07:00,1,0.0,0.00018310546875
2026-08-30T18:10:00-07:00,2,99.25,39.18072509765625
2026-08-30T18:10:00-07:00,3,76.0,39.18072509765625
2026-08-30T18:11:00-07:00,0,0.0,0.00018310546875
2026-08-30T18:11:00-07:00,1,0.0,0.00018310546875
2026-08-30T18:11:00-07:00,2,75.0,39.18072509765625
2026-08-30T18:11:00-07:00,3,99.75,39.18072509765625
2026-08-30T18:12:00-07:00,0,0.0,0.00018310546875
2026-08-30T18:12:00-07:00,1,0.0,0.00018310546875
2026-08-30T18:12:00-07:00,2,99.5,39.18072509765625
2026-08-30T18:12:00-07:00,3,75.0,39.18072509765625
2026-08-30T18:13:00-07:00,0,0.0,0.00018310546875
2026-08-30T18:13:00-07:00,1,0.0,0.00018310546875
2026-08-30T18:13:00-07:00,2,99.75,39.18072509765625
2026-08-30T18:13:00-07:00,3,99.5,39.18072509765625
2026-08-30T18:14:00-07:00,0,0.0,0.00018310546875
2026-08-30T18:14:00-07:00,1,0.0,0.00018310546875
2026-08-30T18:14:00-07:00,2,74.875,39.18072509765625
2026-08-30T18:14:00-07:00,3,74.75,39.18072509765625
2026-08-30T18:15:00-07:00,0,0.0,0.00018310546875
2026-08-30T18:15:00-07:00,1,0.0,0.00018310546875
2026-08-30T18:15:00-07:00,2,99.0,39.18072509765625
2026-08-30T18:15:00-07:00,3,99.0,39.18072509765625
2026-08-30T18:16:00-07:00,0,0.0,0.00018310546875
2026-08-30T18:16:00-07:00,1,0.0,0.00018310546875
2026-08-30T18:16:00-07:00,2,74.25,39.18072509765625
2026-08-30T18:16:00-07:00,3,99.75,39.18072509765625
2026-08-30T18:17:00-07:00,0,0.0,0.00018310546875
2026-08-30T18:17:00-07:00,1,0.0,0.00018310546875
2026-08-30T18:17:00-07:00,2,99.375,39.18072509765625
2026-08-30T18:17:00-07:00,3,74.5,39.18072509765625
2026-08-30T18:18:00-07:00,0,0.0,0.00018310546875
2026-08-30T18:18:00-07:00,1,0.0,0.00018310546875
2026-08-30T18:18:00-07:00,2,99.75,39.18072509765625
2026-08-30T18:18:00-07:00,3,100.0,39.18072509765625
2026-08-30T18:19:00-07:00,0,0.0,0.00018310546875
2026-08-30T18:19:00-07:00,1,0.25,4.3590087890625
2026-08-30T18:19:00-07:00,2,75.0,39.18072509765625
2026-08-30T18:19:00-07:00,3,98.25,39.18072509765625
2026-08-30T18:20:00-07:00,0,0.0,0.00018310546875
2026-08-30T18:20:00-07:00,1,0.0,8.91119384765625
2026-08-30T18:20:00-07:00,2,99.125,39.18072509765625
2026-08-30T18:20:00-07:00,3,74.5,39.18072509765625
2026-08-30T18:21:00-07:00,0,0.0,0.00018310546875
2026-08-30T18:21:00-07:00,1,0.0,8.91119384765625
2026-08-30T18:21:00-07:00,2,99.5,39.18072509765625
2026-08-30T18:21:00-07:00,3,99.75,39.18072509765625
2026-08-30T18:22:00-07:00,0,0.0,0.00018310546875
2026-08-30T18:22:00-07:00,1,1.625,8.91119384765625
2026-08-30T18:22:00-07:00,2,74.5,39.18072509765625
2026-08-30T18:22:00-07:00,3,99.5,39.18072509765625
2026-08-30T18:23:00-07:00,0,0.0,0.00018310546875
2026-08-30T18:23:00-07:00,1,1.875,8.91510009765625
2026-08-30T18:23:00-07:00,2,99.625,39.18072509765625
2026-08-30T18:23:00-07:00,3,75.0,39.18072509765625
2026-08-30T18:24:00-07:00,0,0.0,0.00018310546875
2026-08-30T18:24:00-07:00,1,5.125,8.91510009765625
2026-08-30T18:24:00-07:00,2,99.75,39.18072509765625
2026-08-30T18:24:00-07:00,3,86.375,39.18072509765625
2026-08-30T18:25:00-07:00,0,0.0,0.00018310546875
2026-08-30T18:25:00-07:00,1,5.25,8.91705322265625
2026-08-30T18:25:00-07:00,2,74.75,39.18072509765625
2026-08-30T18:25:00-07:00,3,99.75,39.18072509765625
2026-08-30T18:26:00-07:00,0,0.0,0.00018310546875
2026-08-30T18:26:00-07:00,1,4.375,8.91900634765625
2026-08-30T18:26:00-07:00,2,99.875,39.18072509765625
2026-08-30T18:26:00-07:00,3,99.625,39.18072509765625
2026-08-30T18:27:00-07:00,0,0.0,0.00018310546875
2026-08-30T18:27:00-07:00,1,0.5,8.91900634765625
2026-08-30T18:27:00-07:00,2,100.0,39.18072509765625
2026-08-30T18:27:00-07:00,3,99.375,39.18072509765625
2026-08-30T18:28:00-07:00,0,0.0,0.00018310546875
2026-08-30T18:28:00-07:00,1,4.625,8.91900634765625
2026-08-30T18:28:00-07:00,2,99.75,39.18072509765625
2026-08-30T18:28:00-07:00,3,99.75,39.18072509765625
2026-08-30T18:29:00-07:00,0,0.0,0.00018310546875
2026-08-30T18:29:00-07:00,1,2.375,8.91900634765625
2026-08-30T18:29:00-07:00,2,99.375,39.18072509765625
2026-08-30T18:29:00-07:00,3,74.25,39.18072509765625
2026-08-30T18:30:00-07:00,0,0.0,0.00018310546875
2026-08-30T18:30:00-07:00,1,3.875,8.91900634765625
2026-08-30T18:30:00-07:00,2,99.25,39.18072509765625
2026-08-30T18:30:00-07:00,3,99.5,39.18072509765625
2026-08-30T18:31:00-07:00,0,0.0,0.00018310546875
2026-08-30T18:31:00-07:00,1,1.25,8.91900634765625
2026-08-30T18:31:00-07:00,2,74.625,39.18072509765625
2026-08-30T18:31:00-07:00,3,74.5,39.18072509765625
2026-08-30T18:32:00-07:00,0,0.0,0.00018310546875
2026-08-30T18:32:00-07:00,1,1.0,8.91900634765625
2026-08-30T18:32:00-07:00,2,99.75,39.18072509765625
2026-08-30T18:32:00-07:00,3,99.75,39.18072509765625
2026-08-30T18:33:00-07:00,0,0.0,0.00018310546875
2026-08-30T18:33:00-07:00,1,3.5,8.91900634765625
2026-08-30T18:33:00-07:00,2,74.75,39.18072509765625
2026-08-30T18:33:00-07:00,3,99.5,39.18072509765625
2026-08-30T18:34:00-07:00,0,0.0,0.00018310546875
2026-08-30T18:34:00-07:00,1,3.25,8.91900634765625
2026-08-30T18:34:00-07:00,2,98.5,39.18072509765625
2026-08-30T18:34:00-07:00,3,74.75,39.18072509765625
2026-08-30T18:35:00-07:00,0,0.0,0.00018310546875
2026-08-30T18:35:00-07:00,1,4.375,8.91900634765625
2026-08-30T18:35:00-07:00,2,99.5,39.18072509765625
2026-08-30T18:35:00-07:00,3,99.625,39.18072509765625
2026-08-30T18:36:00-07:00,0,0.0,0.00018310546875
2026-08-30T18:36:00-07:00,1,4.875,8.91900634765625
2026-08-30T18:36:00-07:00,2,75.5,39.18072509765625
2026-08-30T18:36:00-07:00,3,99.75,39.18072509765625
2026-08-30T18:37:00-07:00,0,0.0,0.00018310546875
2026-08-30T18:37:00-07:00,1,0.0,8.91900634765625
2026-08-30T18:37:00-07:00,2,99.625,39.18072509765625
2026-08-30T18:37:00-07:00,3,74.75,39.18072509765625
2026-08-30T18:38:00-07:00,0,0.0,0.00018310546875
2026-08-30T18:38:00-07:00,1,2.125,8.91900634765625
2026-08-30T18:38:00-07:00,2,99.5,39.18072509765625
2026-08-30T18:38:00-07:00,3,99.75,39.18072509765625
2026-08-30T18:39:00-07:00,0,0.0,0.00018310546875
2026-08-30T18:39:00-07:00,1,6.625,8.91900634765625
2026-08-30T18:39:00-07:00,2,74.5,39.18072509765625
2026-08-30T18:39:00-07:00,3,99.75,39.18072509765625
2026-08-30T18:40:00-07:00,0,0.0,0.00018310546875
2026-08-30T18:40:00-07:00,1,8.125,8.91900634765625
2026-08-30T18:40:00-07:00,2,99.75,39.18072509765625
2026-08-30T18:40:00-07:00,3,100.0,39.18072509765625
2026-08-30T18:41:00-07:00,0,0.0,0.00018310546875
2026-08-30T18:41:00-07:00,1,3.5,8.91900634765625
2026-08-30T18:41:00-07:00,2,99.25,39.18072509765625
2026-08-30T18:41:00-07:00,3,99.5,39.18072509765625
2026-08-30T18:42:00-07:00,0,0.0,0.00018310546875
2026-08-30T18:42:00-07:00,1,3.75,8.91900634765625
2026-08-30T18:42:00-07:00,2,74.875,39.18072509765625
2026-08-30T18:42:00-07:00,3,99.625,39.18072509765625
2026-08-30T18:43:00-07:00,0,0.0,0.00018310546875
2026-08-30T18:43:00-07:00,1,5.0,8.94439697265625
2026-08-30T18:43:00-07:00,2,99.5,39.18072509765625
2026-08-30T18:43:00-07:00,3,74.875,39.18072509765625
2026-08-30T18:44:00-07:00,0,0.0,0.00018310546875
2026-08-30T18:44:00-07:00,1,4.125,9.02056884765625
2026-08-30T18:44:00-07:00,2,99.5,39.18072509765625
2026-08-30T18:44:00-07:00,3,99.75,39.18072509765625
2026-08-30T18:45:00-07:00,0,0.0,0.00018310546875
2026-08-30T18:45:00-07:00,1,5.125,9.02056884765625
2026-08-30T18:45:00-07:00,2,75.0,39.18072509765625
2026-08-30T18:45:00-07:00,3,99.5,39.18072509765625
2026-08-30T18:46:00-07:00,0,0.0,0.00018310546875
2026-08-30T18:46:00-07:00,1,0.5,9.02056884765625
2026-08-30T18:46:00-07:00,2,99.125,39.18072509765625
2026-08-30T18:46:00-07:00,3,74.75,39.18072509765625
2026-08-30T18:47:00-07:00,0,0.0,0.00018310546875
2026-08-30T18:47:00-07:00,1,1.625,9.02056884765625
2026-08-30T18:47:00-07:00,2,100.0,39.18072509765625
2026-08-30T18:47:00-07:00,3,99.5,39.18072509765625
2026-08-30T18:48:00-07:00,0,0.0,0.00018310546875
2026-08-30T18:48:00-07:00,1,1.625,6.765472412109375
2026-08-30T18:48:00-07:00,2,50.0,39.18072509765625
2026-08-30T18:48:00-07:00,3,99.25,39.18072509765625
2026-08-30T18:49:00-07:00,0,0.0,0.00018310546875
2026-08-30T18:49:00-07:00,1,0.6666666666666666,2.84161376953125
2026-08-30T18:49:00-07:00,2,0.0,38.896240234375
2026-08-30T18:49:00-07:00,3,66.66666666666667,39.18072509765625
2026-08-30T18:50:00-07:00,0,0.0,0.00018310546875
2026-08-30T18:50:00-07:00,1,53.5,9.30084228515625
2026-08-30T18:50:00-07:00,2,0.0,9.96392822265625
2026-08-30T18:50:00-07:00,3,0.0,9.96392822265625
2026-08-30T18:51:00-07:00,0,0.0,0.00018310546875
2026-08-30T18:51:00-07:00,1,52.25,9.30181884765625
2026-08-30T18:51:00-07:00,2,74.75,11.49029541015625
2026-08-30T18:51:00-07:00,3,49.75,10.98150634765625
2026-08-30T18:52:00-07:00,0,0.0,0.00018310546875
2026-08-30T18:52:00-07:00,1,54.125,9.30181884765625
2026-08-30T18:52:00-07:00,2,100.0,11.99908447265625
2026-08-30T18:52:00-07:00,3,99.75,11.99908447265625
2026-08-30T18:53:00-07:00,0,0.0,0.00018310546875
2026-08-30T18:53:00-07:00,1,54.375,9.30181884765625
2026-08-30T18:53:00-07:00,2,74.5,31.55426025390625
2026-08-30T18:53:00-07:00,3,74.75,25.03765869140625
2026-08-30T18:54:00-07:00,0,0.0,0.00018310546875
2026-08-30T18:54:00-07:00,1,52.875,9.30181884765625
2026-08-30T18:54:00-07:00,2,99.625,38.06939697265625
2026-08-30T18:54:00-07:00,3,75.0,38.06695556640625
2026-08-30T18:55:00-07:00,0,0.0,0.00018310546875
2026-08-30T18:55:00-07:00,1,53.375,9.30181884765625
2026-08-30T18:55:00-07:00,2,99.25,38.07330322265625
2026-08-30T18:55:00-07:00,3,99.625,38.07330322265625
2026-08-30T18:56:00-07:00,0,0.0,0.00018310546875
2026-08-30T18:56:00-07:00,1,55.125,9.30181884765625
2026-08-30T18:56:00-07:00,2,75.0,38.07330322265625
2026-08-30T18:56:00-07:00,3,99.5,38.07330322265625
2026-08-30T18:57:00-07:00,0,0.0,0.00018310546875
2026-08-30T18:57:00-07:00,1,54.5,9.30181884765625
2026-08-30T18:57:00-07:00,2,100.0,38.07330322265625
2026-08-30T18:57:00-07:00,3,99.5,38.07330322265625
2026-08-30T18:58:00-07:00,0,0.0,0.00018310546875
2026-08-30T18:58:00-07:00,1,3.0,0.00018310546875
2026-08-30T18:58:00-07:00,2,99.75,38.07330322265625
2026-08-30T18:58:00-07:00,3,99.5,38.07330322265625
2026-08-30T18:59:00-07:00,0,0.0,0.00018310546875
2026-08-30T18:59:00-07:00,1,0.0,0.00018310546875
2026-08-30T18:59:00-07:00,2,75.0,38.07330322265625
2026-08-30T18:59:00-07:00,3,99.75,38.07330322265625
2026-08-30T19:00:00-07:00,0,0.25,0.00018310546875
2026-08-30T19:00:00-07:00,1,0.0,0.00018310546875
2026-08-30T19:00:00-07:00,2,99.75,38.07330322265625
2026-08-30T19:00:00-07:00,3,99.75,38.07330322265625
2026-08-30T19:01:00-07:00,0,0.0,0.00018310546875
2026-08-30T19:01:00-07:00,1,0.0,0.00018310546875
2026-08-30T19:01:00-07:00,2,99.5,38.07330322265625
2026-08-30T19:01:00-07:00,3,99.75,38.07330322265625
2026-08-30T19:02:00-07:00,0,0.0,0.00018310546875
2026-08-30T19:02:00-07:00,1,0.0,0.00018310546875
2026-08-30T19:02:00-07:00,2,74.0,38.07330322265625
2026-08-30T19:02:00-07:00,3,99.75,38.07330322265625
2026-08-30T19:03:00-07:00,0,0.0,0.00018310546875
2026-08-30T19:03:00-07:00,1,0.0,0.00018310546875
2026-08-30T19:03:00-07:00,2,99.625,38.07330322265625
2026-08-30T19:03:00-07:00,3,100.0,38.07330322265625
2026-08-30T19:04:00-07:00,0,0.0,0.00018310546875
2026-08-30T19:04:00-07:00,1,0.0,0.00018310546875
2026-08-30T19:04:00-07:00,2,99.25,38.07330322265625
2026-08-30T19:04:00-07:00,3,99.875,38.07330322265625
2026-08-30T19:05:00-07:00,0,0.0,0.00018310546875
2026-08-30T19:05:00-07:00,1,0.0,0.00018310546875
2026-08-30T19:05:00-07:00,2,99.5,38.07330322265625
2026-08-30T19:05:00-07:00,3,99.5,38.07330322265625
2026-08-30T19:06:00-07:00,0,0.0,0.00018310546875
2026-08-30T19:06:00-07:00,1,0.0,0.00018310546875
2026-08-30T19:06:00-07:00,2,75.0,38.07330322265625
2026-08-30T19:06:00-07:00,3,99.75,38.07330322265625
2026-08-30T19:07:00-07:00,0,0.0,0.00018310546875
2026-08-30T19:07:00-07:00,1,0.0,0.00018310546875
2026-08-30T19:07:00-07:00,2,99.5,38.07330322265625
2026-08-30T19:07:00-07:00,3,100.0,38.07330322265625
2026-08-30T19:08:00-07:00,0,0.0,0.00018310546875
2026-08-30T19:08:00-07:00,1,0.0,0.00018310546875
2026-08-30T19:08:00-07:00,2,100.0,38.07330322265625
2026-08-30T19:08:00-07:00,3,99.75,38.07330322265625
2026-08-30T19:09:00-07:00,0,0.0,0.00018310546875
2026-08-30T19:09:00-07:00,1,0.0,0.00018310546875
2026-08-30T19:09:00-07:00,2,74.5,38.07330322265625
2026-08-30T19:09:00-07:00,3,74.75,38.07330322265625
2026-08-30T19:10:00-07:00,0,0.0,0.00018310546875
2026-08-30T19:10:00-07:00,1,0.0,0.00018310546875
2026-08-30T19:10:00-07:00,2,99.625,38.07330322265625
2026-08-30T19:10:00-07:00,3,99.625,38.07330322265625
2026-08-30T19:11:00-07:00,0,24.75,4.599029541015625
2026-08-30T19:11:00-07:00,1,0.0,0.00018310546875
2026-08-30T19:11:00-07:00,2,100.0,38.07330322265625
2026-08-30T19:11:00-07:00,3,100.0,38.07330322265625
2026-08-30T19:12:00-07:00,0,25.0,4.599029541015625
2026-08-30T19:12:00-07:00,1,0.0,0.00018310546875
2026-08-30T19:12:00-07:00,2,75.0,38.07330322265625
2026-08-30T19:12:00-07:00,3,99.25,38.07330322265625
2026-08-30T19:13:00-07:00,0,0.0,0.00018310546875
2026-08-30T19:13:00-07:00,1,0.0,0.00018310546875
2026-08-30T19:13:00-07:00,2,98.5,38.07330322265625
2026-08-30T19:13:00-07:00,3,99.625,38.07330322265625
2026-08-30T19:14:00-07:00,0,0.0,0.00018310546875
2026-08-30T19:14:00-07:00,1,0.0,0.00018310546875
2026-08-30T19:14:00-07:00,2,99.5,38.07330322265625
2026-08-30T19:14:00-07:00,3,100.0,38.07330322265625
2026-08-30T19:15:00-07:00,0,0.0,0.00018310546875
2026-08-30T19:15:00-07:00,1,0.0,0.00018310546875
2026-08-30T19:15:00-07:00,2,74.25,38.07330322265625
2026-08-30T19:15:00-07:00,3,99.5,38.07330322265625
2026-08-30T19:16:00-07:00,0,0.0,0.00018310546875
2026-08-30T19:16:00-07:00,1,0.0,0.00018310546875
2026-08-30T19:16:00-07:00,2,99.875,38.07330322265625
2026-08-30T19:16:00-07:00,3,74.75,38.07330322265625
2026-08-30T19:17:00-07:00,0,0.0,0.00018310546875
2026-08-30T19:17:00-07:00,1,0.0,0.00018310546875
2026-08-30T19:17:00-07:00,2,99.25,38.07330322265625
2026-08-30T19:17:00-07:00,3,99.75,38.07330322265625
2026-08-30T19:18:00-07:00,0,0.0,0.00018310546875
2026-08-30T19:18:00-07:00,1,0.0,0.00018310546875
2026-08-30T19:18:00-07:00,2,99.75,38.07330322265625
2026-08-30T19:18:00-07:00,3,99.625,38.07330322265625
2026-08-30T19:19:00-07:00,0,0.0,0.00018310546875
2026-08-30T19:19:00-07:00,1,0.0,0.00018310546875
2026-08-30T19:19:00-07:00,2,75.0,38.07330322265625
2026-08-30T19:19:00-07:00,3,74.5,38.07330322265625
2026-08-30T19:20:00-07:00,0,0.0,0.00018310546875
2026-08-30T19:20:00-07:00,1,0.0,0.00018310546875
2026-08-30T19:20:00-07:00,2,100.0,38.07330322265625
2026-08-30T19:20:00-07:00,3,100.0,38.07330322265625
2026-08-30T19:21:00-07:00,0,0.0,0.00018310546875
2026-08-30T19:21:00-07:00,1,0.0,0.00018310546875
2026-08-30T19:21:00-07:00,2,99.5,38.07330322265625
2026-08-30T19:21:00-07:00,3,99.25,38.07330322265625
2026-08-30T19:22:00-07:00,0,0.0,0.00018310546875
2026-08-30T19:22:00-07:00,1,0.0,0.00018310546875
2026-08-30T19:22:00-07:00,2,74.875,38.07330322265625
2026-08-30T19:22:00-07:00,3,74.75,38.07330322265625
2026-08-30T19:23:00-07:00,0,0.0,0.00018310546875
2026-08-30T19:23:00-07:00,1,0.0,0.00018310546875
2026-08-30T19:23:00-07:00,2,99.75,38.07330322265625
2026-08-30T19:23:00-07:00,3,100.0,38.07330322265625
2026-08-30T19:24:00-07:00,0,0.0,0.00018310546875
2026-08-30T19:24:00-07:00,1,0.0,0.00018310546875
2026-08-30T19:24:00-07:00,2,99.75,38.07330322265625
2026-08-30T19:24:00-07:00,3,100.0,38.07330322265625
2026-08-30T19:25:00-07:00,0,0.0,0.00018310546875
2026-08-30T19:25:00-07:00,1,0.0,0.00018310546875
2026-08-30T19:25:00-07:00,2,74.75,38.07330322265625
2026-08-30T19:25:00-07:00,3,99.75,38.07330322265625
2026-08-30T19:26:00-07:00,0,0.0,0.00018310546875
2026-08-30T19:26:00-07:00,1,0.0,0.00018310546875
2026-08-30T19:26:00-07:00,2,99.5,38.07330322265625
2026-08-30T19:26:00-07:00,3,75.0,38.07330322265625
2026-08-30T19:27:00-07:00,0,0.0,0.00018310546875
2026-08-30T19:27:00-07:00,1,0.0,0.00018310546875
2026-08-30T19:27:00-07:00,2,99.5,38.07330322265625
2026-08-30T19:27:00-07:00,3,99.375,38.07330322265625
2026-08-30T19:28:00-07:00,0,0.0,0.00018310546875
2026-08-30T19:28:00-07:00,1,0.0,0.00018310546875
2026-08-30T19:28:00-07:00,2,74.75,38.07330322265625
2026-08-30T19:28:00-07:00,3,99.75,41.960784912109375
2026-08-30T19:29:00-07:00,0,0.0,0.00018310546875
2026-08-30T19:29:00-07:00,1,0.0,0.00018310546875
2026-08-30T19:29:00-07:00,2,100.0,38.07330322265625
2026-08-30T19:29:00-07:00,3,82.75,44.541839599609375
2026-08-30T19:30:00-07:00,0,0.0,0.00018310546875
2026-08-30T19:30:00-07:00,1,0.25,0.00018310546875
2026-08-30T19:30:00-07:00,2,100.0,38.07330322265625
2026-08-30T19:30:00-07:00,3,100.0,44.466644287109375
2026-08-30T19:31:00-07:00,0,0.0,0.00018310546875
2026-08-30T19:31:00-07:00,1,0.0,0.00018310546875
2026-08-30T19:31:00-07:00,2,99.375,38.07330322265625
2026-08-30T19:31:00-07:00,3,100.0,40.20356750488281
2026-08-30T19:32:00-07:00,0,0.0,0.00018310546875
2026-08-30T19:32:00-07:00,1,0.0,0.00018310546875
2026-08-30T19:32:00-07:00,2,85.75,38.07330322265625
2026-08-30T19:32:00-07:00,3,99.5,44.754730224609375
2026-08-30T19:33:00-07:00,0,0.0,0.00018310546875
2026-08-30T19:33:00-07:00,1,0.0,0.00018310546875
2026-08-30T19:33:00-07:00,2,99.25,38.07330322265625
2026-08-30T19:33:00-07:00,3,100.0,48.03147888183594
2026-08-30T19:34:00-07:00,0,0.0,0.00018310546875
2026-08-30T19:34:00-07:00,1,0.0,0.00018310546875
2026-08-30T19:34:00-07:00,2,99.25,38.07330322265625
2026-08-30T19:34:00-07:00,3,99.75,44.626800537109375
2026-08-30T19:35:00-07:00,0,0.0,0.00018310546875
2026-08-30T19:35:00-07:00,1,0.0,0.00018310546875
2026-08-30T19:35:00-07:00,2,91.0,38.07330322265625
2026-08-30T19:35:00-07:00,3,99.0,38.07330322265625
2026-08-30T19:36:00-07:00,0,0.0,0.00018310546875
2026-08-30T19:36:00-07:00,1,0.0,0.00018310546875
2026-08-30T19:36:00-07:00,2,99.75,38.07330322265625
2026-08-30T19:36:00-07:00,3,73.75,38.07330322265625
2026-08-30T19:37:00-07:00,0,0.0,0.00018310546875
2026-08-30T19:37:00-07:00,1,0.0,0.00018310546875
2026-08-30T19:37:00-07:00,2,99.75,38.07330322265625
2026-08-30T19:37:00-07:00,3,99.75,38.07330322265625
2026-08-30T19:38:00-07:00,0,0.0,0.00018310546875
2026-08-30T19:38:00-07:00,1,0.0,0.00018310546875
2026-08-30T19:38:00-07:00,2,96.875,38.07330322265625
2026-08-30T19:38:00-07:00,3,99.25,38.07330322265625
2026-08-30T19:39:00-07:00,0,0.0,0.00018310546875
2026-08-30T19:39:00-07:00,1,0.0,0.00018310546875
2026-08-30T19:39:00-07:00,2,100.0,38.07330322265625
2026-08-30T19:39:00-07:00,3,99.625,38.07330322265625
2026-08-30T19:40:00-07:00,0,0.0,0.00018310546875
2026-08-30T19:40:00-07:00,1,0.0,0.00018310546875
2026-08-30T19:40:00-07:00,2,100.0,38.07330322265625
2026-08-30T19:40:00-07:00,3,74.625,38.07330322265625
2026-08-30T19:41:00-07:00,0,0.0,0.00018310546875
2026-08-30T19:41:00-07:00,1,0.0,0.00018310546875
2026-08-30T19:41:00-07:00,2,99.25,38.07330322265625
2026-08-30T19:41:00-07:00,3,100.0,38.07330322265625
2026-08-30T19:42:00-07:00,0,0.0,0.00018310546875
2026-08-30T19:42:00-07:00,1,0.0,0.00018310546875
2026-08-30T19:42:00-07:00,2,99.75,38.07330322265625
2026-08-30T19:42:00-07:00,3,99.5,38.07330322265625
2026-08-30T19:43:00-07:00,0,0.0,0.00018310546875
2026-08-30T19:43:00-07:00,1,0.0,0.00018310546875
2026-08-30T19:43:00-07:00,2,5.0,38.07330322265625
2026-08-30T19:43:00-07:00,3,99.0,38.07330322265625
2026-08-30T22:24:00-07:00,0,0.0,0.00018310546875
2026-08-30T22:24:00-07:00,1,0.0,0.00018310546875
2026-08-30T22:24:00-07:00,2,0.25,8.57379150390625
2026-08-30T22:24:00-07:00,3,0.5,8.57379150390625
2026-08-30T22:25:00-07:00,0,0.0,0.00018310546875
2026-08-30T22:25:00-07:00,1,0.0,0.00018310546875
2026-08-30T22:25:00-07:00,2,74.75,11.49029541015625
2026-08-30T22:25:00-07:00,3,74.25,11.49029541015625
2026-08-30T22:26:00-07:00,0,0.0,0.00018310546875
2026-08-30T22:26:00-07:00,1,0.0,0.00018310546875
2026-08-30T22:26:00-07:00,2,99.75,11.99908447265625
2026-08-30T22:26:00-07:00,3,99.5,11.99908447265625
2026-08-30T22:27:00-07:00,0,0.0,0.00018310546875
2026-08-30T22:27:00-07:00,1,0.0,0.00018310546875
2026-08-30T22:27:00-07:00,2,51.0,25.04156494140625
2026-08-30T22:27:00-07:00,3,51.125,25.04058837890625
2026-08-30T22:28:00-07:00,0,0.0,0.00018310546875
2026-08-30T22:28:00-07:00,1,0.0,0.00018310546875
2026-08-30T22:28:00-07:00,2,100.0,38.06744384765625
2026-08-30T22:28:00-07:00,3,99.75,38.06744384765625
2026-08-30T22:29:00-07:00,0,0.0,0.00018310546875
2026-08-30T22:29:00-07:00,1,0.0,0.00018310546875
2026-08-30T22:29:00-07:00,2,99.5,38.07330322265625
2026-08-30T22:29:00-07:00,3,99.5,38.07330322265625
2026-08-30T22:30:00-07:00,0,0.0,0.0001983642578125
2026-08-30T22:30:00-07:00,1,0.0,0.0001983642578125
2026-08-30T22:30:00-07:00,2,74.875,38.07330322265625
2026-08-30T22:30:00-07:00,3,75.0,38.07330322265625
2026-08-30T22:31:00-07:00,0,0.0,0.00018310546875
2026-08-30T22:31:00-07:00,1,0.0,0.00018310546875
2026-08-30T22:31:00-07:00,2,99.75,38.07330322265625
2026-08-30T22:31:00-07:00,3,100.0,38.07330322265625
2026-08-30T22:32:00-07:00,0,0.0,0.00018310546875
2026-08-30T22:32:00-07:00,1,0.0,0.00018310546875
2026-08-30T22:32:00-07:00,2,75.5,38.07330322265625
2026-08-30T22:32:00-07:00,3,76.25,38.07330322265625
2026-08-30T22:33:00-07:00,0,0.0,0.00018310546875
2026-08-30T22:33:00-07:00,1,0.0,0.00018310546875
2026-08-30T22:33:00-07:00,2,99.75,38.07330322265625
2026-08-30T22:33:00-07:00,3,99.5,38.07330322265625
2026-08-30T22:34:00-07:00,0,0.0,0.00018310546875
2026-08-30T22:34:00-07:00,1,0.0,0.00018310546875
2026-08-30T22:34:00-07:00,2,75.0,38.07330322265625
2026-08-30T22:34:00-07:00,3,75.0,38.07330322265625
2026-08-30T22:35:00-07:00,0,0.0,0.00018310546875
2026-08-30T22:35:00-07:00,1,0.0,0.00018310546875
2026-08-30T22:35:00-07:00,2,99.125,38.07330322265625
2026-08-30T22:35:00-07:00,3,99.0,38.07330322265625
2026-08-30T22:36:00-07:00,0,0.0,0.00018310546875
2026-08-30T22:36:00-07:00,1,0.0,0.00018310546875
2026-08-30T22:36:00-07:00,2,91.5,38.07330322265625
2026-08-30T22:36:00-07:00,3,100.0,38.07330322265625
2026-08-30T22:37:00-07:00,0,0.0,0.00018310546875
2026-08-30T22:37:00-07:00,1,0.0,0.00018310546875
2026-08-30T22:37:00-07:00,2,75.0,38.07330322265625
2026-08-30T22:37:00-07:00,3,74.75,38.07330322265625
2026-08-30T22:38:00-07:00,0,0.0,0.00018310546875
2026-08-30T22:38:00-07:00,1,0.0,0.00018310546875
2026-08-30T22:38:00-07:00,2,100.0,38.07330322265625
2026-08-30T22:38:00-07:00,3,98.75,38.07330322265625
2026-08-30T22:39:00-07:00,0,0.0,0.00018310546875
2026-08-30T22:39:00-07:00,1,0.0,0.00018310546875
2026-08-30T22:39:00-07:00,2,99.375,38.07330322265625
2026-08-30T22:39:00-07:00,3,99.75,38.07330322265625
2026-08-30T22:40:00-07:00,0,0.0,0.00018310546875
2026-08-30T22:40:00-07:00,1,0.0,0.00018310546875
2026-08-30T22:40:00-07:00,2,74.5,38.07330322265625
2026-08-30T22:40:00-07:00,3,75.0,38.07330322265625
2026-08-30T22:41:00-07:00,0,0.0,0.00018310546875
2026-08-30T22:41:00-07:00,1,0.0,0.00018310546875
2026-08-30T22:41:00-07:00,2,100.0,38.07330322265625
2026-08-30T22:41:00-07:00,3,99.875,38.07330322265625
2026-08-30T22:42:00-07:00,0,24.75,4.599029541015625
2026-08-30T22:42:00-07:00,1,0.0,0.00018310546875
2026-08-30T22:42:00-07:00,2,99.75,38.07330322265625
2026-08-30T22:42:00-07:00,3,98.5,38.07330322265625
2026-08-30T22:43:00-07:00,0,0.0,0.00018310546875
2026-08-30T22:43:00-07:00,1,0.0,0.00018310546875
2026-08-30T22:43:00-07:00,2,75.0,38.07330322265625
2026-08-30T22:43:00-07:00,3,99.75,38.07330322265625
2026-08-30T22:44:00-07:00,0,0.0,0.00018310546875
2026-08-30T22:44:00-07:00,1,0.0,0.00018310546875
2026-08-30T22:44:00-07:00,2,100.0,38.07330322265625
2026-08-30T22:44:00-07:00,3,100.0,38.07330322265625
2026-08-30T22:45:00-07:00,0,0.0,0.0001983642578125
2026-08-30T22:45:00-07:00,1,0.0,0.0001983642578125
2026-08-30T22:45:00-07:00,2,76.0,38.07330322265625
2026-08-30T22:45:00-07:00,3,99.75,38.07330322265625
2026-08-30T22:46:00-07:00,0,0.0,0.00018310546875
2026-08-30T22:46:00-07:00,1,0.0,0.00018310546875
2026-08-30T22:46:00-07:00,2,100.0,38.07330322265625
2026-08-30T22:46:00-07:00,3,99.75,38.07330322265625
2026-08-30T22:47:00-07:00,0,0.0,0.00018310546875
2026-08-30T22:47:00-07:00,1,0.0,0.00018310546875
2026-08-30T22:47:00-07:00,2,74.75,38.07330322265625
2026-08-30T22:47:00-07:00,3,74.75,38.07330322265625
2026-08-30T22:48:00-07:00,0,0.0,0.00018310546875
2026-08-30T22:48:00-07:00,1,0.0,0.00018310546875
2026-08-30T22:48:00-07:00,2,99.75,38.07330322265625
2026-08-30T22:48:00-07:00,3,99.5,38.07330322265625
2026-08-30T22:49:00-07:00,0,0.0,0.00018310546875
2026-08-30T22:49:00-07:00,1,0.0,0.00018310546875
2026-08-30T22:49:00-07:00,2,99.75,38.07330322265625
2026-08-30T22:49:00-07:00,3,99.5,38.07330322265625
2026-08-30T22:50:00-07:00,0,0.0,0.00018310546875
2026-08-30T22:50:00-07:00,1,0.0,0.00018310546875
2026-08-30T22:50:00-07:00,2,74.875,38.07330322265625
2026-08-30T22:50:00-07:00,3,75.0,38.07330322265625
2026-08-30T22:51:00-07:00,0,0.0,0.00018310546875
2026-08-30T22:51:00-07:00,1,0.0,0.00018310546875
2026-08-30T22:51:00-07:00,2,100.0,38.07330322265625
2026-08-30T22:51:00-07:00,3,100.0,38.07330322265625
2026-08-30T22:52:00-07:00,0,0.0,0.00018310546875
2026-08-30T22:52:00-07:00,1,0.0,0.00018310546875
2026-08-30T22:52:00-07:00,2,99.25,38.07330322265625
2026-08-30T22:52:00-07:00,3,99.75,38.07330322265625
2026-08-30T22:53:00-07:00,0,0.0,0.00018310546875
2026-08-30T22:53:00-07:00,1,0.0,0.00018310546875
2026-08-30T22:53:00-07:00,2,74.5,38.07330322265625
2026-08-30T22:53:00-07:00,3,74.75,38.07330322265625
2026-08-30T22:54:00-07:00,0,0.0,0.00018310546875
2026-08-30T22:54:00-07:00,1,0.0,0.00018310546875
2026-08-30T22:54:00-07:00,2,100.0,38.07330322265625
2026-08-30T22:54:00-07:00,3,100.0,38.07330322265625
2026-08-30T22:55:00-07:00,0,0.0,0.00018310546875
2026-08-30T22:55:00-07:00,1,0.0,0.00018310546875
2026-08-30T22:55:00-07:00,2,99.625,38.07330322265625
2026-08-30T22:55:00-07:00,3,99.5,38.07330322265625
2026-08-30T22:56:00-07:00,0,0.0,0.00018310546875
2026-08-30T22:56:00-07:00,1,0.0,0.00018310546875
2026-08-30T22:56:00-07:00,2,99.75,38.07330322265625
2026-08-30T22:56:00-07:00,3,99.5,38.07330322265625
2026-08-30T22:57:00-07:00,0,0.0,0.00018310546875
2026-08-30T22:57:00-07:00,1,0.0,0.00018310546875
2026-08-30T22:57:00-07:00,2,75.0,38.07330322265625
2026-08-30T22:57:00-07:00,3,75.0,38.07330322265625
2026-08-30T22:58:00-07:00,0,0.0,0.00018310546875
2026-08-30T22:58:00-07:00,1,0.0,0.00018310546875
2026-08-30T22:58:00-07:00,2,100.0,38.07330322265625
2026-08-30T22:58:00-07:00,3,75.75,38.07330322265625
2026-08-30T22:59:00-07:00,0,0.0,0.00018310546875
2026-08-30T22:59:00-07:00,1,0.0,0.00018310546875
2026-08-30T22:59:00-07:00,2,99.5,38.07330322265625
2026-08-30T22:59:00-07:00,3,99.5,38.07330322265625
2026-08-30T23:00:00-07:00,0,0.0,0.00018310546875
2026-08-30T23:00:00-07:00,1,0.0,0.00018310546875
2026-08-30T23:00:00-07:00,2,68.75,38.07330322265625
2026-08-30T23:00:00-07:00,3,77.0,38.07330322265625
2026-08-30T23:01:00-07:00,0,0.0,0.00018310546875
2026-08-30T23:01:00-07:00,1,0.0,0.00018310546875
2026-08-30T23:01:00-07:00,2,100.0,38.07330322265625
2026-08-30T23:01:00-07:00,3,100.0,38.07330322265625
2026-08-30T23:02:00-07:00,0,0.0,0.00018310546875
2026-08-30T23:02:00-07:00,1,0.0,0.00018310546875
2026-08-30T23:02:00-07:00,2,99.5,38.07330322265625
2026-08-30T23:02:00-07:00,3,99.375,38.07330322265625
2026-08-30T23:03:00-07:00,0,0.0,0.00018310546875
2026-08-30T23:03:00-07:00,1,0.0,0.00018310546875
2026-08-30T23:03:00-07:00,2,74.5,38.07330322265625
2026-08-30T23:03:00-07:00,3,74.75,38.07330322265625
2026-08-30T23:04:00-07:00,0,0.0,0.00018310546875
2026-08-30T23:04:00-07:00,1,0.0,0.00018310546875
2026-08-30T23:04:00-07:00,2,100.0,38.07330322265625
2026-08-30T23:04:00-07:00,3,100.0,38.07330322265625
2026-08-30T23:05:00-07:00,0,0.0,0.00018310546875
2026-08-30T23:05:00-07:00,1,0.0,0.00018310546875
2026-08-30T23:05:00-07:00,2,99.5,38.07330322265625
2026-08-30T23:05:00-07:00,3,100.0,38.07330322265625
2026-08-30T23:06:00-07:00,0,0.0,0.00018310546875
2026-08-30T23:06:00-07:00,1,0.0,0.00018310546875
2026-08-30T23:06:00-07:00,2,99.5,38.07330322265625
2026-08-30T23:06:00-07:00,3,99.625,38.07330322265625
2026-08-30T23:07:00-07:00,0,0.0,0.00018310546875
2026-08-30T23:07:00-07:00,1,0.0,0.00018310546875
2026-08-30T23:07:00-07:00,2,75.0,38.07330322265625
2026-08-30T23:07:00-07:00,3,75.0,38.07330322265625
2026-08-30T23:08:00-07:00,0,0.0,0.00018310546875
2026-08-30T23:08:00-07:00,1,0.0,0.00018310546875
2026-08-30T23:08:00-07:00,2,99.25,38.07330322265625
2026-08-30T23:08:00-07:00,3,100.0,38.07330322265625
2026-08-30T23:09:00-07:00,0,0.0,0.00018310546875
2026-08-30T23:09:00-07:00,1,0.0,0.00018310546875
2026-08-30T23:09:00-07:00,2,99.5,38.07330322265625
2026-08-30T23:09:00-07:00,3,99.75,38.07330322265625
2026-08-30T23:10:00-07:00,0,0.0,0.00018310546875
2026-08-30T23:10:00-07:00,1,0.0,0.00018310546875
2026-08-30T23:10:00-07:00,2,75.0,38.07330322265625
2026-08-30T23:10:00-07:00,3,75.0,38.07330322265625
2026-08-30T23:11:00-07:00,0,0.0,0.00018310546875
2026-08-30T23:11:00-07:00,1,0.0,0.00018310546875
2026-08-30T23:11:00-07:00,2,100.0,38.07330322265625
2026-08-30T23:11:00-07:00,3,100.0,38.07330322265625
2026-08-30T23:12:00-07:00,0,0.0,0.00018310546875
2026-08-30T23:12:00-07:00,1,0.0,0.00018310546875
2026-08-30T23:12:00-07:00,2,100.0,38.07330322265625
2026-08-30T23:12:00-07:00,3,99.5,38.07330322265625
2026-08-30T23:13:00-07:00,0,0.0,0.00018310546875
2026-08-30T23:13:00-07:00,1,0.0,0.00018310546875
2026-08-30T23:13:00-07:00,2,78.0,38.07330322265625
2026-08-30T23:13:00-07:00,3,74.5,38.07330322265625
2026-08-30T23:14:00-07:00,0,0.0,0.00018310546875
2026-08-30T23:14:00-07:00,1,0.0,0.00018310546875
2026-08-30T23:14:00-07:00,2,100.0,38.07330322265625
2026-08-30T23:14:00-07:00,3,100.0,38.07330322265625
2026-08-30T23:15:00-07:00,0,0.0,0.0001983642578125
2026-08-30T23:15:00-07:00,1,0.0,0.0001983642578125
2026-08-30T23:15:00-07:00,2,99.75,38.07330322265625
2026-08-30T23:15:00-07:00,3,99.5,38.07330322265625
2026-08-30T23:16:00-07:00,0,0.0,0.00018310546875
2026-08-30T23:16:00-07:00,1,0.0,0.00018310546875
2026-08-30T23:16:00-07:00,2,99.5,38.07330322265625
2026-08-30T23:16:00-07:00,3,99.75,38.07330322265625
2026-08-30T23:17:00-07:00,0,0.0,0.00018310546875
2026-08-30T23:17:00-07:00,1,0.0,0.00018310546875
2026-08-30T23:17:00-07:00,2,75.0,38.07330322265625
2026-08-30T23:17:00-07:00,3,75.0,38.07330322265625
2026-08-30T23:18:00-07:00,0,0.0,0.00018310546875
2026-08-30T23:18:00-07:00,1,0.0,0.00018310546875
2026-08-30T23:18:00-07:00,2,99.75,38.07330322265625
2026-08-30T23:18:00-07:00,3,99.25,38.07330322265625
2026-08-30T23:19:00-07:00,0,0.0,0.00018310546875
2026-08-30T23:19:00-07:00,1,0.0,0.00018310546875
2026-08-30T23:19:00-07:00,2,99.0,38.07330322265625
2026-08-30T23:19:00-07:00,3,99.875,38.07330322265625
2026-08-30T23:20:00-07:00,0,0.0,0.00018310546875
2026-08-30T23:20:00-07:00,1,0.0,0.00018310546875
2026-08-30T23:20:00-07:00,2,75.0,38.07330322265625
2026-08-30T23:20:00-07:00,3,74.75,38.07330322265625
2026-08-30T23:21:00-07:00,0,0.0,0.00018310546875
2026-08-30T23:21:00-07:00,1,0.0,0.00018310546875
2026-08-30T23:21:00-07:00,2,99.75,38.07330322265625
2026-08-30T23:21:00-07:00,3,99.5,38.07330322265625
2026-08-30T23:22:00-07:00,0,0.0,0.00018310546875
2026-08-30T23:22:00-07:00,1,0.0,0.00018310546875
2026-08-30T23:22:00-07:00,2,99.5,38.07330322265625
2026-08-30T23:22:00-07:00,3,99.75,38.07330322265625
2026-08-30T23:23:00-07:00,0,0.0,0.00018310546875
2026-08-30T23:23:00-07:00,1,0.0,0.00018310546875
2026-08-30T23:23:00-07:00,2,74.5,38.07330322265625
2026-08-30T23:23:00-07:00,3,74.875,38.07330322265625
2026-08-30T23:24:00-07:00,0,0.0,0.00018310546875
2026-08-30T23:24:00-07:00,1,0.0,0.00018310546875
2026-08-30T23:24:00-07:00,2,100.0,38.07330322265625
2026-08-30T23:24:00-07:00,3,100.0,38.07330322265625
2026-08-30T23:25:00-07:00,0,0.0,0.00018310546875
2026-08-30T23:25:00-07:00,1,0.0,0.00018310546875
2026-08-30T23:25:00-07:00,2,99.875,38.07330322265625
2026-08-30T23:25:00-07:00,3,99.75,38.07330322265625
2026-08-30T23:26:00-07:00,0,0.0,0.00018310546875
2026-08-30T23:26:00-07:00,1,0.0,0.00018310546875
2026-08-30T23:26:00-07:00,2,74.75,38.07330322265625
2026-08-30T23:26:00-07:00,3,99.75,38.07330322265625
2026-08-30T23:27:00-07:00,0,0.0,0.00018310546875
2026-08-30T23:27:00-07:00,1,0.0,0.00018310546875
2026-08-30T23:27:00-07:00,2,100.0,38.07330322265625
2026-08-30T23:27:00-07:00,3,100.0,38.07330322265625
2026-08-30T23:28:00-07:00,0,0.0,0.00018310546875
2026-08-30T23:28:00-07:00,1,0.0,0.00018310546875
2026-08-30T23:28:00-07:00,2,75.5,38.07330322265625
2026-08-30T23:28:00-07:00,3,92.5,38.07330322265625
2026-08-30T23:29:00-07:00,0,0.0,0.00018310546875
2026-08-30T23:29:00-07:00,1,0.0,0.00018310546875
2026-08-30T23:29:00-07:00,2,99.5,38.07330322265625
2026-08-30T23:29:00-07:00,3,99.75,38.07330322265625
2026-08-30T23:30:00-07:00,0,0.0,0.00018310546875
2026-08-30T23:30:00-07:00,1,0.0,0.00018310546875
2026-08-30T23:30:00-07:00,2,74.625,38.07330322265625
2026-08-30T23:30:00-07:00,3,74.25,38.07330322265625
2026-08-30T23:31:00-07:00,0,0.0,0.00018310546875
2026-08-30T23:31:00-07:00,1,0.0,0.00018310546875
2026-08-30T23:31:00-07:00,2,100.0,38.07330322265625
2026-08-30T23:31:00-07:00,3,100.0,38.07330322265625
2026-08-30T23:32:00-07:00,0,0.0,0.00018310546875
2026-08-30T23:32:00-07:00,1,0.0,0.00018310546875
2026-08-30T23:32:00-07:00,2,99.5,38.07330322265625
2026-08-30T23:32:00-07:00,3,100.0,38.07330322265625
2026-08-30T23:33:00-07:00,0,0.0,0.00018310546875
2026-08-30T23:33:00-07:00,1,0.0,0.00018310546875
2026-08-30T23:33:00-07:00,2,74.75,38.07330322265625
2026-08-30T23:33:00-07:00,3,74.75,38.07330322265625
2026-08-30T23:34:00-07:00,0,0.0,0.00018310546875
2026-08-30T23:34:00-07:00,1,0.0,0.00018310546875
2026-08-30T23:34:00-07:00,2,100.0,38.07330322265625
2026-08-30T23:34:00-07:00,3,100.0,38.07330322265625
2026-08-30T23:35:00-07:00,0,0.0,0.00018310546875
2026-08-30T23:35:00-07:00,1,0.0,0.00018310546875
2026-08-30T23:35:00-07:00,2,99.75,38.07330322265625
2026-08-30T23:35:00-07:00,3,99.75,38.07330322265625
2026-08-30T23:36:00-07:00,0,0.0,0.00018310546875
2026-08-30T23:36:00-07:00,1,0.0,0.00018310546875
2026-08-30T23:36:00-07:00,2,74.75,38.07330322265625
2026-08-30T23:36:00-07:00,3,75.0,38.07330322265625
2026-08-30T23:37:00-07:00,0,0.0,0.00018310546875
2026-08-30T23:37:00-07:00,1,0.0,0.00018310546875
2026-08-30T23:37:00-07:00,2,99.125,38.07330322265625
2026-08-30T23:37:00-07:00,3,100.0,38.07330322265625
2026-08-30T23:38:00-07:00,0,0.0,0.00018310546875
2026-08-30T23:38:00-07:00,1,0.0,0.00018310546875
2026-08-30T23:38:00-07:00,2,100.0,38.07330322265625
2026-08-30T23:38:00-07:00,3,99.75,38.07330322265625
2026-08-30T23:39:00-07:00,0,0.0,0.00018310546875
2026-08-30T23:39:00-07:00,1,0.0,0.00018310546875
2026-08-30T23:39:00-07:00,2,99.75,38.07330322265625
2026-08-30T23:39:00-07:00,3,99.75,38.07330322265625
2026-08-30T23:40:00-07:00,0,0.0,0.00018310546875
2026-08-30T23:40:00-07:00,1,0.0,0.00018310546875
2026-08-30T23:40:00-07:00,2,75.0,38.07330322265625
2026-08-30T23:40:00-07:00,3,75.0,38.07330322265625
2026-08-30T23:41:00-07:00,0,0.0,0.00018310546875
2026-08-30T23:41:00-07:00,1,0.0,0.00018310546875
2026-08-30T23:41:00-07:00,2,99.5,38.07330322265625
2026-08-30T23:41:00-07:00,3,99.75,38.07330322265625
2026-08-30T23:42:00-07:00,0,0.0,0.00018310546875
2026-08-30T23:42:00-07:00,1,0.0,0.00018310546875
2026-08-30T23:42:00-07:00,2,99.5,38.07330322265625
2026-08-30T23:42:00-07:00,3,99.75,38.07330322265625
2026-08-30T23:43:00-07:00,0,0.0,0.00018310546875
2026-08-30T23:43:00-07:00,1,0.0,0.00018310546875
2026-08-30T23:43:00-07:00,2,75.0,38.07330322265625
2026-08-30T23:43:00-07:00,3,100.0,38.07330322265625
2026-08-30T23:44:00-07:00,0,0.0,0.00018310546875
2026-08-30T23:44:00-07:00,1,0.0,0.00018310546875
2026-08-30T23:44:00-07:00,2,99.875,38.07330322265625
2026-08-30T23:44:00-07:00,3,99.0,38.07330322265625
2026-08-30T23:45:00-07:00,0,0.0,0.00018310546875
2026-08-30T23:45:00-07:00,1,0.0,0.00018310546875
2026-08-30T23:45:00-07:00,2,99.875,38.07330322265625
2026-08-30T23:45:00-07:00,3,99.75,38.07330322265625
2026-08-30T23:46:00-07:00,0,0.0,0.00018310546875
2026-08-30T23:46:00-07:00,1,0.0,0.00018310546875
2026-08-30T23:46:00-07:00,2,75.0,38.07330322265625
2026-08-30T23:46:00-07:00,3,74.5,38.07330322265625
2026-08-30T23:47:00-07:00,0,0.0,0.00018310546875
2026-08-30T23:47:00-07:00,1,0.0,0.00018310546875
2026-08-30T23:47:00-07:00,2,100.0,38.07330322265625
2026-08-30T23:47:00-07:00,3,99.75,38.07330322265625
2026-08-30T23:48:00-07:00,0,0.0,0.00018310546875
2026-08-30T23:48:00-07:00,1,0.0,0.00018310546875
2026-08-30T23:48:00-07:00,2,99.625,38.07330322265625
2026-08-30T23:48:00-07:00,3,99.75,38.07330322265625
2026-08-30T23:49:00-07:00,0,0.0,0.00018310546875
2026-08-30T23:49:00-07:00,1,0.0,0.00018310546875
2026-08-30T23:49:00-07:00,2,99.25,38.07330322265625
2026-08-30T23:49:00-07:00,3,99.75,38.07330322265625
2026-08-30T23:50:00-07:00,0,0.0,0.00018310546875
2026-08-30T23:50:00-07:00,1,0.0,0.00018310546875
2026-08-30T23:50:00-07:00,2,75.0,38.07330322265625
2026-08-30T23:50:00-07:00,3,74.75,38.07330322265625
2026-08-30T23:51:00-07:00,0,0.0,0.00018310546875
2026-08-30T23:51:00-07:00,1,0.0,0.00018310546875
2026-08-30T23:51:00-07:00,2,99.875,38.07330322265625
2026-08-30T23:51:00-07:00,3,99.25,38.07330322265625
2026-08-30T23:52:00-07:00,0,0.0,0.00018310546875
2026-08-30T23:52:00-07:00,1,0.0,0.00018310546875
2026-08-30T23:52:00-07:00,2,99.5,38.07330322265625
2026-08-30T23:52:00-07:00,3,99.625,38.07330322265625
2026-08-30T23:53:00-07:00,0,0.0,0.00018310546875
2026-08-30T23:53:00-07:00,1,0.0,0.00018310546875
2026-08-30T23:53:00-07:00,2,74.75,38.07330322265625
2026-08-30T23:53:00-07:00,3,74.75,38.07330322265625
2026-08-30T23:54:00-07:00,0,0.0,0.00018310546875
2026-08-30T23:54:00-07:00,1,0.0,0.00018310546875
2026-08-30T23:54:00-07:00,2,99.75,38.07330322265625
2026-08-30T23:54:00-07:00,3,99.0,38.07330322265625
2026-08-30T23:55:00-07:00,0,0.0,0.00018310546875
2026-08-30T23:55:00-07:00,1,0.0,0.00018310546875
2026-08-30T23:55:00-07:00,2,99.25,38.07330322265625
2026-08-30T23:55:00-07:00,3,99.25,38.07330322265625
2026-08-30T23:56:00-07:00,0,0.0,0.00018310546875
2026-08-30T23:56:00-07:00,1,0.0,0.00018310546875
2026-08-30T23:56:00-07:00,2,49.75,38.07330322265625
2026-08-30T23:56:00-07:00,3,49.75,38.07330322265625
2026-08-30T23:57:00-07:00,0,0.0,0.00018310546875
2026-08-30T23:57:00-07:00,1,0.0,0.00018310546875
2026-08-30T23:57:00-07:00,2,100.0,38.07330322265625
2026-08-30T23:57:00-07:00,3,100.0,38.07330322265625
2026-08-30T23:58:00-07:00,0,0.0,0.00018310546875
2026-08-30T23:58:00-07:00,1,0.0,0.00018310546875
2026-08-30T23:58:00-07:00,2,99.25,38.07330322265625
2026-08-30T23:58:00-07:00,3,99.375,38.07330322265625
2026-08-30T23:59:00-07:00,0,0.0,0.00018310546875
2026-08-30T23:59:00-07:00,1,0.0,0.00018310546875
2026-08-30T23:59:00-07:00,2,99.25,38.07330322265625
2026-08-30T23:59:00-07:00,3,99.75,38.07330322265625
2026-08-31T00:00:00-07:00,0,0.0,0.00019073486328125
2026-08-31T00:00:00-07:00,1,0.0,0.00018310546875
2026-08-31T00:00:00-07:00,2,75.0,38.07330322265625
2026-08-31T00:00:00-07:00,3,75.0,38.07330322265625
2026-08-31T00:01:00-07:00,0,0.0,0.00018310546875
2026-08-31T00:01:00-07:00,1,0.0,0.00018310546875
2026-08-31T00:01:00-07:00,2,99.5,38.07330322265625
2026-08-31T00:01:00-07:00,3,99.75,38.07330322265625
2026-08-31T00:02:00-07:00,0,0.0,0.00018310546875
2026-08-31T00:02:00-07:00,1,0.0,0.00018310546875
2026-08-31T00:02:00-07:00,2,85.0,38.07330322265625
2026-08-31T00:02:00-07:00,3,99.75,38.07330322265625
2026-08-31T00:03:00-07:00,0,0.0,0.00018310546875
2026-08-31T00:03:00-07:00,1,0.0,0.00018310546875
2026-08-31T00:03:00-07:00,2,74.75,38.07330322265625
2026-08-31T00:03:00-07:00,3,74.875,38.07330322265625
2026-08-31T00:04:00-07:00,0,0.0,0.00018310546875
2026-08-31T00:04:00-07:00,1,0.0,0.00018310546875
2026-08-31T00:04:00-07:00,2,100.0,38.07330322265625
2026-08-31T00:04:00-07:00,3,100.0,38.07330322265625
2026-08-31T00:05:00-07:00,0,0.0,0.00018310546875
2026-08-31T00:05:00-07:00,1,0.0,0.00018310546875
2026-08-31T00:05:00-07:00,2,99.5,38.07330322265625
2026-08-31T00:05:00-07:00,3,99.75,38.07330322265625
2026-08-31T00:06:00-07:00,0,0.0,0.00018310546875
2026-08-31T00:06:00-07:00,1,0.0,0.00018310546875
2026-08-31T00:06:00-07:00,2,74.375,38.07330322265625
2026-08-31T00:06:00-07:00,3,74.75,38.07330322265625
2026-08-31T00:07:00-07:00,0,0.0,0.00018310546875
2026-08-31T00:07:00-07:00,1,0.0,0.00018310546875
2026-08-31T00:07:00-07:00,2,99.0,38.07330322265625
2026-08-31T00:07:00-07:00,3,100.0,38.07330322265625
2026-08-31T00:08:00-07:00,0,0.0,0.00018310546875
2026-08-31T00:08:00-07:00,1,0.0,0.00018310546875
2026-08-31T00:08:00-07:00,2,99.5,38.07330322265625
2026-08-31T00:08:00-07:00,3,99.25,38.07330322265625
2026-08-31T00:09:00-07:00,0,0.0,0.00018310546875
2026-08-31T00:09:00-07:00,1,0.0,0.00018310546875
2026-08-31T00:09:00-07:00,2,99.5,38.07330322265625
2026-08-31T00:09:00-07:00,3,99.5,38.07330322265625
2026-08-31T00:10:00-07:00,0,0.0,0.00018310546875
2026-08-31T00:10:00-07:00,1,0.0,0.00018310546875
2026-08-31T00:10:00-07:00,2,74.75,38.07330322265625
2026-08-31T00:10:00-07:00,3,73.875,38.07330322265625
2026-08-31T00:11:00-07:00,0,0.0,0.00018310546875
2026-08-31T00:11:00-07:00,1,0.0,0.00018310546875
2026-08-31T00:11:00-07:00,2,99.5,38.07330322265625
2026-08-31T00:11:00-07:00,3,99.75,38.07330322265625
2026-08-31T00:12:00-07:00,0,0.0,0.00018310546875
2026-08-31T00:12:00-07:00,1,0.0,0.00018310546875
2026-08-31T00:12:00-07:00,2,99.25,38.07330322265625
2026-08-31T00:12:00-07:00,3,99.75,38.07330322265625
2026-08-31T00:13:00-07:00,0,0.0,0.00018310546875
2026-08-31T00:13:00-07:00,1,0.0,0.00018310546875
2026-08-31T00:13:00-07:00,2,51.375,38.07330322265625
2026-08-31T00:13:00-07:00,3,51.5,38.07330322265625
2026-08-31T00:14:00-07:00,0,0.0,0.00018310546875
2026-08-31T00:14:00-07:00,1,0.0,0.00018310546875
2026-08-31T00:14:00-07:00,2,99.25,38.07330322265625
2026-08-31T00:14:00-07:00,3,100.0,38.07330322265625
2026-08-31T00:15:00-07:00,0,0.0,0.00018310546875
2026-08-31T00:15:00-07:00,1,0.0,0.00018310546875
2026-08-31T00:15:00-07:00,2,99.5,38.07330322265625
2026-08-31T00:15:00-07:00,3,99.5,38.07330322265625
2026-08-31T00:16:00-07:00,0,0.0,0.00018310546875
2026-08-31T00:16:00-07:00,1,0.0,0.00018310546875
2026-08-31T00:16:00-07:00,2,74.75,38.07330322265625
2026-08-31T00:16:00-07:00,3,75.0,38.07330322265625
2026-08-31T00:17:00-07:00,0,0.0,0.00018310546875
2026-08-31T00:17:00-07:00,1,0.0,0.00018310546875
2026-08-31T00:17:00-07:00,2,100.0,38.07330322265625
2026-08-31T00:17:00-07:00,3,100.0,38.07330322265625
2026-08-31T00:18:00-07:00,0,0.0,0.00018310546875
2026-08-31T00:18:00-07:00,1,0.0,0.00018310546875
2026-08-31T00:18:00-07:00,2,99.5,38.07330322265625
2026-08-31T00:18:00-07:00,3,99.75,38.07330322265625
2026-08-31T00:19:00-07:00,0,0.0,0.00018310546875
2026-08-31T00:19:00-07:00,1,0.0,0.00018310546875
2026-08-31T00:19:00-07:00,2,99.25,38.07330322265625
2026-08-31T00:19:00-07:00,3,99.75,38.07330322265625
2026-08-31T00:20:00-07:00,0,0.0,0.00018310546875
2026-08-31T00:20:00-07:00,1,0.0,0.00018310546875
2026-08-31T00:20:00-07:00,2,75.0,38.07330322265625
2026-08-31T00:20:00-07:00,3,75.0,38.07330322265625
2026-08-31T00:21:00-07:00,0,0.0,0.00018310546875
2026-08-31T00:21:00-07:00,1,0.0,0.00018310546875
2026-08-31T00:21:00-07:00,2,100.0,38.07330322265625
2026-08-31T00:21:00-07:00,3,76.625,38.07330322265625
2026-08-31T00:22:00-07:00,0,0.0,0.00018310546875
2026-08-31T00:22:00-07:00,1,0.0,0.00018310546875
2026-08-31T00:22:00-07:00,2,99.5,38.07330322265625
2026-08-31T00:22:00-07:00,3,99.75,38.07330322265625
2026-08-31T00:23:00-07:00,0,0.0,0.00018310546875
2026-08-31T00:23:00-07:00,1,0.0,0.00018310546875
2026-08-31T00:23:00-07:00,2,74.75,38.07330322265625
2026-08-31T00:23:00-07:00,3,98.75,38.07330322265625
2026-08-31T00:24:00-07:00,0,0.0,0.00018310546875
2026-08-31T00:24:00-07:00,1,0.0,0.00018310546875
2026-08-31T00:24:00-07:00,2,100.0,38.07330322265625
2026-08-31T00:24:00-07:00,3,99.75,38.07330322265625
2026-08-31T00:25:00-07:00,0,0.0,0.00018310546875
2026-08-31T00:25:00-07:00,1,0.0,0.00018310546875
2026-08-31T00:25:00-07:00,2,99.375,38.07330322265625
2026-08-31T00:25:00-07:00,3,99.5,38.07330322265625
2026-08-31T00:26:00-07:00,0,0.0,0.00018310546875
2026-08-31T00:26:00-07:00,1,0.0,0.00018310546875
2026-08-31T00:26:00-07:00,2,74.625,38.07330322265625
2026-08-31T00:26:00-07:00,3,74.75,38.07330322265625
2026-08-31T00:27:00-07:00,0,0.0,0.00018310546875
2026-08-31T00:27:00-07:00,1,0.0,0.00018310546875
2026-08-31T00:27:00-07:00,2,100.0,38.07330322265625
2026-08-31T00:27:00-07:00,3,100.0,38.07330322265625
2026-08-31T00:28:00-07:00,0,0.0,0.00018310546875
2026-08-31T00:28:00-07:00,1,0.0,0.00018310546875
2026-08-31T00:28:00-07:00,2,99.75,38.07330322265625
2026-08-31T00:28:00-07:00,3,99.5,38.07330322265625
2026-08-31T00:29:00-07:00,0,0.0,0.00018310546875
2026-08-31T00:29:00-07:00,1,0.0,0.00018310546875
2026-08-31T00:29:00-07:00,2,99.75,38.07330322265625
2026-08-31T00:29:00-07:00,3,99.5,38.07330322265625
2026-08-31T00:30:00-07:00,0,0.0,0.00018310546875
2026-08-31T00:30:00-07:00,1,0.0,0.00018310546875
2026-08-31T00:30:00-07:00,2,75.0,38.07330322265625
2026-08-31T00:30:00-07:00,3,74.75,38.07330322265625
2026-08-31T00:31:00-07:00,0,0.0,0.00018310546875
2026-08-31T00:31:00-07:00,1,0.0,0.00018310546875
2026-08-31T00:31:00-07:00,2,100.0,38.07330322265625
2026-08-31T00:31:00-07:00,3,99.75,38.07330322265625
2026-08-31T00:32:00-07:00,0,0.0,0.00018310546875
2026-08-31T00:32:00-07:00,1,0.0,0.00018310546875
2026-08-31T00:32:00-07:00,2,99.875,38.07330322265625
2026-08-31T00:32:00-07:00,3,100.0,38.07330322265625
2026-08-31T00:33:00-07:00,0,0.0,0.00018310546875
2026-08-31T00:33:00-07:00,1,0.0,0.00018310546875
2026-08-31T00:33:00-07:00,2,74.75,38.07330322265625
2026-08-31T00:33:00-07:00,3,75.0,38.07330322265625
2026-08-31T00:34:00-07:00,0,0.0,0.00018310546875
2026-08-31T00:34:00-07:00,1,0.0,0.00018310546875
2026-08-31T00:34:00-07:00,2,100.0,38.07330322265625
2026-08-31T00:34:00-07:00,3,99.75,38.07330322265625
2026-08-31T00:35:00-07:00,0,0.0,0.00018310546875
2026-08-31T00:35:00-07:00,1,0.0,0.00018310546875
2026-08-31T00:35:00-07:00,2,99.75,38.07330322265625
2026-08-31T00:35:00-07:00,3,99.5,38.07330322265625
2026-08-31T00:36:00-07:00,0,0.0,0.00018310546875
2026-08-31T00:36:00-07:00,1,0.0,0.00018310546875
2026-08-31T00:36:00-07:00,2,74.875,38.07330322265625
2026-08-31T00:36:00-07:00,3,73.875,38.07330322265625
2026-08-31T00:37:00-07:00,0,0.0,0.00018310546875
2026-08-31T00:37:00-07:00,1,0.0,0.00018310546875
2026-08-31T00:37:00-07:00,2,100.0,38.07330322265625
2026-08-31T00:37:00-07:00,3,99.875,38.07330322265625
2026-08-31T00:38:00-07:00,0,0.0,0.00018310546875
2026-08-31T00:38:00-07:00,1,0.0,0.00018310546875
2026-08-31T00:38:00-07:00,2,99.5,38.07330322265625
2026-08-31T00:38:00-07:00,3,99.5,38.07330322265625
2026-08-31T00:39:00-07:00,0,0.0,0.00018310546875
2026-08-31T00:39:00-07:00,1,0.0,0.00018310546875
2026-08-31T00:39:00-07:00,2,75.0,38.07330322265625
2026-08-31T00:39:00-07:00,3,97.5,38.07330322265625
2026-08-31T00:40:00-07:00,0,0.0,0.00018310546875
2026-08-31T00:40:00-07:00,1,0.0,0.00018310546875
2026-08-31T00:40:00-07:00,2,100.0,38.07330322265625
2026-08-31T00:40:00-07:00,3,100.0,38.07330322265625
2026-08-31T00:41:00-07:00,0,0.0,0.00018310546875
2026-08-31T00:41:00-07:00,1,0.0,0.00018310546875
2026-08-31T00:41:00-07:00,2,75.5,38.07330322265625
2026-08-31T00:41:00-07:00,3,75.5,38.07330322265625
2026-08-31T00:42:00-07:00,0,0.0,0.00018310546875
2026-08-31T00:42:00-07:00,1,0.0,0.00018310546875
2026-08-31T00:42:00-07:00,2,99.875,38.07330322265625
2026-08-31T00:42:00-07:00,3,100.0,38.07330322265625
2026-08-31T00:43:00-07:00,0,0.0,0.00018310546875
2026-08-31T00:43:00-07:00,1,0.0,0.00018310546875
2026-08-31T00:43:00-07:00,2,75.0,38.07330322265625
2026-08-31T00:43:00-07:00,3,74.75,38.07330322265625
2026-08-31T00:44:00-07:00,0,0.0,0.00018310546875
2026-08-31T00:44:00-07:00,1,0.0,0.00018310546875
2026-08-31T00:44:00-07:00,2,100.0,38.07330322265625
2026-08-31T00:44:00-07:00,3,99.5,38.07330322265625
2026-08-31T00:45:00-07:00,0,0.0,0.00018310546875
2026-08-31T00:45:00-07:00,1,0.0,0.00018310546875
2026-08-31T00:45:00-07:00,2,99.75,38.07330322265625
2026-08-31T00:45:00-07:00,3,99.75,38.07330322265625
2026-08-31T00:46:00-07:00,0,0.0,0.00018310546875
2026-08-31T00:46:00-07:00,1,0.0,0.00018310546875
2026-08-31T00:46:00-07:00,2,75.0,38.07330322265625
2026-08-31T00:46:00-07:00,3,75.0,38.07330322265625
2026-08-31T00:47:00-07:00,0,0.0,0.00018310546875
2026-08-31T00:47:00-07:00,1,0.0,0.00018310546875
2026-08-31T00:47:00-07:00,2,100.0,38.07330322265625
2026-08-31T00:47:00-07:00,3,100.0,38.07330322265625
2026-08-31T00:48:00-07:00,0,0.0,0.00018310546875
2026-08-31T00:48:00-07:00,1,0.0,0.00018310546875
2026-08-31T00:48:00-07:00,2,100.0,38.07330322265625
2026-08-31T00:48:00-07:00,3,99.5,38.07330322265625
2026-08-31T00:49:00-07:00,0,0.0,0.00018310546875
2026-08-31T00:49:00-07:00,1,0.0,0.00018310546875
2026-08-31T00:49:00-07:00,2,74.75,38.07330322265625
2026-08-31T00:49:00-07:00,3,74.75,38.07330322265625
2026-08-31T00:50:00-07:00,0,0.0,0.00018310546875
2026-08-31T00:50:00-07:00,1,0.0,0.00018310546875
2026-08-31T00:50:00-07:00,2,99.0,38.07330322265625
2026-08-31T00:50:00-07:00,3,99.625,38.07330322265625
2026-08-31T00:51:00-07:00,0,0.0,0.00018310546875
2026-08-31T00:51:00-07:00,1,0.0,0.00018310546875
2026-08-31T00:51:00-07:00,2,99.75,38.07330322265625
2026-08-31T00:51:00-07:00,3,99.5,38.07330322265625
2026-08-31T00:52:00-07:00,0,0.0,0.00018310546875
2026-08-31T00:52:00-07:00,1,0.0,0.00018310546875
2026-08-31T00:52:00-07:00,2,99.75,38.07330322265625
2026-08-31T00:52:00-07:00,3,99.5,38.07330322265625
2026-08-31T00:53:00-07:00,0,0.0,0.00018310546875
2026-08-31T00:53:00-07:00,1,0.0,0.00018310546875
2026-08-31T00:53:00-07:00,2,74.75,38.07330322265625
2026-08-31T00:53:00-07:00,3,75.0,38.07330322265625
2026-08-31T00:54:00-07:00,0,0.0,0.00018310546875
2026-08-31T00:54:00-07:00,1,0.0,0.00018310546875
2026-08-31T00:54:00-07:00,2,99.75,38.07330322265625
2026-08-31T00:54:00-07:00,3,99.75,38.07330322265625
2026-08-31T00:55:00-07:00,0,0.0,0.00018310546875
2026-08-31T00:55:00-07:00,1,0.0,0.00018310546875
2026-08-31T00:55:00-07:00,2,99.75,38.07330322265625
2026-08-31T00:55:00-07:00,3,99.75,38.07330322265625
2026-08-31T00:56:00-07:00,0,0.0,0.00018310546875
2026-08-31T00:56:00-07:00,1,0.0,0.00018310546875
2026-08-31T00:56:00-07:00,2,75.0,38.07330322265625
2026-08-31T00:56:00-07:00,3,99.75,38.07330322265625
2026-08-31T00:57:00-07:00,0,0.0,0.00018310546875
2026-08-31T00:57:00-07:00,1,0.0,0.00018310546875
2026-08-31T00:57:00-07:00,2,97.5,38.07330322265625
2026-08-31T00:57:00-07:00,3,99.25,38.07330322265625
2026-08-31T00:58:00-07:00,0,0.0,0.00018310546875
2026-08-31T00:58:00-07:00,1,0.0,0.00018310546875
2026-08-31T00:58:00-07:00,2,99.75,38.07330322265625
2026-08-31T00:58:00-07:00,3,99.25,38.07330322265625
2026-08-31T00:59:00-07:00,0,0.0,0.00018310546875
2026-08-31T00:59:00-07:00,1,0.0,0.00018310546875
2026-08-31T00:59:00-07:00,2,74.875,38.07330322265625
2026-08-31T00:59:00-07:00,3,74.5,38.07330322265625
2026-08-31T01:00:00-07:00,0,0.0,0.0001983642578125
2026-08-31T01:00:00-07:00,1,0.0,0.0001983642578125
2026-08-31T01:00:00-07:00,2,100.0,38.07330322265625
2026-08-31T01:00:00-07:00,3,100.0,38.07330322265625
2026-08-31T01:01:00-07:00,0,0.0,0.00018310546875
2026-08-31T01:01:00-07:00,1,0.0,0.00018310546875
2026-08-31T01:01:00-07:00,2,99.5,38.07330322265625
2026-08-31T01:01:00-07:00,3,99.375,38.07330322265625
2026-08-31T01:02:00-07:00,0,0.0,0.00018310546875
2026-08-31T01:02:00-07:00,1,0.0,0.00018310546875
2026-08-31T01:02:00-07:00,2,99.0,38.07330322265625
2026-08-31T01:02:00-07:00,3,100.0,38.07330322265625
2026-08-31T01:03:00-07:00,0,0.0,0.00018310546875
2026-08-31T01:03:00-07:00,1,0.0,0.00018310546875
2026-08-31T01:03:00-07:00,2,75.0,38.07330322265625
2026-08-31T01:03:00-07:00,3,74.875,38.07330322265625
2026-08-31T01:04:00-07:00,0,0.0,0.00018310546875
2026-08-31T01:04:00-07:00,1,0.0,0.00018310546875
2026-08-31T01:04:00-07:00,2,17.5,38.07330322265625
2026-08-31T01:04:00-07:00,3,4.0,38.07330322265625
2026-08-31T01:05:00-07:00,0,0.0,0.00018310546875
2026-08-31T01:05:00-07:00,1,0.0,0.00018310546875
2026-08-31T01:05:00-07:00,2,0.5,9.98052978515625
2026-08-31T01:05:00-07:00,3,0.5,9.98052978515625
2026-08-31T01:06:00-07:00,0,0.0,0.00018310546875
2026-08-31T01:06:00-07:00,1,0.0,0.00018310546875
2026-08-31T01:06:00-07:00,2,74.75,12.74078369140625
2026-08-31T01:06:00-07:00,3,74.75,12.74029541015625
2026-08-31T01:07:00-07:00,0,0.0,0.00018310546875
2026-08-31T01:07:00-07:00,1,0.0,0.00018310546875
2026-08-31T01:07:00-07:00,2,99.5,13.24908447265625
2026-08-31T01:07:00-07:00,3,99.5,13.24908447265625
2026-08-31T01:08:00-07:00,0,0.0,0.00018310546875
2026-08-31T01:08:00-07:00,1,0.0,0.00018310546875
2026-08-31T01:08:00-07:00,2,74.75,33.94976806640625
2026-08-31T01:08:00-07:00,3,75.0,27.48980712890625
2026-08-31T01:09:00-07:00,0,0.0,0.00018310546875
2026-08-31T01:09:00-07:00,1,0.0,0.00018310546875
2026-08-31T01:09:00-07:00,2,99.75,40.84283447265625
2026-08-31T01:09:00-07:00,3,100.0,40.84283447265625
2026-08-31T01:10:00-07:00,0,0.0,0.00018310546875
2026-08-31T01:10:00-07:00,1,0.0,0.00018310546875
2026-08-31T01:10:00-07:00,2,99.0,40.85845947265625
2026-08-31T01:10:00-07:00,3,99.5,40.85455322265625
2026-08-31T01:11:00-07:00,0,0.0,0.00018310546875
2026-08-31T01:11:00-07:00,1,0.0,0.00018310546875
2026-08-31T01:11:00-07:00,2,74.5,40.85845947265625
2026-08-31T01:11:00-07:00,3,99.25,40.85845947265625
2026-08-31T01:12:00-07:00,0,0.0,0.00018310546875
2026-08-31T01:12:00-07:00,1,0.0,0.00018310546875
2026-08-31T01:12:00-07:00,2,99.5,40.85845947265625
2026-08-31T01:12:00-07:00,3,75.0,40.85845947265625
2026-08-31T01:13:00-07:00,0,0.0,0.00018310546875
2026-08-31T01:13:00-07:00,1,0.0,0.00018310546875
2026-08-31T01:13:00-07:00,2,99.875,40.85845947265625
2026-08-31T01:13:00-07:00,3,100.0,40.85845947265625
2026-08-31T01:14:00-07:00,0,0.0,0.00018310546875
2026-08-31T01:14:00-07:00,1,0.0,0.00018310546875
2026-08-31T01:14:00-07:00,2,99.5,40.85845947265625
2026-08-31T01:14:00-07:00,3,100.0,40.85845947265625
2026-08-31T01:15:00-07:00,0,0.0,0.00018310546875
2026-08-31T01:15:00-07:00,1,0.0,0.00018310546875
2026-08-31T01:15:00-07:00,2,74.875,40.85845947265625
2026-08-31T01:15:00-07:00,3,74.75,40.85845947265625
2026-08-31T01:16:00-07:00,0,0.0,0.00018310546875
2026-08-31T01:16:00-07:00,1,0.0,0.00018310546875
2026-08-31T01:16:00-07:00,2,99.875,40.85845947265625
2026-08-31T01:16:00-07:00,3,100.0,40.85845947265625
2026-08-31T01:17:00-07:00,0,0.0,0.00018310546875
2026-08-31T01:17:00-07:00,1,0.0,0.00018310546875
2026-08-31T01:17:00-07:00,2,100.0,40.85845947265625
2026-08-31T01:17:00-07:00,3,100.0,40.85845947265625
2026-08-31T01:18:00-07:00,0,0.0,0.00018310546875
2026-08-31T01:18:00-07:00,1,0.0,0.00018310546875
2026-08-31T01:18:00-07:00,2,99.75,40.85845947265625
2026-08-31T01:18:00-07:00,3,99.75,40.85845947265625
2026-08-31T01:19:00-07:00,0,0.0,0.00018310546875
2026-08-31T01:19:00-07:00,1,0.0,0.00018310546875
2026-08-31T01:19:00-07:00,2,75.0,40.85845947265625
2026-08-31T01:19:00-07:00,3,74.5,40.85845947265625
2026-08-31T01:20:00-07:00,0,0.0,0.00018310546875
2026-08-31T01:20:00-07:00,1,0.0,0.00018310546875
2026-08-31T01:20:00-07:00,2,99.0,40.85845947265625
2026-08-31T01:20:00-07:00,3,100.0,40.85845947265625
2026-08-31T01:21:00-07:00,0,0.0,0.00018310546875
2026-08-31T01:21:00-07:00,1,0.0,0.00018310546875
2026-08-31T01:21:00-07:00,2,100.0,40.85845947265625
2026-08-31T01:21:00-07:00,3,100.0,40.85845947265625
2026-08-31T01:22:00-07:00,0,0.0,0.00018310546875
2026-08-31T01:22:00-07:00,1,0.0,0.00018310546875
2026-08-31T01:22:00-07:00,2,99.5,40.85845947265625
2026-08-31T01:22:00-07:00,3,99.75,40.85845947265625
2026-08-31T01:23:00-07:00,0,0.0,0.00018310546875
2026-08-31T01:23:00-07:00,1,0.0,0.00018310546875
2026-08-31T01:23:00-07:00,2,99.75,40.85845947265625
2026-08-31T01:23:00-07:00,3,75.0,40.85845947265625
2026-08-31T01:24:00-07:00,0,0.0,0.00018310546875
2026-08-31T01:24:00-07:00,1,0.0,0.00018310546875
2026-08-31T01:24:00-07:00,2,76.5,40.85845947265625
2026-08-31T01:24:00-07:00,3,100.0,40.85845947265625
2026-08-31T01:25:00-07:00,0,0.0,0.00018310546875
2026-08-31T01:25:00-07:00,1,0.0,0.00018310546875
2026-08-31T01:25:00-07:00,2,99.75,40.85845947265625
2026-08-31T01:25:00-07:00,3,99.75,40.85845947265625
2026-08-31T01:26:00-07:00,0,0.0,0.00018310546875
2026-08-31T01:26:00-07:00,1,0.0,0.00018310546875
2026-08-31T01:26:00-07:00,2,99.75,40.85845947265625
2026-08-31T01:26:00-07:00,3,99.5,40.85845947265625
2026-08-31T01:27:00-07:00,0,0.0,0.00018310546875
2026-08-31T01:27:00-07:00,1,0.0,0.00018310546875
2026-08-31T01:27:00-07:00,2,100.0,40.85845947265625
2026-08-31T01:27:00-07:00,3,75.0,40.85845947265625
2026-08-31T01:28:00-07:00,0,0.0,0.00018310546875
2026-08-31T01:28:00-07:00,1,0.0,0.00018310546875
2026-08-31T01:28:00-07:00,2,76.25,40.85845947265625
2026-08-31T01:28:00-07:00,3,100.0,40.85845947265625
2026-08-31T01:29:00-07:00,0,0.0,0.00018310546875
2026-08-31T01:29:00-07:00,1,0.0,0.00018310546875
2026-08-31T01:29:00-07:00,2,99.75,40.85845947265625
2026-08-31T01:29:00-07:00,3,99.5,40.85845947265625
2026-08-31T01:30:00-07:00,0,0.0,0.00018310546875
2026-08-31T01:30:00-07:00,1,0.0,0.00018310546875
2026-08-31T01:30:00-07:00,2,100.0,40.85845947265625
2026-08-31T01:30:00-07:00,3,75.0,40.85845947265625
2026-08-31T01:31:00-07:00,0,0.0,0.00018310546875
2026-08-31T01:31:00-07:00,1,0.0,0.00018310546875
2026-08-31T01:31:00-07:00,2,100.0,40.85845947265625
2026-08-31T01:31:00-07:00,3,100.0,40.85845947265625
2026-08-31T01:32:00-07:00,0,0.0,0.00018310546875
2026-08-31T01:32:00-07:00,1,0.0,0.00018310546875
2026-08-31T01:32:00-07:00,2,75.75,40.85845947265625
2026-08-31T01:32:00-07:00,3,99.75,40.85845947265625
2026-08-31T01:33:00-07:00,0,0.0,0.00018310546875
2026-08-31T01:33:00-07:00,1,0.0,0.00018310546875
2026-08-31T01:33:00-07:00,2,99.25,40.85845947265625
2026-08-31T01:33:00-07:00,3,99.375,40.85845947265625
2026-08-31T01:34:00-07:00,0,0.0,0.00018310546875
2026-08-31T01:34:00-07:00,1,0.0,0.00018310546875
2026-08-31T01:34:00-07:00,2,100.0,40.85845947265625
2026-08-31T01:34:00-07:00,3,78.5,40.85845947265625
2026-08-31T01:35:00-07:00,0,0.0,0.00018310546875
2026-08-31T01:35:00-07:00,1,0.0,0.00018310546875
2026-08-31T01:35:00-07:00,2,99.75,40.85845947265625
2026-08-31T01:35:00-07:00,3,100.0,40.85845947265625
2026-08-31T01:36:00-07:00,0,0.0,0.00018310546875
2026-08-31T01:36:00-07:00,1,0.0,0.00018310546875
2026-08-31T01:36:00-07:00,2,76.75,40.85845947265625
2026-08-31T01:36:00-07:00,3,100.0,40.85845947265625
2026-08-31T01:37:00-07:00,0,0.0,0.00018310546875
2026-08-31T01:37:00-07:00,1,0.0,0.00018310546875
2026-08-31T01:37:00-07:00,2,100.0,40.85845947265625
2026-08-31T01:37:00-07:00,3,99.75,40.85845947265625
2026-08-31T01:38:00-07:00,0,0.0,0.00018310546875
2026-08-31T01:38:00-07:00,1,0.0,0.00018310546875
2026-08-31T01:38:00-07:00,2,100.0,40.85845947265625
2026-08-31T01:38:00-07:00,3,91.0,40.85845947265625
2026-08-31T01:39:00-07:00,0,0.0,0.00018310546875
2026-08-31T01:39:00-07:00,1,0.0,0.00018310546875
2026-08-31T01:39:00-07:00,2,76.25,40.85845947265625
2026-08-31T01:39:00-07:00,3,100.0,40.85845947265625
2026-08-31T01:40:00-07:00,0,0.0,0.00018310546875
2026-08-31T01:40:00-07:00,1,0.0,0.00018310546875
2026-08-31T01:40:00-07:00,2,99.75,40.85845947265625
2026-08-31T01:40:00-07:00,3,99.5,40.85845947265625
2026-08-31T01:41:00-07:00,0,0.0,0.00018310546875
2026-08-31T01:41:00-07:00,1,0.0,0.00018310546875
2026-08-31T01:41:00-07:00,2,100.0,41.85845947265625
2026-08-31T01:41:00-07:00,3,99.5,40.85845947265625
2026-08-31T01:42:00-07:00,0,0.0,0.00018310546875
2026-08-31T01:42:00-07:00,1,0.0,0.00018310546875
2026-08-31T01:42:00-07:00,2,100.0,44.85845947265625
2026-08-31T01:42:00-07:00,3,100.0,43.85845947265625
2026-08-31T01:43:00-07:00,0,0.0,0.00018310546875
2026-08-31T01:43:00-07:00,1,0.0,0.00018310546875
2026-08-31T01:43:00-07:00,2,76.25,44.85845947265625
2026-08-31T01:43:00-07:00,3,100.0,44.85845947265625
2026-08-31T01:44:00-07:00,0,0.0,0.00018310546875
2026-08-31T01:44:00-07:00,1,0.0,0.00018310546875
2026-08-31T01:44:00-07:00,2,99.5,44.85845947265625
2026-08-31T01:44:00-07:00,3,99.5,44.85845947265625
2026-08-31T01:45:00-07:00,0,0.0,0.00018310546875
2026-08-31T01:45:00-07:00,1,0.0,0.00018310546875
2026-08-31T01:45:00-07:00,2,100.0,44.85845947265625
2026-08-31T01:45:00-07:00,3,99.375,44.85845947265625
2026-08-31T01:46:00-07:00,0,0.0,0.00018310546875
2026-08-31T01:46:00-07:00,1,0.0,0.00018310546875
2026-08-31T01:46:00-07:00,2,99.5,44.85845947265625
2026-08-31T01:46:00-07:00,3,99.875,44.85845947265625
2026-08-31T01:47:00-07:00,0,0.0,0.00018310546875
2026-08-31T01:47:00-07:00,1,0.0,0.00018310546875
2026-08-31T01:47:00-07:00,2,76.25,44.85845947265625
2026-08-31T01:47:00-07:00,3,99.25,44.85845947265625
2026-08-31T01:48:00-07:00,0,0.0,0.00018310546875
2026-08-31T01:48:00-07:00,1,0.0,0.00018310546875
2026-08-31T01:48:00-07:00,2,99.75,44.85845947265625
2026-08-31T01:48:00-07:00,3,99.5,44.85845947265625
2026-08-31T01:49:00-07:00,0,0.0,0.00018310546875
2026-08-31T01:49:00-07:00,1,0.0,0.00018310546875
2026-08-31T01:49:00-07:00,2,100.0,44.85845947265625
2026-08-31T01:49:00-07:00,3,99.75,44.85845947265625
2026-08-31T01:50:00-07:00,0,0.0,0.00018310546875
2026-08-31T01:50:00-07:00,1,0.0,0.00018310546875
2026-08-31T01:50:00-07:00,2,100.0,44.85845947265625
2026-08-31T01:50:00-07:00,3,100.0,44.85845947265625
2026-08-31T01:51:00-07:00,0,0.0,0.00018310546875
2026-08-31T01:51:00-07:00,1,0.0,0.00018310546875
2026-08-31T01:51:00-07:00,2,75.75,44.85845947265625
2026-08-31T01:51:00-07:00,3,99.75,44.85845947265625
2026-08-31T01:52:00-07:00,0,0.0,0.00018310546875
2026-08-31T01:52:00-07:00,1,0.0,0.00018310546875
2026-08-31T01:52:00-07:00,2,99.75,44.85845947265625
2026-08-31T01:52:00-07:00,3,99.75,44.85845947265625
2026-08-31T01:53:00-07:00,0,0.0,0.00018310546875
2026-08-31T01:53:00-07:00,1,0.0,0.00018310546875
2026-08-31T01:53:00-07:00,2,100.0,44.85845947265625
2026-08-31T01:53:00-07:00,3,99.75,44.85845947265625
2026-08-31T01:54:00-07:00,0,0.0,0.00018310546875
2026-08-31T01:54:00-07:00,1,0.0,0.00018310546875
2026-08-31T01:54:00-07:00,2,76.25,44.85845947265625
2026-08-31T01:54:00-07:00,3,99.75,44.85845947265625
2026-08-31T01:55:00-07:00,0,0.0,0.00018310546875
2026-08-31T01:55:00-07:00,1,0.0,0.00018310546875
2026-08-31T01:55:00-07:00,2,99.75,44.85845947265625
2026-08-31T01:55:00-07:00,3,76.0,44.85845947265625
2026-08-31T01:56:00-07:00,0,0.0,0.00018310546875
2026-08-31T01:56:00-07:00,1,0.0,0.00018310546875
2026-08-31T01:56:00-07:00,2,99.75,44.85845947265625
2026-08-31T01:56:00-07:00,3,99.5,44.85845947265625
2026-08-31T01:57:00-07:00,0,0.0,0.00018310546875
2026-08-31T01:57:00-07:00,1,0.0,0.00018310546875
2026-08-31T01:57:00-07:00,2,99.5,44.85845947265625
2026-08-31T01:57:00-07:00,3,100.0,44.85845947265625
2026-08-31T01:58:00-07:00,0,0.0,0.00018310546875
2026-08-31T01:58:00-07:00,1,0.0,0.00018310546875
2026-08-31T01:58:00-07:00,2,76.25,44.85845947265625
2026-08-31T01:58:00-07:00,3,100.0,44.85845947265625
2026-08-31T01:59:00-07:00,0,0.0,0.00018310546875
2026-08-31T01:59:00-07:00,1,0.0,0.00018310546875
2026-08-31T01:59:00-07:00,2,99.625,44.85845947265625
2026-08-31T01:59:00-07:00,3,76.5,44.85845947265625
2026-08-31T02:00:00-07:00,0,0.0,0.00018310546875
2026-08-31T02:00:00-07:00,1,0.0,0.00018310546875
2026-08-31T02:00:00-07:00,2,99.5,44.85845947265625
2026-08-31T02:00:00-07:00,3,99.75,44.85845947265625
2026-08-31T02:01:00-07:00,0,0.0,0.00018310546875
2026-08-31T02:01:00-07:00,1,0.0,0.00018310546875
2026-08-31T02:01:00-07:00,2,100.0,44.85845947265625
2026-08-31T02:01:00-07:00,3,100.0,44.85845947265625
2026-08-31T02:02:00-07:00,0,0.0,0.00018310546875
2026-08-31T02:02:00-07:00,1,0.0,0.00018310546875
2026-08-31T02:02:00-07:00,2,76.25,44.85845947265625
2026-08-31T02:02:00-07:00,3,98.625,44.85845947265625
2026-08-31T02:03:00-07:00,0,0.0,0.00018310546875
2026-08-31T02:03:00-07:00,1,0.0,0.00018310546875
2026-08-31T02:03:00-07:00,2,99.75,44.85845947265625
2026-08-31T02:03:00-07:00,3,99.5,44.85845947265625
2026-08-31T02:04:00-07:00,0,0.0,0.00018310546875
2026-08-31T02:04:00-07:00,1,0.0,0.00018310546875
2026-08-31T02:04:00-07:00,2,100.0,44.85845947265625
2026-08-31T02:04:00-07:00,3,99.625,44.85845947265625
2026-08-31T02:05:00-07:00,0,0.0,0.00018310546875
2026-08-31T02:05:00-07:00,1,0.0,0.00018310546875
2026-08-31T02:05:00-07:00,2,100.0,44.85845947265625
2026-08-31T02:05:00-07:00,3,100.0,44.85845947265625
2026-08-31T02:06:00-07:00,0,0.0,0.00018310546875
2026-08-31T02:06:00-07:00,1,0.0,0.00018310546875
2026-08-31T02:06:00-07:00,2,76.25,44.85845947265625
2026-08-31T02:06:00-07:00,3,76.25,44.85845947265625
2026-08-31T02:07:00-07:00,0,0.0,0.00018310546875
2026-08-31T02:07:00-07:00,1,0.0,0.00018310546875
2026-08-31T02:07:00-07:00,2,99.25,44.85845947265625
2026-08-31T02:07:00-07:00,3,99.75,44.85845947265625
2026-08-31T02:08:00-07:00,0,0.0,0.00018310546875
2026-08-31T02:08:00-07:00,1,0.0,0.00018310546875
2026-08-31T02:08:00-07:00,2,99.5,44.85845947265625
2026-08-31T02:08:00-07:00,3,99.5,44.85845947265625
2026-08-31T02:09:00-07:00,0,0.0,0.00018310546875
2026-08-31T02:09:00-07:00,1,0.0,0.00018310546875
2026-08-31T02:09:00-07:00,2,76.25,44.85845947265625
2026-08-31T02:09:00-07:00,3,99.75,44.85845947265625
2026-08-31T02:10:00-07:00,0,0.0,0.00018310546875
2026-08-31T02:10:00-07:00,1,0.0,0.00018310546875
2026-08-31T02:10:00-07:00,2,100.0,44.85845947265625
2026-08-31T02:10:00-07:00,3,99.25,44.85845947265625
2026-08-31T02:11:00-07:00,0,0.0,0.00018310546875
2026-08-31T02:11:00-07:00,1,0.0,0.00018310546875
2026-08-31T02:11:00-07:00,2,99.75,44.85845947265625
2026-08-31T02:11:00-07:00,3,99.75,44.85845947265625
2026-08-31T02:12:00-07:00,0,0.0,0.00018310546875
2026-08-31T02:12:00-07:00,1,0.0,0.00018310546875
2026-08-31T02:12:00-07:00,2,100.0,44.85845947265625
2026-08-31T02:12:00-07:00,3,99.75,44.85845947265625
2026-08-31T02:13:00-07:00,0,0.0,0.00018310546875
2026-08-31T02:13:00-07:00,1,0.0,0.00018310546875
2026-08-31T02:13:00-07:00,2,76.25,44.85845947265625
2026-08-31T02:13:00-07:00,3,100.0,44.85845947265625
2026-08-31T02:14:00-07:00,0,0.0,0.00018310546875
2026-08-31T02:14:00-07:00,1,0.0,0.00018310546875
2026-08-31T02:14:00-07:00,2,99.75,44.85845947265625
2026-08-31T02:14:00-07:00,3,99.75,44.85845947265625
2026-08-31T02:15:00-07:00,0,0.0,0.00018310546875
2026-08-31T02:15:00-07:00,1,0.0,0.00018310546875
2026-08-31T02:15:00-07:00,2,100.0,44.85845947265625
2026-08-31T02:15:00-07:00,3,99.5,44.85845947265625
2026-08-31T02:16:00-07:00,0,0.0,0.00018310546875
2026-08-31T02:16:00-07:00,1,0.0,0.00018310546875
2026-08-31T02:16:00-07:00,2,100.0,44.85845947265625
2026-08-31T02:16:00-07:00,3,100.0,44.85845947265625
2026-08-31T02:17:00-07:00,0,0.0,0.00018310546875
2026-08-31T02:17:00-07:00,1,0.0,0.00018310546875
2026-08-31T02:17:00-07:00,2,76.0,44.85845947265625
2026-08-31T02:17:00-07:00,3,76.25,44.85845947265625
2026-08-31T02:18:00-07:00,0,0.0,0.00018310546875
2026-08-31T02:18:00-07:00,1,0.0,0.00018310546875
2026-08-31T02:18:00-07:00,2,100.0,44.85845947265625
2026-08-31T02:18:00-07:00,3,99.75,44.85845947265625
2026-08-31T02:19:00-07:00,0,0.0,0.00018310546875
2026-08-31T02:19:00-07:00,1,0.0,0.00018310546875
2026-08-31T02:19:00-07:00,2,99.0,44.85845947265625
2026-08-31T02:19:00-07:00,3,75.75,44.85845947265625
2026-08-31T02:20:00-07:00,0,0.0,0.00018310546875
2026-08-31T02:20:00-07:00,1,0.0,0.00018310546875
2026-08-31T02:20:00-07:00,2,100.0,44.85845947265625
2026-08-31T02:20:00-07:00,3,100.0,44.85845947265625
2026-08-31T02:21:00-07:00,0,0.0,0.00018310546875
2026-08-31T02:21:00-07:00,1,0.0,0.00018310546875
2026-08-31T02:21:00-07:00,2,80.75,44.85845947265625
2026-08-31T02:21:00-07:00,3,99.75,44.85845947265625
2026-08-31T02:22:00-07:00,0,0.0,0.00018310546875
2026-08-31T02:22:00-07:00,1,0.0,0.00018310546875
2026-08-31T02:22:00-07:00,2,99.75,44.85845947265625
2026-08-31T02:22:00-07:00,3,99.5,44.85845947265625
2026-08-31T02:23:00-07:00,0,0.0,0.00018310546875
2026-08-31T02:23:00-07:00,1,0.0,0.00018310546875
2026-08-31T02:23:00-07:00,2,76.25,44.85845947265625
2026-08-31T02:23:00-07:00,3,75.0,44.85845947265625
2026-08-31T02:24:00-07:00,0,0.0,0.00018310546875
2026-08-31T02:24:00-07:00,1,0.0,0.00018310546875
2026-08-31T02:24:00-07:00,2,100.0,44.85845947265625
2026-08-31T02:24:00-07:00,3,100.0,44.85845947265625
2026-08-31T02:25:00-07:00,0,0.0,0.00018310546875
2026-08-31T02:25:00-07:00,1,0.0,0.00018310546875
2026-08-31T02:25:00-07:00,2,99.5,44.85845947265625
2026-08-31T02:25:00-07:00,3,99.5,44.85845947265625
2026-08-31T02:26:00-07:00,0,0.0,0.00018310546875
2026-08-31T02:26:00-07:00,1,0.0,0.00018310546875
2026-08-31T02:26:00-07:00,2,75.25,44.85845947265625
2026-08-31T02:26:00-07:00,3,100.0,44.85845947265625
2026-08-31T02:27:00-07:00,0,0.0,0.00018310546875
2026-08-31T02:27:00-07:00,1,0.0,0.00018310546875
2026-08-31T02:27:00-07:00,2,100.0,44.85845947265625
2026-08-31T02:27:00-07:00,3,74.75,44.85845947265625
2026-08-31T02:28:00-07:00,0,0.0,0.00018310546875
2026-08-31T02:28:00-07:00,1,0.0,0.00018310546875
2026-08-31T02:28:00-07:00,2,99.75,44.85845947265625
2026-08-31T02:28:00-07:00,3,99.0,44.85845947265625
2026-08-31T02:29:00-07:00,0,0.0,0.00018310546875
2026-08-31T02:29:00-07:00,1,0.0,0.00018310546875
2026-08-31T02:29:00-07:00,2,99.75,44.85845947265625
2026-08-31T02:29:00-07:00,3,99.75,44.85845947265625
2026-08-31T02:30:00-07:00,0,0.0,0.00018310546875
2026-08-31T02:30:00-07:00,1,0.0,0.00018310546875
2026-08-31T02:30:00-07:00,2,76.0,44.85845947265625
2026-08-31T02:30:00-07:00,3,99.75,44.85845947265625
2026-08-31T02:31:00-07:00,0,0.0,0.00018310546875
2026-08-31T02:31:00-07:00,1,0.0,0.00018310546875
2026-08-31T02:31:00-07:00,2,97.25,44.85845947265625
2026-08-31T02:31:00-07:00,3,75.0,44.85845947265625
2026-08-31T02:32:00-07:00,0,0.0,0.00018310546875
2026-08-31T02:32:00-07:00,1,0.0,0.00018310546875
2026-08-31T02:32:00-07:00,2,99.5,44.85845947265625
2026-08-31T02:32:00-07:00,3,100.0,44.85845947265625
2026-08-31T02:33:00-07:00,0,0.0,0.00018310546875
2026-08-31T02:33:00-07:00,1,0.0,0.00018310546875
2026-08-31T02:33:00-07:00,2,98.25,44.85845947265625
2026-08-31T02:33:00-07:00,3,99.25,44.85845947265625
2026-08-31T02:34:00-07:00,0,0.0,0.00018310546875
2026-08-31T02:34:00-07:00,1,0.0,0.00018310546875
2026-08-31T02:34:00-07:00,2,99.875,44.85845947265625
2026-08-31T02:34:00-07:00,3,75.0,44.85845947265625
2026-08-31T02:35:00-07:00,0,0.0,0.00018310546875
2026-08-31T02:35:00-07:00,1,0.0,0.00018310546875
2026-08-31T02:35:00-07:00,2,99.75,44.85845947265625
2026-08-31T02:35:00-07:00,3,100.0,44.85845947265625
2026-08-31T02:36:00-07:00,0,0.0,0.00018310546875
2026-08-31T02:36:00-07:00,1,0.0,0.00018310546875
2026-08-31T02:36:00-07:00,2,76.25,44.85845947265625
2026-08-31T02:36:00-07:00,3,100.0,44.85845947265625
2026-08-31T02:37:00-07:00,0,0.0,0.00018310546875
2026-08-31T02:37:00-07:00,1,0.0,0.00018310546875
2026-08-31T02:37:00-07:00,2,74.25,44.85845947265625
2026-08-31T02:37:00-07:00,3,99.25,44.85845947265625
2026-08-31T02:38:00-07:00,0,0.0,0.00018310546875
2026-08-31T02:38:00-07:00,1,0.0,0.00018310546875
2026-08-31T02:38:00-07:00,2,99.75,44.85845947265625
2026-08-31T02:38:00-07:00,3,75.0,44.85845947265625
2026-08-31T02:39:00-07:00,0,0.0,0.00018310546875
2026-08-31T02:39:00-07:00,1,0.0,0.00018310546875
2026-08-31T02:39:00-07:00,2,99.75,44.85845947265625
2026-08-31T02:39:00-07:00,3,99.625,44.85845947265625
2026-08-31T02:40:00-07:00,0,0.0,0.00018310546875
2026-08-31T02:40:00-07:00,1,0.0,0.00018310546875
2026-08-31T02:40:00-07:00,2,99.25,44.85845947265625
2026-08-31T02:40:00-07:00,3,100.0,44.85845947265625
2026-08-31T02:41:00-07:00,0,0.0,0.00018310546875
2026-08-31T02:41:00-07:00,1,0.0,0.00018310546875
2026-08-31T02:41:00-07:00,2,74.5,44.85845947265625
2026-08-31T02:41:00-07:00,3,99.75,44.85845947265625
2026-08-31T02:42:00-07:00,0,0.0,0.00018310546875
2026-08-31T02:42:00-07:00,1,0.0,0.00018310546875
2026-08-31T02:42:00-07:00,2,99.75,44.85845947265625
2026-08-31T02:42:00-07:00,3,74.75,44.85845947265625
2026-08-31T02:43:00-07:00,0,0.0,0.00018310546875
2026-08-31T02:43:00-07:00,1,0.0,0.00018310546875
2026-08-31T02:43:00-07:00,2,99.75,44.85845947265625
2026-08-31T02:43:00-07:00,3,100.0,44.85845947265625
2026-08-31T02:44:00-07:00,0,0.0,0.00018310546875
2026-08-31T02:44:00-07:00,1,0.0,0.00018310546875
2026-08-31T02:44:00-07:00,2,99.0,44.85845947265625
2026-08-31T02:44:00-07:00,3,99.25,44.85845947265625
2026-08-31T02:45:00-07:00,0,0.0,0.00018310546875
2026-08-31T02:45:00-07:00,1,0.0,0.00018310546875
2026-08-31T02:45:00-07:00,2,74.75,44.85845947265625
2026-08-31T02:45:00-07:00,3,99.75,44.85845947265625
2026-08-31T02:46:00-07:00,0,0.0,0.00018310546875
2026-08-31T02:46:00-07:00,1,0.0,0.00018310546875
2026-08-31T02:46:00-07:00,2,100.0,44.85845947265625
2026-08-31T02:46:00-07:00,3,75.0,44.85845947265625
2026-08-31T02:47:00-07:00,0,0.0,0.00018310546875
2026-08-31T02:47:00-07:00,1,0.0,0.00018310546875
2026-08-31T02:47:00-07:00,2,99.75,44.85845947265625
2026-08-31T02:47:00-07:00,3,99.75,44.85845947265625
2026-08-31T02:48:00-07:00,0,0.0,0.00018310546875
2026-08-31T02:48:00-07:00,1,0.0,0.00018310546875
2026-08-31T02:48:00-07:00,2,99.5,44.85845947265625
2026-08-31T02:48:00-07:00,3,99.75,44.85845947265625
2026-08-31T02:49:00-07:00,0,0.0,0.00018310546875
2026-08-31T02:49:00-07:00,1,0.0,0.00018310546875
2026-08-31T02:49:00-07:00,2,75.0,44.85845947265625
2026-08-31T02:49:00-07:00,3,74.75,44.85845947265625
2026-08-31T02:50:00-07:00,0,0.0,0.00018310546875
2026-08-31T02:50:00-07:00,1,0.0,0.00018310546875
2026-08-31T02:50:00-07:00,2,100.0,44.85845947265625
2026-08-31T02:50:00-07:00,3,100.0,44.85845947265625
2026-08-31T02:51:00-07:00,0,0.0,0.00018310546875
2026-08-31T02:51:00-07:00,1,0.0,0.00018310546875
2026-08-31T02:51:00-07:00,2,99.75,44.85845947265625
2026-08-31T02:51:00-07:00,3,99.75,44.85845947265625
2026-08-31T02:52:00-07:00,0,0.0,0.00018310546875
2026-08-31T02:52:00-07:00,1,0.0,0.00018310546875
2026-08-31T02:52:00-07:00,2,74.5,44.85845947265625
2026-08-31T02:52:00-07:00,3,100.0,44.85845947265625
2026-08-31T02:53:00-07:00,0,0.0,0.00018310546875
2026-08-31T02:53:00-07:00,1,0.0,0.00018310546875
2026-08-31T02:53:00-07:00,2,99.75,44.85845947265625
2026-08-31T02:53:00-07:00,3,74.75,44.85845947265625
2026-08-31T02:54:00-07:00,0,0.0,0.00018310546875
2026-08-31T02:54:00-07:00,1,0.0,0.00018310546875
2026-08-31T02:54:00-07:00,2,99.75,44.85845947265625
2026-08-31T02:54:00-07:00,3,100.0,44.85845947265625
2026-08-31T02:55:00-07:00,0,0.0,0.00018310546875
2026-08-31T02:55:00-07:00,1,0.0,0.00018310546875
2026-08-31T02:55:00-07:00,2,99.5,44.85845947265625
2026-08-31T02:55:00-07:00,3,99.5,44.85845947265625
2026-08-31T02:56:00-07:00,0,0.0,0.00018310546875
2026-08-31T02:56:00-07:00,1,0.0,0.00018310546875
2026-08-31T02:56:00-07:00,2,74.25,44.85845947265625
2026-08-31T02:56:00-07:00,3,100.0,44.85845947265625
2026-08-31T02:57:00-07:00,0,0.0,0.00018310546875
2026-08-31T02:57:00-07:00,1,0.0,0.00018310546875
2026-08-31T02:57:00-07:00,2,100.0,44.85845947265625
2026-08-31T02:57:00-07:00,3,74.75,44.85845947265625
2026-08-31T02:58:00-07:00,0,0.0,0.00018310546875
2026-08-31T02:58:00-07:00,1,0.0,0.00018310546875
2026-08-31T02:58:00-07:00,2,99.75,44.85845947265625
2026-08-31T02:58:00-07:00,3,100.0,44.85845947265625
2026-08-31T02:59:00-07:00,0,0.0,0.00018310546875
2026-08-31T02:59:00-07:00,1,0.0,0.00018310546875
2026-08-31T02:59:00-07:00,2,100.0,44.85845947265625
2026-08-31T02:59:00-07:00,3,99.75,44.85845947265625
2026-08-31T03:00:00-07:00,0,0.0,0.00018310546875
2026-08-31T03:00:00-07:00,1,0.0,0.00018310546875
2026-08-31T03:00:00-07:00,2,74.875,44.85845947265625
2026-08-31T03:00:00-07:00,3,100.0,44.85845947265625
2026-08-31T03:01:00-07:00,0,0.0,0.00018310546875
2026-08-31T03:01:00-07:00,1,0.0,0.00018310546875
2026-08-31T03:01:00-07:00,2,99.75,44.85845947265625
2026-08-31T03:01:00-07:00,3,75.0,44.85845947265625
2026-08-31T03:02:00-07:00,0,0.0,0.00018310546875
2026-08-31T03:02:00-07:00,1,0.0,0.00018310546875
2026-08-31T03:02:00-07:00,2,99.5,44.85845947265625
2026-08-31T03:02:00-07:00,3,100.0,44.85845947265625
2026-08-31T03:03:00-07:00,0,0.0,0.00018310546875
2026-08-31T03:03:00-07:00,1,0.0,0.00018310546875
2026-08-31T03:03:00-07:00,2,99.0,44.85845947265625
2026-08-31T03:03:00-07:00,3,99.25,44.85845947265625
2026-08-31T03:04:00-07:00,0,0.0,0.00018310546875
2026-08-31T03:04:00-07:00,1,0.0,0.00018310546875
2026-08-31T03:04:00-07:00,2,75.0,44.85845947265625
2026-08-31T03:04:00-07:00,3,74.75,44.85845947265625
2026-08-31T03:05:00-07:00,0,0.0,0.00018310546875
2026-08-31T03:05:00-07:00,1,0.0,0.00018310546875
2026-08-31T03:05:00-07:00,2,100.0,44.85845947265625
2026-08-31T03:05:00-07:00,3,100.0,44.85845947265625
2026-08-31T03:06:00-07:00,0,0.0,0.00018310546875
2026-08-31T03:06:00-07:00,1,0.0,0.00018310546875
2026-08-31T03:06:00-07:00,2,78.0,44.85845947265625
2026-08-31T03:06:00-07:00,3,99.75,44.85845947265625
2026-08-31T03:07:00-07:00,0,0.0,0.00018310546875
2026-08-31T03:07:00-07:00,1,0.0,0.00018310546875
2026-08-31T03:07:00-07:00,2,99.75,44.85845947265625
2026-08-31T03:07:00-07:00,3,99.5,44.85845947265625
2026-08-31T03:08:00-07:00,0,0.0,0.00018310546875
2026-08-31T03:08:00-07:00,1,0.0,0.00018310546875
2026-08-31T03:08:00-07:00,2,74.75,44.85845947265625
2026-08-31T03:08:00-07:00,3,74.75,44.85845947265625
2026-08-31T03:09:00-07:00,0,0.0,0.00018310546875
2026-08-31T03:09:00-07:00,1,0.0,0.00018310546875
2026-08-31T03:09:00-07:00,2,100.0,44.85845947265625
2026-08-31T03:09:00-07:00,3,99.75,44.85845947265625
2026-08-31T03:10:00-07:00,0,0.0,0.00018310546875
2026-08-31T03:10:00-07:00,1,0.0,0.00018310546875
2026-08-31T03:10:00-07:00,2,99.5,44.85845947265625
2026-08-31T03:10:00-07:00,3,100.0,44.85845947265625
2026-08-31T03:11:00-07:00,0,0.0,0.00018310546875
2026-08-31T03:11:00-07:00,1,0.0,0.00018310546875
2026-08-31T03:11:00-07:00,2,75.0,44.85845947265625
2026-08-31T03:11:00-07:00,3,99.375,44.85845947265625
2026-08-31T03:12:00-07:00,0,0.0,0.00018310546875
2026-08-31T03:12:00-07:00,1,0.0,0.00018310546875
2026-08-31T03:12:00-07:00,2,100.0,44.85845947265625
2026-08-31T03:12:00-07:00,3,75.0,44.85845947265625
2026-08-31T03:13:00-07:00,0,0.0,0.00018310546875
2026-08-31T03:13:00-07:00,1,0.0,0.00018310546875
2026-08-31T03:13:00-07:00,2,99.75,44.85845947265625
2026-08-31T03:13:00-07:00,3,100.0,44.85845947265625
2026-08-31T03:14:00-07:00,0,0.0,0.00018310546875
2026-08-31T03:14:00-07:00,1,0.0,0.00018310546875
2026-08-31T03:14:00-07:00,2,99.5,44.85845947265625
2026-08-31T03:14:00-07:00,3,99.125,44.85845947265625
2026-08-31T03:15:00-07:00,0,0.0,0.00018310546875
2026-08-31T03:15:00-07:00,1,0.0,0.00018310546875
2026-08-31T03:15:00-07:00,2,74.5,44.85845947265625
2026-08-31T03:15:00-07:00,3,99.75,44.85845947265625
2026-08-31T03:16:00-07:00,0,0.0,0.00018310546875
2026-08-31T03:16:00-07:00,1,0.0,0.00018310546875
2026-08-31T03:16:00-07:00,2,99.5,44.85845947265625
2026-08-31T03:16:00-07:00,3,75.0,44.85845947265625
2026-08-31T03:17:00-07:00,0,0.0,0.00018310546875
2026-08-31T03:17:00-07:00,1,0.0,0.00018310546875
2026-08-31T03:17:00-07:00,2,99.75,44.85845947265625
2026-08-31T03:17:00-07:00,3,100.0,44.85845947265625
2026-08-31T03:18:00-07:00,0,0.0,0.00018310546875
2026-08-31T03:18:00-07:00,1,0.0,0.00018310546875
2026-08-31T03:18:00-07:00,2,99.75,44.85845947265625
2026-08-31T03:18:00-07:00,3,93.25,44.85845947265625
2026-08-31T03:19:00-07:00,0,0.0,0.00018310546875
2026-08-31T03:19:00-07:00,1,0.0,0.00018310546875
2026-08-31T03:19:00-07:00,2,75.0,44.85845947265625
2026-08-31T03:19:00-07:00,3,99.25,44.85845947265625
2026-08-31T03:20:00-07:00,0,0.0,0.00018310546875
2026-08-31T03:20:00-07:00,1,0.0,0.00018310546875
2026-08-31T03:20:00-07:00,2,99.0,44.85845947265625
2026-08-31T03:20:00-07:00,3,100.0,44.85845947265625
2026-08-31T03:21:00-07:00,0,0.0,0.00018310546875
2026-08-31T03:21:00-07:00,1,0.0,0.00018310546875
2026-08-31T03:21:00-07:00,2,99.5,44.85845947265625
2026-08-31T03:21:00-07:00,3,75.5,44.85845947265625
2026-08-31T03:22:00-07:00,0,0.0,0.00018310546875
2026-08-31T03:22:00-07:00,1,0.0,0.00018310546875
2026-08-31T03:22:00-07:00,2,99.5,44.85845947265625
2026-08-31T03:22:00-07:00,3,99.25,44.85845947265625
2026-08-31T03:23:00-07:00,0,0.0,0.00018310546875
2026-08-31T03:23:00-07:00,1,0.0,0.00018310546875
2026-08-31T03:23:00-07:00,2,75.0,44.85845947265625
2026-08-31T03:23:00-07:00,3,75.5,44.85845947265625
2026-08-31T03:24:00-07:00,0,0.0,0.00018310546875
2026-08-31T03:24:00-07:00,1,0.0,0.00018310546875
2026-08-31T03:24:00-07:00,2,100.0,44.85845947265625
2026-08-31T03:24:00-07:00,3,100.0,44.85845947265625
2026-08-31T03:25:00-07:00,0,0.0,0.00018310546875
2026-08-31T03:25:00-07:00,1,0.0,0.00018310546875
2026-08-31T03:25:00-07:00,2,99.75,44.85845947265625
2026-08-31T03:25:00-07:00,3,100.0,44.85845947265625
2026-08-31T03:26:00-07:00,0,0.0,0.00018310546875
2026-08-31T03:26:00-07:00,1,0.0,0.00018310546875
2026-08-31T03:26:00-07:00,2,74.75,44.85845947265625
2026-08-31T03:26:00-07:00,3,99.5,44.85845947265625
2026-08-31T03:27:00-07:00,0,0.0,0.00018310546875
2026-08-31T03:27:00-07:00,1,0.0,0.00018310546875
2026-08-31T03:27:00-07:00,2,100.0,44.85845947265625
2026-08-31T03:27:00-07:00,3,74.75,44.85845947265625
2026-08-31T03:28:00-07:00,0,0.0,0.00018310546875
2026-08-31T03:28:00-07:00,1,0.0,0.00018310546875
2026-08-31T03:28:00-07:00,2,100.0,44.85845947265625
2026-08-31T03:28:00-07:00,3,99.75,44.85845947265625
2026-08-31T03:29:00-07:00,0,0.0,0.00018310546875
2026-08-31T03:29:00-07:00,1,0.0,0.00018310546875
2026-08-31T03:29:00-07:00,2,99.75,44.85845947265625
2026-08-31T03:29:00-07:00,3,99.75,44.85845947265625
2026-08-31T03:30:00-07:00,0,0.0,0.00018310546875
2026-08-31T03:30:00-07:00,1,0.0,0.00018310546875
2026-08-31T03:30:00-07:00,2,74.75,44.85845947265625
2026-08-31T03:30:00-07:00,3,99.25,44.85845947265625
2026-08-31T03:31:00-07:00,0,0.0,0.00018310546875
2026-08-31T03:31:00-07:00,1,0.0,0.00018310546875
2026-08-31T03:31:00-07:00,2,95.75,44.85845947265625
2026-08-31T03:31:00-07:00,3,75.0,44.85845947265625
2026-08-31T03:32:00-07:00,0,0.0,0.00018310546875
2026-08-31T03:32:00-07:00,1,0.0,0.00018310546875
2026-08-31T03:32:00-07:00,2,99.5,44.85845947265625
2026-08-31T03:32:00-07:00,3,99.75,44.85845947265625
2026-08-31T03:33:00-07:00,0,0.0,0.00018310546875
2026-08-31T03:33:00-07:00,1,0.0,0.00018310546875
2026-08-31T03:33:00-07:00,2,99.25,44.85845947265625
2026-08-31T03:33:00-07:00,3,100.0,44.85845947265625
2026-08-31T03:34:00-07:00,0,0.0,0.00018310546875
2026-08-31T03:34:00-07:00,1,0.0,0.00018310546875
2026-08-31T03:34:00-07:00,2,75.0,44.85845947265625
2026-08-31T03:34:00-07:00,3,99.25,44.85845947265625
2026-08-31T03:35:00-07:00,0,0.0,0.00018310546875
2026-08-31T03:35:00-07:00,1,0.0,0.00018310546875
2026-08-31T03:35:00-07:00,2,99.75,44.85845947265625
2026-08-31T03:35:00-07:00,3,75.0,44.85845947265625
2026-08-31T03:36:00-07:00,0,0.0,0.00018310546875
2026-08-31T03:36:00-07:00,1,0.0,0.00018310546875
2026-08-31T03:36:00-07:00,2,99.125,44.85845947265625
2026-08-31T03:36:00-07:00,3,100.0,44.85845947265625
2026-08-31T03:37:00-07:00,0,0.0,0.00018310546875
2026-08-31T03:37:00-07:00,1,0.0,0.00018310546875
2026-08-31T03:37:00-07:00,2,99.75,44.85845947265625
2026-08-31T03:37:00-07:00,3,99.25,44.85845947265625
2026-08-31T03:38:00-07:00,0,0.0,0.00018310546875
2026-08-31T03:38:00-07:00,1,0.0,0.00018310546875
2026-08-31T03:38:00-07:00,2,74.5,44.85845947265625
2026-08-31T03:38:00-07:00,3,74.75,44.85845947265625
2026-08-31T03:39:00-07:00,0,0.0,0.00018310546875
2026-08-31T03:39:00-07:00,1,0.0,0.00018310546875
2026-08-31T03:39:00-07:00,2,100.0,44.85845947265625
2026-08-31T03:39:00-07:00,3,100.0,44.85845947265625
2026-08-31T03:40:00-07:00,0,0.0,0.00018310546875
2026-08-31T03:40:00-07:00,1,0.0,0.00018310546875
2026-08-31T03:40:00-07:00,2,99.75,44.85845947265625
2026-08-31T03:40:00-07:00,3,99.5,44.85845947265625
2026-08-31T03:41:00-07:00,0,0.0,0.00018310546875
2026-08-31T03:41:00-07:00,1,0.0,0.00018310546875
2026-08-31T03:41:00-07:00,2,74.75,44.85845947265625
2026-08-31T03:41:00-07:00,3,99.75,44.85845947265625
2026-08-31T03:42:00-07:00,0,0.0,0.00018310546875
2026-08-31T03:42:00-07:00,1,0.0,0.00018310546875
2026-08-31T03:42:00-07:00,2,100.0,44.85845947265625
2026-08-31T03:42:00-07:00,3,74.75,44.85845947265625
2026-08-31T03:43:00-07:00,0,0.0,0.00018310546875
2026-08-31T03:43:00-07:00,1,0.0,0.00018310546875
2026-08-31T03:43:00-07:00,2,74.75,44.85845947265625
2026-08-31T03:43:00-07:00,3,100.0,44.85845947265625
2026-08-31T03:44:00-07:00,0,0.0,0.00018310546875
2026-08-31T03:44:00-07:00,1,0.0,0.00018310546875
2026-08-31T03:44:00-07:00,2,99.75,44.85845947265625
2026-08-31T03:44:00-07:00,3,99.25,44.85845947265625
2026-08-31T03:45:00-07:00,0,0.0,0.00018310546875
2026-08-31T03:45:00-07:00,1,0.0,0.00018310546875
2026-08-31T03:45:00-07:00,2,99.75,44.85845947265625
2026-08-31T03:45:00-07:00,3,99.5,44.85845947265625
2026-08-31T03:46:00-07:00,0,0.0,0.00018310546875
2026-08-31T03:46:00-07:00,1,0.0,0.00018310546875
2026-08-31T03:46:00-07:00,2,100.0,44.85845947265625
2026-08-31T03:46:00-07:00,3,74.75,44.85845947265625
2026-08-31T03:47:00-07:00,0,0.0,0.00018310546875
2026-08-31T03:47:00-07:00,1,0.0,0.00018310546875
2026-08-31T03:47:00-07:00,2,76.75,44.85845947265625
2026-08-31T03:47:00-07:00,3,100.0,44.85845947265625
2026-08-31T03:48:00-07:00,0,0.0,0.00018310546875
2026-08-31T03:48:00-07:00,1,0.0,0.00018310546875
2026-08-31T03:48:00-07:00,2,99.5,44.85845947265625
2026-08-31T03:48:00-07:00,3,99.25,44.85845947265625
2026-08-31T03:49:00-07:00,0,0.0,0.00018310546875
2026-08-31T03:49:00-07:00,1,0.0,0.00018310546875
2026-08-31T03:49:00-07:00,2,75.25,44.85845947265625
2026-08-31T03:49:00-07:00,3,99.75,44.85845947265625
2026-08-31T03:50:00-07:00,0,0.0,0.00018310546875
2026-08-31T03:50:00-07:00,1,0.0,0.00018310546875
2026-08-31T03:50:00-07:00,2,100.0,44.85845947265625
2026-08-31T03:50:00-07:00,3,100.0,44.85845947265625
2026-08-31T03:51:00-07:00,0,0.0,0.00018310546875
2026-08-31T03:51:00-07:00,1,0.0,0.00018310546875
2026-08-31T03:51:00-07:00,2,99.75,44.85845947265625
2026-08-31T03:51:00-07:00,3,99.75,44.85845947265625
2026-08-31T03:52:00-07:00,0,0.0,0.00018310546875
2026-08-31T03:52:00-07:00,1,0.0,0.00018310546875
2026-08-31T03:52:00-07:00,2,99.125,44.85845947265625
2026-08-31T03:52:00-07:00,3,75.375,44.85845947265625
2026-08-31T03:53:00-07:00,0,0.0,0.00018310546875
2026-08-31T03:53:00-07:00,1,0.0,0.00018310546875
2026-08-31T03:53:00-07:00,2,74.5,44.85845947265625
2026-08-31T03:53:00-07:00,3,99.75,44.85845947265625
2026-08-31T03:54:00-07:00,0,0.0,0.00018310546875
2026-08-31T03:54:00-07:00,1,0.0,0.00018310546875
2026-08-31T03:54:00-07:00,2,99.75,44.85845947265625
2026-08-31T03:54:00-07:00,3,75.75,44.85845947265625
2026-08-31T03:55:00-07:00,0,0.0,0.00018310546875
2026-08-31T03:55:00-07:00,1,0.0,0.00018310546875
2026-08-31T03:55:00-07:00,2,99.75,44.85845947265625
2026-08-31T03:55:00-07:00,3,99.5,44.85845947265625
2026-08-31T03:56:00-07:00,0,0.0,0.00018310546875
2026-08-31T03:56:00-07:00,1,0.0,0.00018310546875
2026-08-31T03:56:00-07:00,2,99.25,44.85845947265625
2026-08-31T03:56:00-07:00,3,99.625,44.85845947265625
2026-08-31T03:57:00-07:00,0,0.0,0.00018310546875
2026-08-31T03:57:00-07:00,1,0.0,0.00018310546875
2026-08-31T03:57:00-07:00,2,75.0,44.85845947265625
2026-08-31T03:57:00-07:00,3,74.75,44.85845947265625
2026-08-31T03:58:00-07:00,0,0.0,0.00018310546875
2026-08-31T03:58:00-07:00,1,0.0,0.00018310546875
2026-08-31T03:58:00-07:00,2,100.0,44.85845947265625
2026-08-31T03:58:00-07:00,3,99.5,44.85845947265625
2026-08-31T03:59:00-07:00,0,0.0,0.00018310546875
2026-08-31T03:59:00-07:00,1,0.0,0.00018310546875
2026-08-31T03:59:00-07:00,2,100.0,44.85845947265625
2026-08-31T03:59:00-07:00,3,100.0,44.85845947265625
2026-08-31T04:00:00-07:00,0,0.0,0.00018310546875
2026-08-31T04:00:00-07:00,1,0.0,0.00018310546875
2026-08-31T04:00:00-07:00,2,74.75,44.85845947265625
2026-08-31T04:00:00-07:00,3,100.0,44.85845947265625
2026-08-31T04:01:00-07:00,0,0.0,0.00018310546875
2026-08-31T04:01:00-07:00,1,0.0,0.00018310546875
2026-08-31T04:01:00-07:00,2,100.0,44.85845947265625
2026-08-31T04:01:00-07:00,3,75.0,44.85845947265625
2026-08-31T04:02:00-07:00,0,0.0,0.00018310546875
2026-08-31T04:02:00-07:00,1,0.0,0.00018310546875
2026-08-31T04:02:00-07:00,2,100.0,44.85845947265625
2026-08-31T04:02:00-07:00,3,100.0,44.85845947265625
2026-08-31T04:03:00-07:00,0,0.0,0.00018310546875
2026-08-31T04:03:00-07:00,1,0.0,0.00018310546875
2026-08-31T04:03:00-07:00,2,100.0,44.85845947265625
2026-08-31T04:03:00-07:00,3,99.5,44.85845947265625
2026-08-31T04:04:00-07:00,0,0.0,0.00018310546875
2026-08-31T04:04:00-07:00,1,0.0,0.00018310546875
2026-08-31T04:04:00-07:00,2,75.0,44.85845947265625
2026-08-31T04:04:00-07:00,3,99.5,44.85845947265625
2026-08-31T04:05:00-07:00,0,0.0,0.00018310546875
2026-08-31T04:05:00-07:00,1,0.0,0.00018310546875
2026-08-31T04:05:00-07:00,2,99.25,44.85845947265625
2026-08-31T04:05:00-07:00,3,75.0,44.85845947265625
2026-08-31T04:06:00-07:00,0,0.0,0.00018310546875
2026-08-31T04:06:00-07:00,1,0.0,0.00018310546875
2026-08-31T04:06:00-07:00,2,2.6666666666666665,44.76102701822917
2026-08-31T04:06:00-07:00,3,100.0,44.85845947265625
2026-08-31T04:07:00-07:00,0,0.0,0.00018310546875
2026-08-31T04:07:00-07:00,1,0.0,0.00018310546875
2026-08-31T04:07:00-07:00,2,1.0,8.92633056640625
2026-08-31T04:07:00-07:00,3,1.0,8.92633056640625
2026-08-31T04:08:00-07:00,0,0.0,0.00018310546875
2026-08-31T04:08:00-07:00,1,0.0,0.00018310546875
2026-08-31T04:08:00-07:00,2,25.0,11.72344970703125
2026-08-31T04:08:00-07:00,3,24.75,11.72320556640625
2026-08-31T04:09:00-07:00,0,0.0,0.00018310546875
2026-08-31T04:09:00-07:00,1,0.0,0.00018310546875
2026-08-31T04:09:00-07:00,2,99.5,13.25103759765625
2026-08-31T04:09:00-07:00,3,100.0,13.25103759765625
2026-08-31T04:10:00-07:00,0,0.0,0.00018310546875
2026-08-31T04:10:00-07:00,1,0.0,0.00018310546875
2026-08-31T04:10:00-07:00,2,74.5,20.80279541015625
2026-08-31T04:10:00-07:00,3,75.0,20.80279541015625
2026-08-31T04:11:00-07:00,0,0.0,0.00018310546875
2026-08-31T04:11:00-07:00,1,0.0,0.00018310546875
2026-08-31T04:11:00-07:00,2,100.0,43.43658447265625
2026-08-31T04:11:00-07:00,3,99.5,43.43658447265625
2026-08-31T04:12:00-07:00,0,0.0,0.00018310546875
2026-08-31T04:12:00-07:00,1,0.0,0.00018310546875
2026-08-31T04:12:00-07:00,2,100.0,43.43658447265625
2026-08-31T04:12:00-07:00,3,100.0,43.43658447265625
2026-08-31T04:13:00-07:00,0,0.0,0.00018310546875
2026-08-31T04:13:00-07:00,1,0.0,0.00018310546875
2026-08-31T04:13:00-07:00,2,100.0,43.44439697265625
2026-08-31T04:13:00-07:00,3,100.0,43.44439697265625
2026-08-31T04:14:00-07:00,0,0.0,0.00018310546875
2026-08-31T04:14:00-07:00,1,0.0,0.00018310546875
2026-08-31T04:14:00-07:00,2,99.0,43.45220947265625
2026-08-31T04:14:00-07:00,3,99.75,43.45220947265625
2026-08-31T04:15:00-07:00,0,0.0,0.00018310546875
2026-08-31T04:15:00-07:00,1,0.0,0.00018310546875
2026-08-31T04:15:00-07:00,2,62.5,43.45220947265625
2026-08-31T04:15:00-07:00,3,74.75,43.45220947265625
2026-08-31T04:16:00-07:00,0,0.0,0.00018310546875
2026-08-31T04:16:00-07:00,1,0.0,0.00018310546875
2026-08-31T04:16:00-07:00,2,100.0,43.45220947265625
2026-08-31T04:16:00-07:00,3,100.0,43.45220947265625
2026-08-31T04:17:00-07:00,0,0.0,0.00018310546875
2026-08-31T04:17:00-07:00,1,0.0,0.00018310546875
2026-08-31T04:17:00-07:00,2,99.5,43.45220947265625
2026-08-31T04:17:00-07:00,3,100.0,43.45220947265625
2026-08-31T04:18:00-07:00,0,0.0,0.00018310546875
2026-08-31T04:18:00-07:00,1,0.0,0.00018310546875
2026-08-31T04:18:00-07:00,2,99.25,43.45220947265625
2026-08-31T04:18:00-07:00,3,99.75,43.45220947265625
2026-08-31T04:19:00-07:00,0,0.0,0.00018310546875
2026-08-31T04:19:00-07:00,1,0.0,0.00018310546875
2026-08-31T04:19:00-07:00,2,100.0,43.45220947265625
2026-08-31T04:19:00-07:00,3,99.25,43.45220947265625
2026-08-31T04:20:00-07:00,0,0.0,0.00018310546875
2026-08-31T04:20:00-07:00,1,0.0,0.00018310546875
2026-08-31T04:20:00-07:00,2,75.0,43.45220947265625
2026-08-31T04:20:00-07:00,3,74.875,43.45220947265625
2026-08-31T04:21:00-07:00,0,0.0,0.00018310546875
2026-08-31T04:21:00-07:00,1,0.0,0.00018310546875
2026-08-31T04:21:00-07:00,2,99.75,43.45220947265625
2026-08-31T04:21:00-07:00,3,99.25,43.45220947265625
2026-08-31T04:22:00-07:00,0,0.0,0.00018310546875
2026-08-31T04:22:00-07:00,1,0.0,0.00018310546875
2026-08-31T04:22:00-07:00,2,76.25,43.45220947265625
2026-08-31T04:22:00-07:00,3,76.25,43.45220947265625
2026-08-31T04:23:00-07:00,0,0.0,0.00018310546875
2026-08-31T04:23:00-07:00,1,0.0,0.00018310546875
2026-08-31T04:23:00-07:00,2,99.5,43.45220947265625
2026-08-31T04:23:00-07:00,3,99.5,43.45220947265625
2026-08-31T04:24:00-07:00,0,0.0,0.00018310546875
2026-08-31T04:24:00-07:00,1,0.0,0.00018310546875
2026-08-31T04:24:00-07:00,2,75.375,43.45220947265625
2026-08-31T04:24:00-07:00,3,74.25,43.45220947265625
2026-08-31T04:25:00-07:00,0,0.0,0.00018310546875
2026-08-31T04:25:00-07:00,1,0.0,0.00018310546875
2026-08-31T04:25:00-07:00,2,99.75,43.45220947265625
2026-08-31T04:25:00-07:00,3,99.5,43.45220947265625
2026-08-31T04:26:00-07:00,0,0.0,0.00018310546875
2026-08-31T04:26:00-07:00,1,0.0,0.00018310546875
2026-08-31T04:26:00-07:00,2,99.875,43.45220947265625
2026-08-31T04:26:00-07:00,3,100.0,43.45220947265625
2026-08-31T04:27:00-07:00,0,0.0,0.00018310546875
2026-08-31T04:27:00-07:00,1,0.0,0.00018310546875
2026-08-31T04:27:00-07:00,2,99.75,43.45220947265625
2026-08-31T04:27:00-07:00,3,99.75,43.45220947265625
2026-08-31T04:28:00-07:00,0,0.0,0.00018310546875
2026-08-31T04:28:00-07:00,1,0.0,0.00018310546875
2026-08-31T04:28:00-07:00,2,100.0,43.45220947265625
2026-08-31T04:28:00-07:00,3,99.25,43.45220947265625
2026-08-31T04:29:00-07:00,0,0.0,0.00018310546875
2026-08-31T04:29:00-07:00,1,0.0,0.00018310546875
2026-08-31T04:29:00-07:00,2,74.75,43.45220947265625
2026-08-31T04:29:00-07:00,3,75.0,43.45220947265625
2026-08-31T04:30:00-07:00,0,0.0,0.00018310546875
2026-08-31T04:30:00-07:00,1,0.0,0.00018310546875
2026-08-31T04:30:00-07:00,2,100.0,43.45220947265625
2026-08-31T04:30:00-07:00,3,100.0,43.45220947265625
2026-08-31T04:31:00-07:00,0,0.0,0.00018310546875
2026-08-31T04:31:00-07:00,1,0.0,0.00018310546875
2026-08-31T04:31:00-07:00,2,100.0,43.45220947265625
2026-08-31T04:31:00-07:00,3,99.75,43.45220947265625
2026-08-31T04:32:00-07:00,0,0.0,0.00018310546875
2026-08-31T04:32:00-07:00,1,0.0,0.00018310546875
2026-08-31T04:32:00-07:00,2,76.0,43.45220947265625
2026-08-31T04:32:00-07:00,3,100.0,43.45220947265625
2026-08-31T04:33:00-07:00,0,0.0,0.00018310546875
2026-08-31T04:33:00-07:00,1,0.0,0.00018310546875
2026-08-31T04:33:00-07:00,2,99.5,43.45220947265625
2026-08-31T04:33:00-07:00,3,99.5,43.45220947265625
2026-08-31T04:34:00-07:00,0,0.0,0.00018310546875
2026-08-31T04:34:00-07:00,1,0.0,0.00018310546875
2026-08-31T04:34:00-07:00,2,75.0,43.45220947265625
2026-08-31T04:34:00-07:00,3,75.0,43.45220947265625
2026-08-31T04:35:00-07:00,0,0.0,0.00018310546875
2026-08-31T04:35:00-07:00,1,0.0,0.00018310546875
2026-08-31T04:35:00-07:00,2,100.0,43.45220947265625
2026-08-31T04:35:00-07:00,3,100.0,43.45220947265625
2026-08-31T04:36:00-07:00,0,0.0,0.00018310546875
2026-08-31T04:36:00-07:00,1,0.0,0.00018310546875
2026-08-31T04:36:00-07:00,2,99.75,43.45220947265625
2026-08-31T04:36:00-07:00,3,76.25,43.45220947265625
2026-08-31T04:37:00-07:00,0,0.0,0.00018310546875
2026-08-31T04:37:00-07:00,1,0.0,0.00018310546875
2026-08-31T04:37:00-07:00,2,99.25,43.45220947265625
2026-08-31T04:37:00-07:00,3,99.875,43.45220947265625
2026-08-31T04:38:00-07:00,0,0.0,0.00018310546875
2026-08-31T04:38:00-07:00,1,0.0,0.00018310546875
2026-08-31T04:38:00-07:00,2,74.875,43.45220947265625
2026-08-31T04:38:00-07:00,3,76.0,43.45220947265625
2026-08-31T04:39:00-07:00,0,0.0,0.00018310546875
2026-08-31T04:39:00-07:00,1,0.0,0.00018310546875
2026-08-31T04:39:00-07:00,2,100.0,43.45220947265625
2026-08-31T04:39:00-07:00,3,100.0,43.45220947265625
2026-08-31T04:40:00-07:00,0,0.0,0.00018310546875
2026-08-31T04:40:00-07:00,1,0.0,0.00018310546875
2026-08-31T04:40:00-07:00,2,100.0,43.45220947265625
2026-08-31T04:40:00-07:00,3,100.0,43.45220947265625
2026-08-31T04:41:00-07:00,0,0.0,0.00018310546875
2026-08-31T04:41:00-07:00,1,0.0,0.00018310546875
2026-08-31T04:41:00-07:00,2,100.0,43.45220947265625
2026-08-31T04:41:00-07:00,3,99.75,43.45220947265625
2026-08-31T04:42:00-07:00,0,0.0,0.00018310546875
2026-08-31T04:42:00-07:00,1,0.0,0.00018310546875
2026-08-31T04:42:00-07:00,2,99.5,43.45220947265625
2026-08-31T04:42:00-07:00,3,99.5,43.45220947265625
2026-08-31T04:43:00-07:00,0,0.0,0.00018310546875
2026-08-31T04:43:00-07:00,1,0.0,0.00018310546875
2026-08-31T04:43:00-07:00,2,74.75,43.45220947265625
2026-08-31T04:43:00-07:00,3,75.0,43.45220947265625
2026-08-31T04:44:00-07:00,0,0.0,0.00018310546875
2026-08-31T04:44:00-07:00,1,0.0,0.00018310546875
2026-08-31T04:44:00-07:00,2,100.0,43.45220947265625
2026-08-31T04:44:00-07:00,3,99.875,43.45220947265625
2026-08-31T04:45:00-07:00,0,0.0,0.00018310546875
2026-08-31T04:45:00-07:00,1,0.0,0.00018310546875
2026-08-31T04:45:00-07:00,2,100.0,43.45220947265625
2026-08-31T04:45:00-07:00,3,99.25,43.45220947265625
2026-08-31T04:46:00-07:00,0,0.0,0.00018310546875
2026-08-31T04:46:00-07:00,1,0.0,0.00018310546875
2026-08-31T04:46:00-07:00,2,100.0,43.45220947265625
2026-08-31T04:46:00-07:00,3,99.25,43.45220947265625
2026-08-31T04:47:00-07:00,0,0.0,0.00018310546875
2026-08-31T04:47:00-07:00,1,0.0,0.00018310546875
2026-08-31T04:47:00-07:00,2,74.875,43.45220947265625
2026-08-31T04:47:00-07:00,3,99.875,43.45220947265625
2026-08-31T04:48:00-07:00,0,0.0,0.00018310546875
2026-08-31T04:48:00-07:00,1,0.0,0.00018310546875
2026-08-31T04:48:00-07:00,2,99.5,43.45220947265625
2026-08-31T04:48:00-07:00,3,76.5,43.45220947265625
2026-08-31T04:49:00-07:00,0,0.0,0.00018310546875
2026-08-31T04:49:00-07:00,1,0.0,0.00018310546875
2026-08-31T04:49:00-07:00,2,100.0,43.45220947265625
2026-08-31T04:49:00-07:00,3,100.0,43.45220947265625
2026-08-31T04:50:00-07:00,0,0.0,0.00018310546875
2026-08-31T04:50:00-07:00,1,0.0,0.00018310546875
2026-08-31T04:50:00-07:00,2,99.5,43.45220947265625
2026-08-31T04:50:00-07:00,3,99.75,43.45220947265625
2026-08-31T04:51:00-07:00,0,0.0,0.00018310546875
2026-08-31T04:51:00-07:00,1,0.0,0.00018310546875
2026-08-31T04:51:00-07:00,2,99.25,43.45220947265625
2026-08-31T04:51:00-07:00,3,99.75,43.45220947265625
2026-08-31T04:52:00-07:00,0,0.0,0.00018310546875
2026-08-31T04:52:00-07:00,1,0.0,0.00018310546875
2026-08-31T04:52:00-07:00,2,75.0,44.45220947265625
2026-08-31T04:52:00-07:00,3,74.75,44.45220947265625
2026-08-31T04:53:00-07:00,0,0.0,0.00018310546875
2026-08-31T04:53:00-07:00,1,0.0,0.00018310546875
2026-08-31T04:53:00-07:00,2,99.75,47.45220947265625
2026-08-31T04:53:00-07:00,3,100.0,47.45220947265625
2026-08-31T04:54:00-07:00,0,0.0,0.00018310546875
2026-08-31T04:54:00-07:00,1,0.0,0.00018310546875
2026-08-31T04:54:00-07:00,2,100.0,47.45220947265625
2026-08-31T04:54:00-07:00,3,100.0,47.45220947265625
2026-08-31T04:55:00-07:00,0,0.0,0.00018310546875
2026-08-31T04:55:00-07:00,1,0.0,0.00018310546875
2026-08-31T04:55:00-07:00,2,99.5,47.45220947265625
2026-08-31T04:55:00-07:00,3,99.75,47.45220947265625
2026-08-31T04:56:00-07:00,0,0.0,0.00018310546875
2026-08-31T04:56:00-07:00,1,0.0,0.00018310546875
2026-08-31T04:56:00-07:00,2,99.75,47.45220947265625
2026-08-31T04:56:00-07:00,3,99.25,47.45220947265625
2026-08-31T04:57:00-07:00,0,0.0,0.00018310546875
2026-08-31T04:57:00-07:00,1,0.0,0.00018310546875
2026-08-31T04:57:00-07:00,2,75.0,47.45220947265625
2026-08-31T04:57:00-07:00,3,75.5,47.45220947265625
2026-08-31T04:58:00-07:00,0,0.0,0.00018310546875
2026-08-31T04:58:00-07:00,1,0.0,0.00018310546875
2026-08-31T04:58:00-07:00,2,100.0,47.45220947265625
2026-08-31T04:58:00-07:00,3,99.75,47.45220947265625
2026-08-31T04:59:00-07:00,0,0.0,0.00018310546875
2026-08-31T04:59:00-07:00,1,0.0,0.00018310546875
2026-08-31T04:59:00-07:00,2,99.5,47.45220947265625
2026-08-31T04:59:00-07:00,3,100.0,47.45220947265625
2026-08-31T05:00:00-07:00,0,0.0,0.00018310546875
2026-08-31T05:00:00-07:00,1,0.0,0.00018310546875
2026-08-31T05:00:00-07:00,2,99.0,47.45220947265625
2026-08-31T05:00:00-07:00,3,100.0,47.45220947265625
2026-08-31T05:01:00-07:00,0,0.0,0.00018310546875
2026-08-31T05:01:00-07:00,1,0.0,0.00018310546875
2026-08-31T05:01:00-07:00,2,74.75,47.45220947265625
2026-08-31T05:01:00-07:00,3,74.75,47.45220947265625
2026-08-31T05:02:00-07:00,0,0.0,0.00018310546875
2026-08-31T05:02:00-07:00,1,0.0,0.00018310546875
2026-08-31T05:02:00-07:00,2,98.5,47.45220947265625
2026-08-31T05:02:00-07:00,3,100.0,47.45220947265625
2026-08-31T05:03:00-07:00,0,0.0,0.00018310546875
2026-08-31T05:03:00-07:00,1,0.0,0.00018310546875
2026-08-31T05:03:00-07:00,2,99.75,47.45220947265625
2026-08-31T05:03:00-07:00,3,100.0,47.45220947265625
2026-08-31T05:04:00-07:00,0,0.0,0.00018310546875
2026-08-31T05:04:00-07:00,1,0.0,0.00018310546875
2026-08-31T05:04:00-07:00,2,99.625,47.45220947265625
2026-08-31T05:04:00-07:00,3,89.25,47.45220947265625
2026-08-31T05:05:00-07:00,0,0.0,0.00018310546875
2026-08-31T05:05:00-07:00,1,0.0,0.00018310546875
2026-08-31T05:05:00-07:00,2,99.5,47.45220947265625
2026-08-31T05:05:00-07:00,3,99.75,47.45220947265625
2026-08-31T05:06:00-07:00,0,0.0,0.00018310546875
2026-08-31T05:06:00-07:00,1,0.0,0.00018310546875
2026-08-31T05:06:00-07:00,2,100.0,47.45220947265625
2026-08-31T05:06:00-07:00,3,99.75,47.45220947265625
2026-08-31T05:07:00-07:00,0,0.0,0.00018310546875
2026-08-31T05:07:00-07:00,1,0.0,0.00018310546875
2026-08-31T05:07:00-07:00,2,100.0,47.45220947265625
2026-08-31T05:07:00-07:00,3,100.0,47.45220947265625
2026-08-31T05:08:00-07:00,0,0.0,0.00018310546875
2026-08-31T05:08:00-07:00,1,0.0,0.00018310546875
2026-08-31T05:08:00-07:00,2,100.0,47.45220947265625
2026-08-31T05:08:00-07:00,3,99.75,47.45220947265625
2026-08-31T05:09:00-07:00,0,0.0,0.00018310546875
2026-08-31T05:09:00-07:00,1,0.0,0.00018310546875
2026-08-31T05:09:00-07:00,2,99.75,47.45220947265625
2026-08-31T05:09:00-07:00,3,99.625,47.45220947265625
2026-08-31T05:10:00-07:00,0,0.0,0.00018310546875
2026-08-31T05:10:00-07:00,1,0.0,0.00018310546875
2026-08-31T05:10:00-07:00,2,74.5,47.45220947265625
2026-08-31T05:10:00-07:00,3,98.0,47.45220947265625
2026-08-31T05:11:00-07:00,0,0.0,0.00018310546875
2026-08-31T05:11:00-07:00,1,0.0,0.00018310546875
2026-08-31T05:11:00-07:00,2,99.75,47.45220947265625
2026-08-31T05:11:00-07:00,3,75.0,47.45220947265625
2026-08-31T05:12:00-07:00,0,0.0,0.00018310546875
2026-08-31T05:12:00-07:00,1,0.0,0.00018310546875
2026-08-31T05:12:00-07:00,2,100.0,47.45220947265625
2026-08-31T05:12:00-07:00,3,99.875,47.45220947265625
2026-08-31T05:13:00-07:00,0,0.0,0.00018310546875
2026-08-31T05:13:00-07:00,1,0.0,0.00018310546875
2026-08-31T05:13:00-07:00,2,99.75,47.45220947265625
2026-08-31T05:13:00-07:00,3,76.25,47.45220947265625
2026-08-31T05:14:00-07:00,0,0.0,0.00018310546875
2026-08-31T05:14:00-07:00,1,0.0,0.00018310546875
2026-08-31T05:14:00-07:00,2,99.5,47.45220947265625
2026-08-31T05:14:00-07:00,3,99.75,47.45220947265625
2026-08-31T05:15:00-07:00,0,0.0,0.00018310546875
2026-08-31T05:15:00-07:00,1,0.0,0.00018310546875
2026-08-31T05:15:00-07:00,2,74.75,47.45220947265625
2026-08-31T05:15:00-07:00,3,99.75,47.45220947265625
2026-08-31T05:16:00-07:00,0,0.0,0.00018310546875
2026-08-31T05:16:00-07:00,1,0.0,0.00018310546875
2026-08-31T05:16:00-07:00,2,99.875,47.45220947265625
2026-08-31T05:16:00-07:00,3,100.0,47.45220947265625
2026-08-31T05:17:00-07:00,0,0.0,0.00018310546875
2026-08-31T05:17:00-07:00,1,0.0,0.00018310546875
2026-08-31T05:17:00-07:00,2,100.0,47.45220947265625
2026-08-31T05:17:00-07:00,3,100.0,47.45220947265625
2026-08-31T05:18:00-07:00,0,0.0,0.00018310546875
2026-08-31T05:18:00-07:00,1,0.0,0.00018310546875
2026-08-31T05:18:00-07:00,2,99.5,47.45220947265625
2026-08-31T05:18:00-07:00,3,100.0,47.45220947265625
2026-08-31T05:19:00-07:00,0,0.0,0.00018310546875
2026-08-31T05:19:00-07:00,1,0.0,0.00018310546875
2026-08-31T05:19:00-07:00,2,99.5,47.45220947265625
2026-08-31T05:19:00-07:00,3,99.25,47.45220947265625
2026-08-31T05:20:00-07:00,0,0.0,0.00018310546875
2026-08-31T05:20:00-07:00,1,0.0,0.00018310546875
2026-08-31T05:20:00-07:00,2,75.0,47.45220947265625
2026-08-31T05:20:00-07:00,3,75.0,47.45220947265625
2026-08-31T05:21:00-07:00,0,0.0,0.00018310546875
2026-08-31T05:21:00-07:00,1,0.0,0.00018310546875
2026-08-31T05:21:00-07:00,2,100.0,47.45220947265625
2026-08-31T05:21:00-07:00,3,100.0,47.45220947265625
2026-08-31T05:22:00-07:00,0,0.0,0.00018310546875
2026-08-31T05:22:00-07:00,1,0.0,0.00018310546875
2026-08-31T05:22:00-07:00,2,100.0,47.45220947265625
2026-08-31T05:22:00-07:00,3,100.0,47.45220947265625
2026-08-31T05:23:00-07:00,0,0.0,0.00018310546875
2026-08-31T05:23:00-07:00,1,0.0,0.00018310546875
2026-08-31T05:23:00-07:00,2,99.5,47.45220947265625
2026-08-31T05:23:00-07:00,3,76.0,47.45220947265625
2026-08-31T05:24:00-07:00,0,0.0,0.00018310546875
2026-08-31T05:24:00-07:00,1,0.0,0.00018310546875
2026-08-31T05:24:00-07:00,2,75.0,47.45220947265625
2026-08-31T05:24:00-07:00,3,99.75,47.45220947265625
2026-08-31T05:25:00-07:00,0,0.0,0.00018310546875
2026-08-31T05:25:00-07:00,1,0.0,0.00018310546875
2026-08-31T05:25:00-07:00,2,100.0,47.45220947265625
2026-08-31T05:25:00-07:00,3,99.75,47.45220947265625
2026-08-31T05:26:00-07:00,0,0.0,0.00018310546875
2026-08-31T05:26:00-07:00,1,0.0,0.00018310546875
2026-08-31T05:26:00-07:00,2,100.0,47.45220947265625
2026-08-31T05:26:00-07:00,3,100.0,47.45220947265625
2026-08-31T05:27:00-07:00,0,0.0,0.00018310546875
2026-08-31T05:27:00-07:00,1,0.0,0.00018310546875
2026-08-31T05:27:00-07:00,2,99.25,47.45220947265625
2026-08-31T05:27:00-07:00,3,100.0,47.45220947265625
2026-08-31T05:28:00-07:00,0,0.0,0.00018310546875
2026-08-31T05:28:00-07:00,1,0.0,0.00018310546875
2026-08-31T05:28:00-07:00,2,99.5,47.45220947265625
2026-08-31T05:28:00-07:00,3,99.75,47.45220947265625
2026-08-31T05:29:00-07:00,0,0.0,0.00018310546875
2026-08-31T05:29:00-07:00,1,0.0,0.00018310546875
2026-08-31T05:29:00-07:00,2,75.25,47.45220947265625
2026-08-31T05:29:00-07:00,3,74.5,47.45220947265625
2026-08-31T05:30:00-07:00,0,0.0,0.00018310546875
2026-08-31T05:30:00-07:00,1,0.0,0.00018310546875
2026-08-31T05:30:00-07:00,2,100.0,47.45220947265625
2026-08-31T05:30:00-07:00,3,100.0,47.45220947265625
2026-08-31T05:31:00-07:00,0,0.0,0.00018310546875
2026-08-31T05:31:00-07:00,1,0.0,0.00018310546875
2026-08-31T05:31:00-07:00,2,99.625,47.45220947265625
2026-08-31T05:31:00-07:00,3,100.0,47.45220947265625
2026-08-31T05:32:00-07:00,0,0.0,0.00018310546875
2026-08-31T05:32:00-07:00,1,0.0,0.00018310546875
2026-08-31T05:32:00-07:00,2,99.0,47.45220947265625
2026-08-31T05:32:00-07:00,3,75.75,47.45220947265625
2026-08-31T05:33:00-07:00,0,0.0,0.00018310546875
2026-08-31T05:33:00-07:00,1,0.0,0.00018310546875
2026-08-31T05:33:00-07:00,2,75.0,47.45220947265625
2026-08-31T05:33:00-07:00,3,99.375,47.45220947265625
2026-08-31T05:34:00-07:00,0,0.0,0.00018310546875
2026-08-31T05:34:00-07:00,1,0.0,0.00018310546875
2026-08-31T05:34:00-07:00,2,100.0,47.45220947265625
2026-08-31T05:34:00-07:00,3,99.875,47.45220947265625
2026-08-31T05:35:00-07:00,0,0.0,0.00018310546875
2026-08-31T05:35:00-07:00,1,0.0,0.00018310546875
2026-08-31T05:35:00-07:00,2,100.0,47.45220947265625
2026-08-31T05:35:00-07:00,3,100.0,47.45220947265625
2026-08-31T05:36:00-07:00,0,0.0,0.00018310546875
2026-08-31T05:36:00-07:00,1,0.0,0.00018310546875
2026-08-31T05:36:00-07:00,2,76.25,47.45220947265625
2026-08-31T05:36:00-07:00,3,100.0,47.45220947265625
2026-08-31T05:37:00-07:00,0,0.0,0.00018310546875
2026-08-31T05:37:00-07:00,1,0.0,0.00018310546875
2026-08-31T05:37:00-07:00,2,99.5,47.45220947265625
2026-08-31T05:37:00-07:00,3,99.75,47.45220947265625
2026-08-31T05:38:00-07:00,0,0.0,0.00018310546875
2026-08-31T05:38:00-07:00,1,0.0,0.00018310546875
2026-08-31T05:38:00-07:00,2,93.25,47.45220947265625
2026-08-31T05:38:00-07:00,3,75.0,47.45220947265625
2026-08-31T05:39:00-07:00,0,0.0,0.00018310546875
2026-08-31T05:39:00-07:00,1,0.0,0.00018310546875
2026-08-31T05:39:00-07:00,2,100.0,47.45220947265625
2026-08-31T05:39:00-07:00,3,100.0,47.45220947265625
2026-08-31T05:40:00-07:00,0,0.0,0.00018310546875
2026-08-31T05:40:00-07:00,1,0.0,0.00018310546875
2026-08-31T05:40:00-07:00,2,99.875,47.45220947265625
2026-08-31T05:40:00-07:00,3,99.875,47.45220947265625
2026-08-31T05:41:00-07:00,0,0.0,0.00018310546875
2026-08-31T05:41:00-07:00,1,0.0,0.00018310546875
2026-08-31T05:41:00-07:00,2,100.0,47.45220947265625
2026-08-31T05:41:00-07:00,3,77.0,47.45220947265625
2026-08-31T05:42:00-07:00,0,0.0,0.00018310546875
2026-08-31T05:42:00-07:00,1,0.0,0.00018310546875
2026-08-31T05:42:00-07:00,2,99.25,47.45220947265625
2026-08-31T05:42:00-07:00,3,99.5,47.45220947265625
2026-08-31T05:43:00-07:00,0,0.0,0.00018310546875
2026-08-31T05:43:00-07:00,1,0.0,0.00018310546875
2026-08-31T05:43:00-07:00,2,75.0,47.45220947265625
2026-08-31T05:43:00-07:00,3,99.25,47.45220947265625
2026-08-31T05:44:00-07:00,0,0.0,0.00018310546875
2026-08-31T05:44:00-07:00,1,0.0,0.00018310546875
2026-08-31T05:44:00-07:00,2,99.625,47.45220947265625
2026-08-31T05:44:00-07:00,3,99.25,47.45220947265625
2026-08-31T05:45:00-07:00,0,0.0,0.00018310546875
2026-08-31T05:45:00-07:00,1,0.0,0.00018310546875
2026-08-31T05:45:00-07:00,2,99.75,47.45220947265625
2026-08-31T05:45:00-07:00,3,100.0,47.45220947265625
2026-08-31T05:46:00-07:00,0,0.0,0.00018310546875
2026-08-31T05:46:00-07:00,1,0.0,0.00018310546875
2026-08-31T05:46:00-07:00,2,99.25,47.45220947265625
2026-08-31T05:46:00-07:00,3,99.375,47.45220947265625
2026-08-31T05:47:00-07:00,0,0.0,0.00018310546875
2026-08-31T05:47:00-07:00,1,0.0,0.00018310546875
2026-08-31T05:47:00-07:00,2,74.75,47.45220947265625
2026-08-31T05:47:00-07:00,3,99.75,47.45220947265625
2026-08-31T05:48:00-07:00,0,0.0,0.00018310546875
2026-08-31T05:48:00-07:00,1,0.0,0.00018310546875
2026-08-31T05:48:00-07:00,2,99.75,47.45220947265625
2026-08-31T05:48:00-07:00,3,74.25,47.45220947265625
2026-08-31T05:49:00-07:00,0,0.0,0.00018310546875
2026-08-31T05:49:00-07:00,1,0.0,0.00018310546875
2026-08-31T05:49:00-07:00,2,100.0,47.45220947265625
2026-08-31T05:49:00-07:00,3,100.0,47.45220947265625
2026-08-31T05:50:00-07:00,0,0.0,0.00018310546875
2026-08-31T05:50:00-07:00,1,0.0,0.00018310546875
2026-08-31T05:50:00-07:00,2,100.0,47.45220947265625
2026-08-31T05:50:00-07:00,3,100.0,47.45220947265625
2026-08-31T05:51:00-07:00,0,0.0,0.00018310546875
2026-08-31T05:51:00-07:00,1,0.0,0.00018310546875
2026-08-31T05:51:00-07:00,2,99.75,47.45220947265625
2026-08-31T05:51:00-07:00,3,99.5,47.45220947265625
2026-08-31T05:52:00-07:00,0,0.0,0.00018310546875
2026-08-31T05:52:00-07:00,1,0.0,0.00018310546875
2026-08-31T05:52:00-07:00,2,75.0,47.45220947265625
2026-08-31T05:52:00-07:00,3,100.0,47.45220947265625
2026-08-31T05:53:00-07:00,0,0.0,0.00018310546875
2026-08-31T05:53:00-07:00,1,0.0,0.00018310546875
2026-08-31T05:53:00-07:00,2,100.0,47.45220947265625
2026-08-31T05:53:00-07:00,3,100.0,47.45220947265625
2026-08-31T05:54:00-07:00,0,0.0,0.00018310546875
2026-08-31T05:54:00-07:00,1,0.0,0.00018310546875
2026-08-31T05:54:00-07:00,2,100.0,47.45220947265625
2026-08-31T05:54:00-07:00,3,99.75,47.45220947265625
2026-08-31T05:55:00-07:00,0,0.0,0.00018310546875
2026-08-31T05:55:00-07:00,1,0.0,0.00018310546875
2026-08-31T05:55:00-07:00,2,99.75,47.45220947265625
2026-08-31T05:55:00-07:00,3,99.75,47.45220947265625
2026-08-31T05:56:00-07:00,0,0.0,0.00018310546875
2026-08-31T05:56:00-07:00,1,0.0,0.00018310546875
2026-08-31T05:56:00-07:00,2,74.25,47.45220947265625
2026-08-31T05:56:00-07:00,3,100.0,47.45220947265625
2026-08-31T05:57:00-07:00,0,0.0,0.00018310546875
2026-08-31T05:57:00-07:00,1,0.0,0.00018310546875
2026-08-31T05:57:00-07:00,2,99.75,47.45220947265625
2026-08-31T05:57:00-07:00,3,75.0,47.45220947265625
2026-08-31T05:58:00-07:00,0,0.0,0.00018310546875
2026-08-31T05:58:00-07:00,1,0.0,0.00018310546875
2026-08-31T05:58:00-07:00,2,100.0,47.45220947265625
2026-08-31T05:58:00-07:00,3,99.75,47.45220947265625
2026-08-31T05:59:00-07:00,0,0.0,0.00018310546875
2026-08-31T05:59:00-07:00,1,0.0,0.00018310546875
2026-08-31T05:59:00-07:00,2,99.75,47.45220947265625
2026-08-31T05:59:00-07:00,3,100.0,47.45220947265625
2026-08-31T06:00:00-07:00,0,0.0,0.00018310546875
2026-08-31T06:00:00-07:00,1,0.0,0.00018310546875
2026-08-31T06:00:00-07:00,2,99.75,47.45220947265625
2026-08-31T06:00:00-07:00,3,75.25,47.45220947265625
2026-08-31T06:01:00-07:00,0,0.0,0.00018310546875
2026-08-31T06:01:00-07:00,1,0.0,0.00018310546875
2026-08-31T06:01:00-07:00,2,75.0,47.45220947265625
2026-08-31T06:01:00-07:00,3,99.75,47.45220947265625
2026-08-31T06:02:00-07:00,0,0.0,0.00018310546875
2026-08-31T06:02:00-07:00,1,0.0,0.00018310546875
2026-08-31T06:02:00-07:00,2,100.0,47.45220947265625
2026-08-31T06:02:00-07:00,3,100.0,47.45220947265625
2026-08-31T06:03:00-07:00,0,0.0,0.00018310546875
2026-08-31T06:03:00-07:00,1,0.0,0.00018310546875
2026-08-31T06:03:00-07:00,2,100.0,47.45220947265625
2026-08-31T06:03:00-07:00,3,100.0,47.45220947265625
2026-08-31T06:04:00-07:00,0,0.0,0.00018310546875
2026-08-31T06:04:00-07:00,1,0.0,0.00018310546875
2026-08-31T06:04:00-07:00,2,75.875,47.45220947265625
2026-08-31T06:04:00-07:00,3,99.75,47.45220947265625
2026-08-31T06:05:00-07:00,0,0.0,0.00018310546875
2026-08-31T06:05:00-07:00,1,0.0,0.00018310546875
2026-08-31T06:05:00-07:00,2,99.75,47.45220947265625
2026-08-31T06:05:00-07:00,3,99.625,47.45220947265625
2026-08-31T06:06:00-07:00,0,0.0,0.00018310546875
2026-08-31T06:06:00-07:00,1,0.0,0.00018310546875
2026-08-31T06:06:00-07:00,2,74.875,47.45220947265625
2026-08-31T06:06:00-07:00,3,75.0,47.45220947265625
2026-08-31T06:07:00-07:00,0,0.0,0.00018310546875
2026-08-31T06:07:00-07:00,1,0.0,0.00018310546875
2026-08-31T06:07:00-07:00,2,100.0,47.45220947265625
2026-08-31T06:07:00-07:00,3,100.0,47.45220947265625
2026-08-31T06:08:00-07:00,0,0.0,0.00018310546875
2026-08-31T06:08:00-07:00,1,0.0,0.00018310546875
2026-08-31T06:08:00-07:00,2,100.0,47.45220947265625
2026-08-31T06:08:00-07:00,3,99.75,47.45220947265625
2026-08-31T06:09:00-07:00,0,0.0,0.00018310546875
2026-08-31T06:09:00-07:00,1,0.0,0.00018310546875
2026-08-31T06:09:00-07:00,2,99.25,47.45220947265625
2026-08-31T06:09:00-07:00,3,99.75,47.45220947265625
2026-08-31T06:10:00-07:00,0,0.0,0.00018310546875
2026-08-31T06:10:00-07:00,1,0.0,0.00018310546875
2026-08-31T06:10:00-07:00,2,74.75,47.45220947265625
2026-08-31T06:10:00-07:00,3,99.125,47.45220947265625
2026-08-31T06:11:00-07:00,0,0.0,0.00018310546875
2026-08-31T06:11:00-07:00,1,0.0,0.00018310546875
2026-08-31T06:11:00-07:00,2,99.5,47.45220947265625
2026-08-31T06:11:00-07:00,3,99.75,47.45220947265625
2026-08-31T06:12:00-07:00,0,0.0,0.00018310546875
2026-08-31T06:12:00-07:00,1,0.0,0.00018310546875
2026-08-31T06:12:00-07:00,2,100.0,47.45220947265625
2026-08-31T06:12:00-07:00,3,100.0,47.45220947265625
2026-08-31T06:13:00-07:00,0,0.0,0.00018310546875
2026-08-31T06:13:00-07:00,1,0.0,0.00018310546875
2026-08-31T06:13:00-07:00,2,76.25,47.45220947265625
2026-08-31T06:13:00-07:00,3,100.0,47.45220947265625
2026-08-31T06:14:00-07:00,0,0.0,0.00018310546875
2026-08-31T06:14:00-07:00,1,0.0,0.00018310546875
2026-08-31T06:14:00-07:00,2,99.25,47.45220947265625
2026-08-31T06:14:00-07:00,3,99.25,47.45220947265625
2026-08-31T06:15:00-07:00,0,0.0,0.00018310546875
2026-08-31T06:15:00-07:00,1,0.0,0.00018310546875
2026-08-31T06:15:00-07:00,2,99.75,47.45220947265625
2026-08-31T06:15:00-07:00,3,74.5,47.45220947265625
2026-08-31T06:16:00-07:00,0,0.0,0.00018310546875
2026-08-31T06:16:00-07:00,1,0.0,0.00018310546875
2026-08-31T06:16:00-07:00,2,100.0,47.45220947265625
2026-08-31T06:16:00-07:00,3,99.875,47.45220947265625
2026-08-31T06:17:00-07:00,0,0.0,0.00018310546875
2026-08-31T06:17:00-07:00,1,0.0,0.00018310546875
2026-08-31T06:17:00-07:00,2,100.0,47.45220947265625
2026-08-31T06:17:00-07:00,3,100.0,47.45220947265625
2026-08-31T06:18:00-07:00,0,0.0,0.00018310546875
2026-08-31T06:18:00-07:00,1,0.0,0.00018310546875
2026-08-31T06:18:00-07:00,2,99.5,47.45220947265625
2026-08-31T06:18:00-07:00,3,100.0,47.45220947265625
2026-08-31T06:19:00-07:00,0,0.0,0.00018310546875
2026-08-31T06:19:00-07:00,1,0.0,0.00018310546875
2026-08-31T06:19:00-07:00,2,99.75,47.45220947265625
2026-08-31T06:19:00-07:00,3,98.875,47.45220947265625
2026-08-31T06:20:00-07:00,0,0.0,0.00018310546875
2026-08-31T06:20:00-07:00,1,0.0,0.00018310546875
2026-08-31T06:20:00-07:00,2,72.25,47.45220947265625
2026-08-31T06:20:00-07:00,3,74.75,47.45220947265625
2026-08-31T06:21:00-07:00,0,0.0,0.00018310546875
2026-08-31T06:21:00-07:00,1,0.0,0.00018310546875
2026-08-31T06:21:00-07:00,2,99.75,47.45220947265625
2026-08-31T06:21:00-07:00,3,99.75,47.45220947265625
2026-08-31T06:22:00-07:00,0,0.0,0.00018310546875
2026-08-31T06:22:00-07:00,1,0.0,0.00018310546875
2026-08-31T06:22:00-07:00,2,98.75,47.45220947265625
2026-08-31T06:22:00-07:00,3,100.0,47.45220947265625
2026-08-31T06:23:00-07:00,0,0.0,0.00018310546875
2026-08-31T06:23:00-07:00,1,0.0,0.00018310546875
2026-08-31T06:23:00-07:00,2,99.75,47.45220947265625
2026-08-31T06:23:00-07:00,3,99.75,47.45220947265625
2026-08-31T06:24:00-07:00,0,0.0,0.00018310546875
2026-08-31T06:24:00-07:00,1,0.0,0.00018310546875
2026-08-31T06:24:00-07:00,2,74.75,47.45220947265625
2026-08-31T06:24:00-07:00,3,99.75,47.45220947265625
2026-08-31T06:25:00-07:00,0,0.0,0.00018310546875
2026-08-31T06:25:00-07:00,1,0.0,0.00018310546875
2026-08-31T06:25:00-07:00,2,99.875,47.45220947265625
2026-08-31T06:25:00-07:00,3,74.875,47.45220947265625
2026-08-31T06:26:00-07:00,0,0.0,0.00018310546875
2026-08-31T06:26:00-07:00,1,0.0,0.00018310546875
2026-08-31T06:26:00-07:00,2,100.0,47.45220947265625
2026-08-31T06:26:00-07:00,3,99.5,47.45220947265625
2026-08-31T06:27:00-07:00,0,0.0,0.00018310546875
2026-08-31T06:27:00-07:00,1,0.0,0.00018310546875
2026-08-31T06:27:00-07:00,2,99.75,47.45220947265625
2026-08-31T06:27:00-07:00,3,100.0,47.45220947265625
2026-08-31T06:28:00-07:00,0,0.0,0.00018310546875
2026-08-31T06:28:00-07:00,1,0.0,0.00018310546875
2026-08-31T06:28:00-07:00,2,99.0,47.45220947265625
2026-08-31T06:28:00-07:00,3,99.5,47.45220947265625
2026-08-31T06:29:00-07:00,0,0.0,0.00018310546875
2026-08-31T06:29:00-07:00,1,0.0,0.00018310546875
2026-08-31T06:29:00-07:00,2,74.625,47.45220947265625
2026-08-31T06:29:00-07:00,3,100.0,47.45220947265625
2026-08-31T06:30:00-07:00,0,0.0,0.00018310546875
2026-08-31T06:30:00-07:00,1,0.0,0.00018310546875
2026-08-31T06:30:00-07:00,2,99.625,47.45220947265625
2026-08-31T06:30:00-07:00,3,99.375,47.45220947265625
2026-08-31T06:31:00-07:00,0,0.0,0.00018310546875
2026-08-31T06:31:00-07:00,1,0.0,0.00018310546875
2026-08-31T06:31:00-07:00,2,99.75,47.45220947265625
2026-08-31T06:31:00-07:00,3,99.75,47.45220947265625
2026-08-31T06:32:00-07:00,0,0.0,0.00018310546875
2026-08-31T06:32:00-07:00,1,0.0,0.00018310546875
2026-08-31T06:32:00-07:00,2,99.75,47.45220947265625
2026-08-31T06:32:00-07:00,3,99.5,47.45220947265625
2026-08-31T06:33:00-07:00,0,0.0,0.00018310546875
2026-08-31T06:33:00-07:00,1,0.0,0.00018310546875
2026-08-31T06:33:00-07:00,2,74.5,47.45220947265625
2026-08-31T06:33:00-07:00,3,100.0,47.45220947265625
2026-08-31T06:34:00-07:00,0,0.0,0.00018310546875
2026-08-31T06:34:00-07:00,1,0.0,0.00018310546875
2026-08-31T06:34:00-07:00,2,100.0,47.45220947265625
2026-08-31T06:34:00-07:00,3,73.0,47.45220947265625
2026-08-31T06:35:00-07:00,0,0.0,0.00018310546875
2026-08-31T06:35:00-07:00,1,0.0,0.00018310546875
2026-08-31T06:35:00-07:00,2,99.75,47.45220947265625
2026-08-31T06:35:00-07:00,3,100.0,47.45220947265625
2026-08-31T06:36:00-07:00,0,0.0,0.00018310546875
2026-08-31T06:36:00-07:00,1,0.0,0.00018310546875
2026-08-31T06:36:00-07:00,2,99.75,47.45220947265625
2026-08-31T06:36:00-07:00,3,99.875,47.45220947265625
2026-08-31T06:37:00-07:00,0,0.0,0.00018310546875
2026-08-31T06:37:00-07:00,1,0.0,0.00018310546875
2026-08-31T06:37:00-07:00,2,99.25,47.45220947265625
2026-08-31T06:37:00-07:00,3,99.75,47.45220947265625
2026-08-31T06:38:00-07:00,0,0.0,0.00018310546875
2026-08-31T06:38:00-07:00,1,0.0,0.00018310546875
2026-08-31T06:38:00-07:00,2,74.5,47.45220947265625
2026-08-31T06:38:00-07:00,3,74.75,47.45220947265625
2026-08-31T06:39:00-07:00,0,0.0,0.00018310546875
2026-08-31T06:39:00-07:00,1,0.0,0.00018310546875
2026-08-31T06:39:00-07:00,2,99.5,47.45220947265625
2026-08-31T06:39:00-07:00,3,100.0,47.45220947265625
2026-08-31T06:40:00-07:00,0,0.0,0.00018310546875
2026-08-31T06:40:00-07:00,1,0.0,0.00018310546875
2026-08-31T06:40:00-07:00,2,100.0,47.45220947265625
2026-08-31T06:40:00-07:00,3,99.875,47.45220947265625
2026-08-31T06:41:00-07:00,0,0.0,0.00018310546875
2026-08-31T06:41:00-07:00,1,0.0,0.00018310546875
2026-08-31T06:41:00-07:00,2,75.875,47.45220947265625
2026-08-31T06:41:00-07:00,3,99.75,47.45220947265625
2026-08-31T06:42:00-07:00,0,0.0,0.00018310546875
2026-08-31T06:42:00-07:00,1,0.0,0.00018310546875
2026-08-31T06:42:00-07:00,2,99.5,47.45220947265625
2026-08-31T06:42:00-07:00,3,99.75,47.45220947265625
2026-08-31T06:43:00-07:00,0,0.0,0.00018310546875
2026-08-31T06:43:00-07:00,1,0.0,0.00018310546875
2026-08-31T06:43:00-07:00,2,75.5,47.45220947265625
2026-08-31T06:43:00-07:00,3,75.0,47.45220947265625
2026-08-31T06:44:00-07:00,0,0.0,0.00018310546875
2026-08-31T06:44:00-07:00,1,0.0,0.00018310546875
2026-08-31T06:44:00-07:00,2,100.0,47.45220947265625
2026-08-31T06:44:00-07:00,3,100.0,47.45220947265625
2026-08-31T06:45:00-07:00,0,0.0,0.00018310546875
2026-08-31T06:45:00-07:00,1,0.0,0.00018310546875
2026-08-31T06:45:00-07:00,2,100.0,47.45220947265625
2026-08-31T06:45:00-07:00,3,100.0,47.45220947265625
2026-08-31T06:46:00-07:00,0,0.0,0.00018310546875
2026-08-31T06:46:00-07:00,1,0.0,0.00018310546875
2026-08-31T06:46:00-07:00,2,99.5,47.45220947265625
2026-08-31T06:46:00-07:00,3,99.5,47.45220947265625
2026-08-31T06:47:00-07:00,0,0.0,0.00018310546875
2026-08-31T06:47:00-07:00,1,0.0,0.00018310546875
2026-08-31T06:47:00-07:00,2,74.75,47.45220947265625
2026-08-31T06:47:00-07:00,3,92.75,47.45220947265625
2026-08-31T06:48:00-07:00,0,0.0,0.00018310546875
2026-08-31T06:48:00-07:00,1,0.0,0.00018310546875
2026-08-31T06:48:00-07:00,2,100.0,47.45220947265625
2026-08-31T06:48:00-07:00,3,75.0,47.45220947265625
2026-08-31T06:49:00-07:00,0,0.0,0.00018310546875
2026-08-31T06:49:00-07:00,1,0.0,0.00018310546875
2026-08-31T06:49:00-07:00,2,99.75,47.45220947265625
2026-08-31T06:49:00-07:00,3,100.0,47.45220947265625
2026-08-31T06:50:00-07:00,0,0.0,0.00018310546875
2026-08-31T06:50:00-07:00,1,0.0,0.00018310546875
2026-08-31T06:50:00-07:00,2,99.625,47.45220947265625
2026-08-31T06:50:00-07:00,3,100.0,47.45220947265625
2026-08-31T06:51:00-07:00,0,0.0,0.00018310546875
2026-08-31T06:51:00-07:00,1,0.0,0.00018310546875
2026-08-31T06:51:00-07:00,2,99.75,47.45220947265625
2026-08-31T06:51:00-07:00,3,99.5,47.45220947265625
2026-08-31T06:52:00-07:00,0,0.0,0.00018310546875
2026-08-31T06:52:00-07:00,1,0.0,0.00018310546875
2026-08-31T06:52:00-07:00,2,74.5,47.45220947265625
2026-08-31T06:52:00-07:00,3,74.75,47.45220947265625
2026-08-31T06:53:00-07:00,0,0.0,0.00018310546875
2026-08-31T06:53:00-07:00,1,0.0,0.00018310546875
2026-08-31T06:53:00-07:00,2,99.5,47.45220947265625
2026-08-31T06:53:00-07:00,3,100.0,47.45220947265625
2026-08-31T06:54:00-07:00,0,0.0,0.00018310546875
2026-08-31T06:54:00-07:00,1,0.0,0.00018310546875
2026-08-31T06:54:00-07:00,2,99.75,47.45220947265625
2026-08-31T06:54:00-07:00,3,99.75,47.45220947265625
2026-08-31T06:55:00-07:00,0,0.0,0.00018310546875
2026-08-31T06:55:00-07:00,1,0.0,0.00018310546875
2026-08-31T06:55:00-07:00,2,99.75,47.45220947265625
2026-08-31T06:55:00-07:00,3,99.75,47.45220947265625
2026-08-31T06:56:00-07:00,0,0.0,0.00018310546875
2026-08-31T06:56:00-07:00,1,0.0,0.00018310546875
2026-08-31T06:56:00-07:00,2,99.75,47.45220947265625
2026-08-31T06:56:00-07:00,3,99.375,47.45220947265625
2026-08-31T06:57:00-07:00,0,0.0,0.00018310546875
2026-08-31T06:57:00-07:00,1,0.0,0.00018310546875
2026-08-31T06:57:00-07:00,2,73.75,47.45220947265625
2026-08-31T06:57:00-07:00,3,100.0,47.45220947265625
2026-08-31T06:58:00-07:00,0,0.0,0.00018310546875
2026-08-31T06:58:00-07:00,1,0.0,0.00018310546875
2026-08-31T06:58:00-07:00,2,99.75,47.45220947265625
2026-08-31T06:58:00-07:00,3,99.75,47.45220947265625
2026-08-31T06:59:00-07:00,0,0.0,0.00018310546875
2026-08-31T06:59:00-07:00,1,0.0,0.00018310546875
2026-08-31T06:59:00-07:00,2,100.0,47.45220947265625
2026-08-31T06:59:00-07:00,3,99.875,47.45220947265625
2026-08-31T07:00:00-07:00,0,0.0,0.00018310546875
2026-08-31T07:00:00-07:00,1,0.0,0.00018310546875
2026-08-31T07:00:00-07:00,2,99.25,47.45220947265625
2026-08-31T07:00:00-07:00,3,100.0,47.45220947265625
2026-08-31T07:01:00-07:00,0,0.0,0.00018310546875
2026-08-31T07:01:00-07:00,1,0.0,0.00018310546875
2026-08-31T07:01:00-07:00,2,74.5,47.45220947265625
2026-08-31T07:01:00-07:00,3,99.25,47.45220947265625
2026-08-31T07:02:00-07:00,0,0.0,0.00018310546875
2026-08-31T07:02:00-07:00,1,0.0,0.00018310546875
2026-08-31T07:02:00-07:00,2,99.75,47.45220947265625
2026-08-31T07:02:00-07:00,3,75.0,47.45220947265625
2026-08-31T07:03:00-07:00,0,0.0,0.00018310546875
2026-08-31T07:03:00-07:00,1,0.0,0.00018310546875
2026-08-31T07:03:00-07:00,2,99.75,47.45220947265625
2026-08-31T07:03:00-07:00,3,100.0,47.45220947265625
2026-08-31T07:04:00-07:00,0,0.0,0.00018310546875
2026-08-31T07:04:00-07:00,1,0.0,0.00018310546875
2026-08-31T07:04:00-07:00,2,100.0,47.45220947265625
2026-08-31T07:04:00-07:00,3,99.75,47.45220947265625
2026-08-31T07:05:00-07:00,0,0.0,0.00018310546875
2026-08-31T07:05:00-07:00,1,0.0,0.00018310546875
2026-08-31T07:05:00-07:00,2,99.25,47.45220947265625
2026-08-31T07:05:00-07:00,3,99.5,47.45220947265625
2026-08-31T07:06:00-07:00,0,0.0,0.00018310546875
2026-08-31T07:06:00-07:00,1,0.0,0.00018310546875
2026-08-31T07:06:00-07:00,2,71.25,47.45220947265625
2026-08-31T07:06:00-07:00,3,75.0,47.45220947265625
2026-08-31T07:07:00-07:00,0,0.0,0.00018310546875
2026-08-31T07:07:00-07:00,1,0.0,0.00018310546875
2026-08-31T07:07:00-07:00,2,100.0,47.45220947265625
2026-08-31T07:07:00-07:00,3,100.0,47.45220947265625
2026-08-31T07:08:00-07:00,0,0.0,0.00018310546875
2026-08-31T07:08:00-07:00,1,0.0,0.00018310546875
2026-08-31T07:08:00-07:00,2,99.5,47.45220947265625
2026-08-31T07:08:00-07:00,3,100.0,47.45220947265625
2026-08-31T07:09:00-07:00,0,0.0,0.00018310546875
2026-08-31T07:09:00-07:00,1,0.0,0.00018310546875
2026-08-31T07:09:00-07:00,2,100.0,47.45220947265625
2026-08-31T07:09:00-07:00,3,99.75,47.45220947265625
2026-08-31T07:10:00-07:00,0,0.0,0.00018310546875
2026-08-31T07:10:00-07:00,1,0.0,0.00018310546875
2026-08-31T07:10:00-07:00,2,99.5,47.45220947265625
2026-08-31T07:10:00-07:00,3,99.75,47.45220947265625
2026-08-31T07:11:00-07:00,0,0.0,0.00018310546875
2026-08-31T07:11:00-07:00,1,0.0,0.00018310546875
2026-08-31T07:11:00-07:00,2,74.875,47.45220947265625
2026-08-31T07:11:00-07:00,3,75.0,47.45220947265625
2026-08-31T07:12:00-07:00,0,0.0,0.00018310546875
2026-08-31T07:12:00-07:00,1,0.0,0.00018310546875
2026-08-31T07:12:00-07:00,2,99.75,47.45220947265625
2026-08-31T07:12:00-07:00,3,100.0,47.45220947265625
2026-08-31T07:13:00-07:00,0,0.0,0.00018310546875
2026-08-31T07:13:00-07:00,1,0.0,0.00018310546875
2026-08-31T07:13:00-07:00,2,100.0,47.45220947265625
2026-08-31T07:13:00-07:00,3,100.0,47.45220947265625
2026-08-31T07:14:00-07:00,0,0.0,0.00018310546875
2026-08-31T07:14:00-07:00,1,0.0,0.00018310546875
2026-08-31T07:14:00-07:00,2,100.0,47.45220947265625
2026-08-31T07:14:00-07:00,3,99.75,47.45220947265625
2026-08-31T07:15:00-07:00,0,0.0,0.00018310546875
2026-08-31T07:15:00-07:00,1,0.0,0.00018310546875
2026-08-31T07:15:00-07:00,2,74.5,47.45220947265625
2026-08-31T07:15:00-07:00,3,74.75,47.45220947265625
2026-08-31T07:16:00-07:00,0,0.0,0.00018310546875
2026-08-31T07:16:00-07:00,1,0.0,0.00018310546875
2026-08-31T07:16:00-07:00,2,99.75,47.45220947265625
2026-08-31T07:16:00-07:00,3,99.75,47.45220947265625
2026-08-31T07:17:00-07:00,0,0.0,0.00018310546875
2026-08-31T07:17:00-07:00,1,0.0,0.00018310546875
2026-08-31T07:17:00-07:00,2,99.0,47.45220947265625
2026-08-31T07:17:00-07:00,3,100.0,47.45220947265625
2026-08-31T07:18:00-07:00,0,0.0,0.00018310546875
2026-08-31T07:18:00-07:00,1,0.0,0.00018310546875
2026-08-31T07:18:00-07:00,2,99.5,47.45220947265625
2026-08-31T07:18:00-07:00,3,99.75,47.45220947265625
2026-08-31T07:19:00-07:00,0,0.0,0.00018310546875
2026-08-31T07:19:00-07:00,1,0.0,0.00018310546875
2026-08-31T07:19:00-07:00,2,98.5,47.45220947265625
2026-08-31T07:19:00-07:00,3,99.75,47.45220947265625
2026-08-31T07:20:00-07:00,0,0.0,0.00018310546875
2026-08-31T07:20:00-07:00,1,0.0,0.00018310546875
2026-08-31T07:20:00-07:00,2,74.5,47.45220947265625
2026-08-31T07:20:00-07:00,3,74.75,47.45220947265625
2026-08-31T07:21:00-07:00,0,0.0,0.00018310546875
2026-08-31T07:21:00-07:00,1,0.0,0.00018310546875
2026-08-31T07:21:00-07:00,2,99.0,47.45220947265625
2026-08-31T07:21:00-07:00,3,100.0,47.45220947265625
2026-08-31T07:22:00-07:00,0,0.0,0.00018310546875
2026-08-31T07:22:00-07:00,1,0.0,0.00018310546875
2026-08-31T07:22:00-07:00,2,100.0,47.45220947265625
2026-08-31T07:22:00-07:00,3,99.75,47.45220947265625
2026-08-31T07:23:00-07:00,0,0.0,0.00018310546875
2026-08-31T07:23:00-07:00,1,0.0,0.00018310546875
2026-08-31T07:23:00-07:00,2,99.25,47.45220947265625
2026-08-31T07:23:00-07:00,3,100.0,47.45220947265625
2026-08-31T07:24:00-07:00,0,0.0,0.00018310546875
2026-08-31T07:24:00-07:00,1,0.0,0.00018310546875
2026-08-31T07:24:00-07:00,2,100.0,47.45220947265625
2026-08-31T07:24:00-07:00,3,99.75,47.45220947265625
2026-08-31T07:25:00-07:00,0,0.0,0.00018310546875
2026-08-31T07:25:00-07:00,1,0.0,0.00018310546875
2026-08-31T07:25:00-07:00,2,74.625,47.45220947265625
2026-08-31T07:25:00-07:00,3,75.0,47.45220947265625
2026-08-31T07:26:00-07:00,0,0.0,0.00018310546875
2026-08-31T07:26:00-07:00,1,0.0,0.00018310546875
2026-08-31T07:26:00-07:00,2,100.0,47.45220947265625
2026-08-31T07:26:00-07:00,3,100.0,47.45220947265625
2026-08-31T07:27:00-07:00,0,0.0,0.00018310546875
2026-08-31T07:27:00-07:00,1,0.0,0.00018310546875
2026-08-31T07:27:00-07:00,2,99.75,47.45220947265625
2026-08-31T07:27:00-07:00,3,100.0,47.45220947265625
2026-08-31T07:28:00-07:00,0,0.0,0.00018310546875
2026-08-31T07:28:00-07:00,1,0.0,0.00018310546875
2026-08-31T07:28:00-07:00,2,99.25,47.45220947265625
2026-08-31T07:28:00-07:00,3,99.5,47.45220947265625
2026-08-31T07:29:00-07:00,0,0.0,0.00018310546875
2026-08-31T07:29:00-07:00,1,0.0,0.00018310546875
2026-08-31T07:29:00-07:00,2,75.0,47.45220947265625
2026-08-31T07:29:00-07:00,3,74.75,47.45220947265625
2026-08-31T07:30:00-07:00,0,0.0,0.00018310546875
2026-08-31T07:30:00-07:00,1,0.0,0.00018310546875
2026-08-31T07:30:00-07:00,2,100.0,47.45220947265625
2026-08-31T07:30:00-07:00,3,100.0,47.45220947265625
2026-08-31T07:31:00-07:00,0,0.0,0.00018310546875
2026-08-31T07:31:00-07:00,1,0.0,0.00018310546875
2026-08-31T07:31:00-07:00,2,100.0,47.45220947265625
2026-08-31T07:31:00-07:00,3,100.0,47.45220947265625
2026-08-31T07:32:00-07:00,0,0.0,0.00018310546875
2026-08-31T07:32:00-07:00,1,0.0,0.00018310546875
2026-08-31T07:32:00-07:00,2,100.0,47.45220947265625
2026-08-31T07:32:00-07:00,3,100.0,47.45220947265625
2026-08-31T07:33:00-07:00,0,0.0,0.00018310546875
2026-08-31T07:33:00-07:00,1,0.0,0.00018310546875
2026-08-31T07:33:00-07:00,2,99.5,47.45220947265625
2026-08-31T07:33:00-07:00,3,99.5,47.45220947265625
2026-08-31T07:34:00-07:00,0,0.0,0.00018310546875
2026-08-31T07:34:00-07:00,1,0.0,0.00018310546875
2026-08-31T07:34:00-07:00,2,75.0,47.45220947265625
2026-08-31T07:34:00-07:00,3,74.75,47.45220947265625
2026-08-31T07:35:00-07:00,0,0.0,0.00018310546875
2026-08-31T07:35:00-07:00,1,0.0,0.00018310546875
2026-08-31T07:35:00-07:00,2,100.0,47.45220947265625
2026-08-31T07:35:00-07:00,3,100.0,47.45220947265625
2026-08-31T07:36:00-07:00,0,0.0,0.00018310546875
2026-08-31T07:36:00-07:00,1,0.0,0.00018310546875
2026-08-31T07:36:00-07:00,2,99.75,47.45220947265625
2026-08-31T07:36:00-07:00,3,99.75,47.45220947265625
2026-08-31T07:37:00-07:00,0,0.0,0.00018310546875
2026-08-31T07:37:00-07:00,1,0.0,0.00018310546875
2026-08-31T07:37:00-07:00,2,99.75,47.45220947265625
2026-08-31T07:37:00-07:00,3,99.625,47.45220947265625
2026-08-31T07:38:00-07:00,0,0.0,0.00018310546875
2026-08-31T07:38:00-07:00,1,0.0,0.00018310546875
2026-08-31T07:38:00-07:00,2,100.0,47.45220947265625
2026-08-31T07:38:00-07:00,3,99.75,47.45220947265625
2026-08-31T07:39:00-07:00,0,0.0,0.00018310546875
2026-08-31T07:39:00-07:00,1,0.0,0.00018310546875
2026-08-31T07:39:00-07:00,2,50.0,47.45220947265625
2026-08-31T07:39:00-07:00,3,75.0,47.45220947265625
2026-08-31T07:40:00-07:00,0,0.0,0.00018310546875
2026-08-31T07:40:00-07:00,1,0.0,0.00018310546875
2026-08-31T07:40:00-07:00,2,99.5,47.45220947265625
2026-08-31T07:40:00-07:00,3,100.0,47.45220947265625
2026-08-31T07:41:00-07:00,0,0.0,0.00018310546875
2026-08-31T07:41:00-07:00,1,0.0,0.00018310546875
2026-08-31T07:41:00-07:00,2,100.0,47.45220947265625
2026-08-31T07:41:00-07:00,3,100.0,47.45220947265625
2026-08-31T07:42:00-07:00,0,0.0,0.00018310546875
2026-08-31T07:42:00-07:00,1,0.0,0.00018310546875
2026-08-31T07:42:00-07:00,2,96.25,47.45220947265625
2026-08-31T07:42:00-07:00,3,99.75,47.45220947265625
2026-08-31T07:43:00-07:00,0,0.0,0.00018310546875
2026-08-31T07:43:00-07:00,1,0.0,0.00018310546875
2026-08-31T07:43:00-07:00,2,74.625,47.45220947265625
2026-08-31T07:43:00-07:00,3,98.25,47.45220947265625
2026-08-31T07:44:00-07:00,0,0.0,0.00018310546875
2026-08-31T07:44:00-07:00,1,0.0,0.00018310546875
2026-08-31T07:44:00-07:00,2,74.75,47.45220947265625
2026-08-31T07:44:00-07:00,3,75.0,47.45220947265625
2026-08-31T07:45:00-07:00,0,0.0,0.00018310546875
2026-08-31T07:45:00-07:00,1,0.0,0.00018310546875
2026-08-31T07:45:00-07:00,2,99.75,47.45220947265625
2026-08-31T07:45:00-07:00,3,99.75,47.45220947265625
2026-08-31T07:46:00-07:00,0,0.0,0.00018310546875
2026-08-31T07:46:00-07:00,1,0.0,0.00018310546875
2026-08-31T07:46:00-07:00,2,76.0,47.45220947265625
2026-08-31T07:46:00-07:00,3,100.0,47.45220947265625
2026-08-31T07:47:00-07:00,0,0.0,0.00018310546875
2026-08-31T07:47:00-07:00,1,0.0,0.00018310546875
2026-08-31T07:47:00-07:00,2,100.0,47.45220947265625
2026-08-31T07:47:00-07:00,3,99.5,47.45220947265625
2026-08-31T07:48:00-07:00,0,0.0,0.00018310546875
2026-08-31T07:48:00-07:00,1,0.0,0.00018310546875
2026-08-31T07:48:00-07:00,2,74.25,47.45220947265625
2026-08-31T07:48:00-07:00,3,50.0,47.45220947265625
2026-08-31T07:49:00-07:00,0,0.0,0.00018310546875
2026-08-31T07:49:00-07:00,1,0.0,0.00018310546875
2026-08-31T07:49:00-07:00,2,99.75,47.45220947265625
2026-08-31T07:49:00-07:00,3,100.0,47.45220947265625
2026-08-31T07:50:00-07:00,0,0.0,0.00018310546875
2026-08-31T07:50:00-07:00,1,0.0,0.00018310546875
2026-08-31T07:50:00-07:00,2,87.33333333333334,47.45220947265625
2026-08-31T07:50:00-07:00,3,87.5,47.45220947265625
2026-08-31T10:16:00-07:00,0,94.5,17.8424072265625
2026-08-31T10:16:00-07:00,1,49.0,1.76470947265625
2026-08-31T10:16:00-07:00,2,49.0,1.76470947265625
2026-08-31T10:16:00-07:00,3,49.0,1.76470947265625
2026-08-31T10:17:00-07:00,0,93.75,40.8917236328125
2026-08-31T10:17:00-07:00,1,98.0,32.40338134765625
2026-08-31T10:17:00-07:00,2,100.0,32.40338134765625
2026-08-31T10:17:00-07:00,3,100.0,32.40338134765625
2026-08-31T10:18:00-07:00,0,100.0,48.4810791015625
2026-08-31T10:18:00-07:00,1,99.25,32.40924072265625
2026-08-31T10:18:00-07:00,2,99.5,32.40924072265625
2026-08-31T10:18:00-07:00,3,99.5,32.40924072265625
2026-08-31T10:19:00-07:00,0,97.0,48.4869384765625
2026-08-31T10:19:00-07:00,1,99.25,32.40924072265625
2026-08-31T10:19:00-07:00,2,99.5,32.40924072265625
2026-08-31T10:19:00-07:00,3,71.25,32.40924072265625
2026-08-31T10:20:00-07:00,0,100.0,48.4869384765625
2026-08-31T10:20:00-07:00,1,74.25,32.40924072265625
2026-08-31T10:20:00-07:00,2,74.5,32.40924072265625
2026-08-31T10:20:00-07:00,3,74.25,32.40924072265625
2026-08-31T10:21:00-07:00,0,100.0,48.4869384765625
2026-08-31T10:21:00-07:00,1,100.0,32.40924072265625
2026-08-31T10:21:00-07:00,2,100.0,32.40924072265625
2026-08-31T10:21:00-07:00,3,100.0,32.40924072265625
2026-08-31T10:22:00-07:00,0,71.0,48.4869384765625
2026-08-31T10:22:00-07:00,1,98.25,32.40924072265625
2026-08-31T10:22:00-07:00,2,74.75,32.40924072265625
2026-08-31T10:22:00-07:00,3,94.0,32.40924072265625
2026-08-31T10:23:00-07:00,0,99.5,48.4869384765625
2026-08-31T10:23:00-07:00,1,99.5,37.221527099609375
2026-08-31T10:23:00-07:00,2,87.75,32.40924072265625
2026-08-31T10:23:00-07:00,3,99.5,32.40924072265625
2026-08-31T10:24:00-07:00,0,74.5,48.4869384765625
2026-08-31T10:24:00-07:00,1,100.0,47.2603759765625
2026-08-31T10:24:00-07:00,2,99.5,38.0811767578125
2026-08-31T10:24:00-07:00,3,96.75,32.40924072265625
2026-08-31T10:25:00-07:00,0,99.5,48.4869384765625
2026-08-31T10:25:00-07:00,1,100.0,48.4869384765625
2026-08-31T10:25:00-07:00,2,100.0,50.8873291015625
2026-08-31T10:25:00-07:00,3,99.5,32.40924072265625
2026-08-31T10:26:00-07:00,0,99.5,48.4869384765625
2026-08-31T10:26:00-07:00,1,100.0,48.4869384765625
2026-08-31T10:26:00-07:00,2,100.0,51.2525634765625
2026-08-31T10:26:00-07:00,3,100.0,32.40924072265625
2026-08-31T10:27:00-07:00,0,99.25,48.4869384765625
2026-08-31T10:27:00-07:00,1,100.0,48.4869384765625
2026-08-31T10:27:00-07:00,2,99.75,51.2525634765625
2026-08-31T10:27:00-07:00,3,99.5,32.40924072265625
2026-08-31T10:28:00-07:00,0,100.0,48.992584228515625
2026-08-31T10:28:00-07:00,1,100.0,48.4869384765625
2026-08-31T10:28:00-07:00,2,100.0,51.2525634765625
2026-08-31T10:28:00-07:00,3,74.25,32.40924072265625
2026-08-31T10:29:00-07:00,0,74.75,50.178680419921875
2026-08-31T10:29:00-07:00,1,100.0,48.4869384765625
2026-08-31T10:29:00-07:00,2,100.0,51.2525634765625
2026-08-31T10:29:00-07:00,3,99.5,32.40924072265625
2026-08-31T10:30:00-07:00,0,100.0,51.099853515625
2026-08-31T10:30:00-07:00,1,100.0,48.4869384765625
2026-08-31T10:30:00-07:00,2,100.0,51.2525634765625
2026-08-31T10:30:00-07:00,3,100.0,32.40924072265625
2026-08-31T10:31:00-07:00,0,100.0,51.940185546875
2026-08-31T10:31:00-07:00,1,100.0,48.4869384765625
2026-08-31T10:31:00-07:00,2,100.0,51.2525634765625
2026-08-31T10:31:00-07:00,3,99.5,32.40924072265625
2026-08-31T10:32:00-07:00,0,100.0,50.20466613769531
2026-08-31T10:32:00-07:00,1,100.0,48.4869384765625
2026-08-31T10:32:00-07:00,2,100.0,51.2525634765625
2026-08-31T10:32:00-07:00,3,25.0,8.106338500976562
2026-08-31T10:33:00-07:00,0,99.5,48.992584228515625
2026-08-31T10:33:00-07:00,1,100.0,48.4869384765625
2026-08-31T10:33:00-07:00,2,100.0,51.2525634765625
2026-08-31T10:33:00-07:00,3,0.0,0.00537109375
2026-08-31T10:34:00-07:00,0,99.5,48.4869384765625
2026-08-31T10:34:00-07:00,1,100.0,48.4869384765625
2026-08-31T10:34:00-07:00,2,100.0,51.2525634765625
2026-08-31T10:34:00-07:00,3,0.0,0.00537109375
2026-08-31T10:35:00-07:00,0,75.0,50.71562194824219
2026-08-31T10:35:00-07:00,1,99.5,32.40924072265625
2026-08-31T10:35:00-07:00,2,100.0,51.2525634765625
2026-08-31T10:35:00-07:00,3,0.0,0.00537109375
2026-08-31T10:36:00-07:00,0,50.0,32.285003662109375
2026-08-31T10:36:00-07:00,1,98.0,32.40924072265625
2026-08-31T10:36:00-07:00,2,100.0,51.2525634765625
2026-08-31T10:36:00-07:00,3,3.0,1.511016845703125
2026-08-31T10:37:00-07:00,0,0.0,16.08306884765625
2026-08-31T10:37:00-07:00,1,0.0,0.00537109375
2026-08-31T10:37:00-07:00,2,100.0,51.2525634765625
2026-08-31T10:37:00-07:00,3,82.5,16.08306884765625
2026-08-31T10:39:00-07:00,0,75.0,44.5474853515625
2026-08-31T10:39:00-07:00,1,75.0,38.066314697265625
2026-08-31T10:39:00-07:00,2,75.0,55.38641357421875
2026-08-31T10:39:00-07:00,3,90.75,44.90301513671875
2026-08-31T10:40:00-07:00,0,99.75,49.4224853515625
2026-08-31T10:40:00-07:00,1,100.0,66.40057373046875
2026-08-31T10:40:00-07:00,2,100.0,82.69744873046875
2026-08-31T10:40:00-07:00,3,100.0,79.93182373046875
2026-08-31T10:41:00-07:00,0,6.25,28.044769287109375
2026-08-31T10:41:00-07:00,1,100.0,45.023345947265625
2026-08-31T10:41:00-07:00,2,99.5,62.021392822265625
2026-08-31T10:41:00-07:00,3,100.0,52.10792541503906
2026-08-31T10:42:00-07:00,0,90.5,47.6085205078125
2026-08-31T10:42:00-07:00,1,100.0,65.65946960449219
2026-08-31T10:42:00-07:00,2,100.0,82.48797607421875
2026-08-31T10:42:00-07:00,3,100.0,79.81024169921875
2026-08-31T10:43:00-07:00,0,93.75,47.6260986328125
2026-08-31T10:43:00-07:00,1,86.5,64.00831604003906
2026-08-31T10:43:00-07:00,2,100.0,83.34100341796875
2026-08-31T10:43:00-07:00,3,100.0,80.13934326171875
2026-08-31T10:44:00-07:00,0,96.25,47.5181884765625
2026-08-31T10:44:00-07:00,1,100.0,63.9757080078125
2026-08-31T10:44:00-07:00,2,100.0,82.95965576171875
2026-08-31T10:44:00-07:00,3,100.0,80.30487060546875
2026-08-31T10:45:00-07:00,0,0.0,23.949172973632812
2026-08-31T10:45:00-07:00,1,99.75,63.8282470703125
2026-08-31T10:45:00-07:00,2,99.75,82.90496826171875
2026-08-31T10:45:00-07:00,3,100.0,80.57537841796875
2026-08-31T10:46:00-07:00,0,0.0,16.08306884765625
2026-08-31T10:46:00-07:00,1,100.0,64.4117431640625
2026-08-31T10:46:00-07:00,2,100.0,82.97088623046875
2026-08-31T10:46:00-07:00,3,100.0,80.45574951171875
2026-08-31T10:47:00-07:00,0,0.0,16.08306884765625
2026-08-31T10:47:00-07:00,1,100.0,64.1163330078125
2026-08-31T10:47:00-07:00,2,99.75,83.01336669921875
2026-08-31T10:47:00-07:00,3,100.0,79.92205810546875
2026-08-31T10:48:00-07:00,0,0.0,16.08306884765625
2026-08-31T10:48:00-07:00,1,100.0,63.9757080078125
2026-08-31T10:48:00-07:00,2,100.0,82.70965576171875
2026-08-31T10:48:00-07:00,3,100.0,80.04949951171875
2026-08-31T10:49:00-07:00,0,0.0,16.08306884765625
2026-08-31T10:49:00-07:00,1,100.0,64.1710205078125
2026-08-31T10:49:00-07:00,2,100.0,82.70965576171875
2026-08-31T10:49:00-07:00,3,99.75,80.57537841796875
2026-08-31T10:50:00-07:00,0,0.0,16.08306884765625
2026-08-31T10:50:00-07:00,1,100.0,64.4976806640625
2026-08-31T10:50:00-07:00,2,100.0,82.92840576171875
2026-08-31T10:50:00-07:00,3,100.0,79.94403076171875
2026-08-31T10:51:00-07:00,0,0.0,16.08306884765625
2026-08-31T10:51:00-07:00,1,99.0,56.38255310058594
2026-08-31T10:51:00-07:00,2,100.0,51.2525634765625
2026-08-31T10:51:00-07:00,3,100.0,79.84686279296875
2026-08-31T10:52:00-07:00,0,0.0,16.08306884765625
2026-08-31T10:52:00-07:00,1,100.0,32.40924072265625
2026-08-31T10:52:00-07:00,2,99.5,51.2525634765625
2026-08-31T10:52:00-07:00,3,98.75,48.4869384765625
2026-08-31T10:53:00-07:00,0,0.0,16.08306884765625
2026-08-31T10:53:00-07:00,1,99.5,32.40924072265625
2026-08-31T10:53:00-07:00,2,99.5,51.2525634765625
2026-08-31T10:53:00-07:00,3,99.0,48.4869384765625
2026-08-31T10:54:00-07:00,0,1.75,16.835891723632812
2026-08-31T10:54:00-07:00,1,99.0,32.40924072265625
2026-08-31T10:54:00-07:00,2,99.25,51.2525634765625
2026-08-31T10:54:00-07:00,3,99.5,48.4869384765625
2026-08-31T10:55:00-07:00,0,0.25,41.1832275390625
2026-08-31T10:55:00-07:00,1,99.5,32.40924072265625
2026-08-31T10:55:00-07:00,2,99.5,51.2525634765625
2026-08-31T10:55:00-07:00,3,100.0,48.4869384765625
2026-08-31T10:56:00-07:00,0,95.5,60.1978759765625
2026-08-31T10:56:00-07:00,1,99.5,32.40924072265625
2026-08-31T10:56:00-07:00,2,100.0,51.2525634765625
2026-08-31T10:56:00-07:00,3,99.5,48.4869384765625
2026-08-31T10:57:00-07:00,0,95.0,60.1988525390625
2026-08-31T10:57:00-07:00,1,100.0,32.40924072265625
2026-08-31T10:57:00-07:00,2,92.75,51.2525634765625
2026-08-31T10:57:00-07:00,3,99.5,48.4869384765625
2026-08-31T10:58:00-07:00,0,95.75,60.1998291015625
2026-08-31T10:58:00-07:00,1,99.5,33.362152099609375
2026-08-31T10:58:00-07:00,2,99.0,51.2525634765625
2026-08-31T10:58:00-07:00,3,99.5,48.4869384765625
2026-08-31T10:59:00-07:00,0,95.5,60.1998291015625
2026-08-31T10:59:00-07:00,1,99.5,32.40924072265625
2026-08-31T10:59:00-07:00,2,75.25,51.2525634765625
2026-08-31T10:59:00-07:00,3,99.5,48.4869384765625
2026-08-31T11:00:00-07:00,0,93.0,60.1998291015625
2026-08-31T11:00:00-07:00,1,99.5,35.04243469238281
2026-08-31T11:00:00-07:00,2,100.0,51.2525634765625
2026-08-31T11:00:00-07:00,3,100.0,48.4869384765625
2026-08-31T11:01:00-07:00,0,89.75,60.1998291015625
2026-08-31T11:01:00-07:00,1,77.5,64.9996337890625
2026-08-31T11:01:00-07:00,2,75.0,51.2525634765625
2026-08-31T11:01:00-07:00,3,99.5,48.4869384765625
2026-08-31T11:02:00-07:00,0,95.5,60.1998291015625
2026-08-31T11:02:00-07:00,1,100.0,91.5543212890625
2026-08-31T11:02:00-07:00,2,99.5,51.2525634765625
2026-08-31T11:02:00-07:00,3,74.5,48.4869384765625
2026-08-31T11:03:00-07:00,0,93.75,60.1998291015625
2026-08-31T11:03:00-07:00,1,100.0,91.5552978515625
2026-08-31T11:03:00-07:00,2,92.5,51.2525634765625
2026-08-31T11:03:00-07:00,3,75.0,48.4869384765625
2026-08-31T11:04:00-07:00,0,96.5,60.1998291015625
2026-08-31T11:04:00-07:00,1,100.0,91.5552978515625
2026-08-31T11:04:00-07:00,2,99.5,51.2525634765625
2026-08-31T11:04:00-07:00,3,100.0,48.4869384765625
2026-08-31T11:05:00-07:00,0,96.0,60.1998291015625
2026-08-31T11:05:00-07:00,1,100.0,91.5552978515625
2026-08-31T11:05:00-07:00,2,100.0,51.2525634765625
2026-08-31T11:05:00-07:00,3,99.5,48.4869384765625
2026-08-31T11:06:00-07:00,0,97.75,60.1998291015625
2026-08-31T11:06:00-07:00,1,100.0,91.5552978515625
2026-08-31T11:06:00-07:00,2,99.5,51.2525634765625
2026-08-31T11:06:00-07:00,3,99.5,48.4869384765625
2026-08-31T11:07:00-07:00,0,99.25,60.1998291015625
2026-08-31T11:07:00-07:00,1,100.0,91.5552978515625
2026-08-31T11:07:00-07:00,2,84.25,51.2525634765625
2026-08-31T11:07:00-07:00,3,99.5,48.4869384765625
2026-08-31T11:08:00-07:00,0,96.75,60.1998291015625
2026-08-31T11:08:00-07:00,1,100.0,91.5552978515625
2026-08-31T11:08:00-07:00,2,99.5,51.2525634765625
2026-08-31T11:08:00-07:00,3,99.5,48.4869384765625
2026-08-31T11:09:00-07:00,0,95.75,60.1998291015625
2026-08-31T11:09:00-07:00,1,100.0,91.5552978515625
2026-08-31T11:09:00-07:00,2,99.5,51.2525634765625
2026-08-31T11:09:00-07:00,3,100.0,48.4869384765625
2026-08-31T11:10:00-07:00,0,95.25,60.1998291015625
2026-08-31T11:10:00-07:00,1,100.0,91.5552978515625
2026-08-31T11:10:00-07:00,2,100.0,51.2525634765625
2026-08-31T11:10:00-07:00,3,99.5,48.4869384765625
2026-08-31T11:11:00-07:00,0,0.0,60.1998291015625
2026-08-31T11:11:00-07:00,1,100.0,91.5552978515625
2026-08-31T11:11:00-07:00,2,85.5,51.2525634765625
2026-08-31T11:11:00-07:00,3,99.5,48.4869384765625
2026-08-31T11:12:00-07:00,0,0.0,60.1998291015625
2026-08-31T11:12:00-07:00,1,100.0,91.5552978515625
2026-08-31T11:12:00-07:00,2,99.5,51.2525634765625
2026-08-31T11:12:00-07:00,3,99.5,48.4869384765625
2026-08-31T11:13:00-07:00,0,0.0,60.1998291015625
2026-08-31T11:13:00-07:00,1,100.0,91.5552978515625
2026-08-31T11:13:00-07:00,2,74.5,51.2525634765625
2026-08-31T11:13:00-07:00,3,99.25,48.4869384765625
2026-08-31T11:14:00-07:00,0,0.0,60.1998291015625
2026-08-31T11:14:00-07:00,1,100.0,91.5552978515625
2026-08-31T11:14:00-07:00,2,99.5,51.2525634765625
2026-08-31T11:14:00-07:00,3,100.0,48.4869384765625
2026-08-31T11:15:00-07:00,0,0.0,60.1998291015625
2026-08-31T11:15:00-07:00,1,100.0,91.5552978515625
2026-08-31T11:15:00-07:00,2,75.0,51.2525634765625
2026-08-31T11:15:00-07:00,3,80.5,48.4869384765625
2026-08-31T11:16:00-07:00,0,0.0,60.1998291015625
2026-08-31T11:16:00-07:00,1,100.0,91.5552978515625
2026-08-31T11:16:00-07:00,2,92.0,51.2525634765625
2026-08-31T11:16:00-07:00,3,75.0,48.4869384765625
2026-08-31T11:17:00-07:00,0,0.0,60.1998291015625
2026-08-31T11:17:00-07:00,1,100.0,91.5552978515625
2026-08-31T11:17:00-07:00,2,87.0,51.2525634765625
2026-08-31T11:17:00-07:00,3,99.5,48.4869384765625
2026-08-31T11:18:00-07:00,0,0.0,60.1998291015625
2026-08-31T11:18:00-07:00,1,100.0,91.5552978515625
2026-08-31T11:18:00-07:00,2,99.5,51.2525634765625
2026-08-31T11:18:00-07:00,3,100.0,48.4869384765625
2026-08-31T11:19:00-07:00,0,0.0,60.1998291015625
2026-08-31T11:19:00-07:00,1,100.0,91.5552978515625
2026-08-31T11:19:00-07:00,2,100.0,51.2525634765625
2026-08-31T11:19:00-07:00,3,99.5,48.4869384765625
2026-08-31T11:20:00-07:00,0,0.0,60.1998291015625
2026-08-31T11:20:00-07:00,1,100.0,91.5552978515625
2026-08-31T11:20:00-07:00,2,99.5,51.2525634765625
2026-08-31T11:20:00-07:00,3,99.5,48.4869384765625
2026-08-31T11:21:00-07:00,0,0.0,60.1998291015625
2026-08-31T11:21:00-07:00,1,100.0,91.5552978515625
2026-08-31T11:21:00-07:00,2,90.75,51.2525634765625
2026-08-31T11:21:00-07:00,3,99.5,48.4869384765625
2026-08-31T11:22:00-07:00,0,0.0,60.1998291015625
2026-08-31T11:22:00-07:00,1,100.0,91.5552978515625
2026-08-31T11:22:00-07:00,2,99.5,51.2525634765625
2026-08-31T11:22:00-07:00,3,99.5,48.4869384765625
2026-08-31T11:23:00-07:00,0,0.0,60.1998291015625
2026-08-31T11:23:00-07:00,1,100.0,91.5552978515625
2026-08-31T11:23:00-07:00,2,99.5,51.2525634765625
2026-08-31T11:23:00-07:00,3,100.0,48.4869384765625
2026-08-31T11:24:00-07:00,0,0.0,60.1998291015625
2026-08-31T11:24:00-07:00,1,100.0,91.5552978515625
2026-08-31T11:24:00-07:00,2,100.0,51.2525634765625
2026-08-31T11:24:00-07:00,3,99.5,48.4869384765625
2026-08-31T11:25:00-07:00,0,0.0,60.1998291015625
2026-08-31T11:25:00-07:00,1,100.0,91.5552978515625
2026-08-31T11:25:00-07:00,2,99.5,51.2525634765625
2026-08-31T11:25:00-07:00,3,97.75,48.4869384765625
2026-08-31T11:26:00-07:00,0,0.0,60.1998291015625
2026-08-31T11:26:00-07:00,1,100.0,91.5552978515625
2026-08-31T11:26:00-07:00,2,99.25,51.2525634765625
2026-08-31T11:26:00-07:00,3,99.5,48.4869384765625
2026-08-31T11:27:00-07:00,0,0.0,60.1998291015625
2026-08-31T11:27:00-07:00,1,100.0,91.5552978515625
2026-08-31T11:27:00-07:00,2,52.25,51.2525634765625
2026-08-31T11:27:00-07:00,3,75.5,48.4869384765625
2026-08-31T11:28:00-07:00,0,0.0,60.1998291015625
2026-08-31T11:28:00-07:00,1,100.0,91.5552978515625
2026-08-31T11:28:00-07:00,2,100.0,51.2525634765625
2026-08-31T11:28:00-07:00,3,75.0,48.4869384765625
2026-08-31T11:29:00-07:00,0,0.0,60.1998291015625
2026-08-31T11:29:00-07:00,1,100.0,91.5552978515625
2026-08-31T11:29:00-07:00,2,75.0,51.2525634765625
2026-08-31T11:29:00-07:00,3,75.0,48.4869384765625
2026-08-31T11:30:00-07:00,0,0.0,60.1998291015625
2026-08-31T11:30:00-07:00,1,100.0,91.5552978515625
2026-08-31T11:30:00-07:00,2,99.5,51.2525634765625
2026-08-31T11:30:00-07:00,3,99.5,48.4869384765625
2026-08-31T11:31:00-07:00,0,0.0,60.1998291015625
2026-08-31T11:31:00-07:00,1,100.0,91.5552978515625
2026-08-31T11:31:00-07:00,2,99.5,51.2525634765625
2026-08-31T11:31:00-07:00,3,99.5,48.4869384765625
2026-08-31T11:32:00-07:00,0,0.0,60.1998291015625
2026-08-31T11:32:00-07:00,1,100.0,91.5552978515625
2026-08-31T11:32:00-07:00,2,99.5,51.2525634765625
2026-08-31T11:32:00-07:00,3,99.5,48.4869384765625
2026-08-31T11:33:00-07:00,0,0.0,60.1998291015625
2026-08-31T11:33:00-07:00,1,100.0,91.5552978515625
2026-08-31T11:33:00-07:00,2,100.0,51.2525634765625
2026-08-31T11:33:00-07:00,3,99.0,48.4869384765625
2026-08-31T11:34:00-07:00,0,0.0,60.1998291015625
2026-08-31T11:34:00-07:00,1,100.0,91.5552978515625
2026-08-31T11:34:00-07:00,2,99.5,51.2525634765625
2026-08-31T11:34:00-07:00,3,99.0,48.4869384765625
2026-08-31T11:35:00-07:00,0,0.0,60.1998291015625
2026-08-31T11:35:00-07:00,1,100.0,91.5552978515625
2026-08-31T11:35:00-07:00,2,99.5,51.2525634765625
2026-08-31T11:35:00-07:00,3,99.5,48.4869384765625
2026-08-31T11:36:00-07:00,0,0.0,60.1998291015625
2026-08-31T11:36:00-07:00,1,100.0,91.5552978515625
2026-08-31T11:36:00-07:00,2,99.5,51.2525634765625
2026-08-31T11:36:00-07:00,3,99.5,48.4869384765625
2026-08-31T11:37:00-07:00,0,0.0,60.1998291015625
2026-08-31T11:37:00-07:00,1,100.0,91.5552978515625
2026-08-31T11:37:00-07:00,2,99.25,51.2525634765625
2026-08-31T11:37:00-07:00,3,99.5,48.4869384765625
2026-08-31T11:38:00-07:00,0,0.0,60.1998291015625
2026-08-31T11:38:00-07:00,1,100.0,91.5552978515625
2026-08-31T11:38:00-07:00,2,100.0,51.2525634765625
2026-08-31T11:38:00-07:00,3,99.0,48.4869384765625
2026-08-31T11:39:00-07:00,0,0.0,60.1998291015625
2026-08-31T11:39:00-07:00,1,100.0,91.5552978515625
2026-08-31T11:39:00-07:00,2,99.5,51.2525634765625
2026-08-31T11:39:00-07:00,3,99.5,48.4869384765625
2026-08-31T11:40:00-07:00,0,0.0,60.1998291015625
2026-08-31T11:40:00-07:00,1,100.0,91.5552978515625
2026-08-31T11:40:00-07:00,2,92.5,51.2525634765625
2026-08-31T11:40:00-07:00,3,99.5,48.4869384765625
2026-08-31T11:41:00-07:00,0,0.0,60.1998291015625
2026-08-31T11:41:00-07:00,1,100.0,91.5552978515625
2026-08-31T11:41:00-07:00,2,75.0,51.2525634765625
2026-08-31T11:41:00-07:00,3,76.0,48.4869384765625
2026-08-31T11:42:00-07:00,0,0.0,60.1998291015625
2026-08-31T11:42:00-07:00,1,100.0,91.5552978515625
2026-08-31T11:42:00-07:00,2,100.0,51.2525634765625
2026-08-31T11:42:00-07:00,3,75.0,48.4869384765625
2026-08-31T11:43:00-07:00,0,0.0,60.1998291015625
2026-08-31T11:43:00-07:00,1,100.0,91.5552978515625
2026-08-31T11:43:00-07:00,2,99.5,51.2525634765625
2026-08-31T11:43:00-07:00,3,75.0,48.4869384765625
2026-08-31T11:44:00-07:00,0,0.0,60.1998291015625
2026-08-31T11:44:00-07:00,1,99.5,32.40924072265625
2026-08-31T11:44:00-07:00,2,99.5,51.2525634765625
2026-08-31T11:44:00-07:00,3,99.5,48.4869384765625
2026-08-31T11:45:00-07:00,0,0.0,60.1998291015625
2026-08-31T11:45:00-07:00,1,100.0,32.40924072265625
2026-08-31T11:45:00-07:00,2,24.75,26.951126098632812
2026-08-31T11:45:00-07:00,3,96.0,48.4869384765625
2026-08-31T11:46:00-07:00,0,0.0,60.1998291015625
2026-08-31T11:46:00-07:00,1,99.16666666666666,32.40924072265625
2026-08-31T11:46:00-07:00,2,0.0,18.85064697265625
2026-08-31T11:46:00-07:00,3,87.375,44.43669891357422
2026-08-31T11:47:00-07:00,0,0.0,60.1998291015625
2026-08-31T11:47:00-07:00,1,99.5,32.40924072265625
2026-08-31T11:47:00-07:00,2,0.0,18.85064697265625
2026-08-31T11:47:00-07:00,3,0.0,16.08502197265625
2026-08-31T11:48:00-07:00,0,0.0,60.1998291015625
2026-08-31T11:48:00-07:00,1,99.5,32.40924072265625
2026-08-31T11:48:00-07:00,2,0.0,18.85064697265625
2026-08-31T11:48:00-07:00,3,0.0,16.08502197265625
2026-08-31T11:49:00-07:00,0,0.0,60.1998291015625
2026-08-31T11:49:00-07:00,1,99.5,32.40924072265625
2026-08-31T11:49:00-07:00,2,0.0,18.85064697265625
2026-08-31T11:49:00-07:00,3,0.0,16.08502197265625
2026-08-31T11:50:00-07:00,0,0.0,60.1998291015625
2026-08-31T11:50:00-07:00,1,100.0,32.40924072265625
2026-08-31T11:50:00-07:00,2,0.0,18.85064697265625
2026-08-31T11:50:00-07:00,3,0.0,16.08502197265625
2026-08-31T11:51:00-07:00,0,0.0,60.1998291015625
2026-08-31T11:51:00-07:00,1,99.5,32.40924072265625
2026-08-31T11:51:00-07:00,2,0.0,18.85064697265625
2026-08-31T11:51:00-07:00,3,0.0,16.08502197265625
2026-08-31T11:52:00-07:00,0,0.0,60.1998291015625
2026-08-31T11:52:00-07:00,1,99.5,32.40924072265625
2026-08-31T11:52:00-07:00,2,0.0,18.85064697265625
2026-08-31T11:52:00-07:00,3,0.0,16.08502197265625
2026-08-31T11:53:00-07:00,0,0.0,60.1998291015625
2026-08-31T11:53:00-07:00,1,74.25,32.40924072265625
2026-08-31T11:53:00-07:00,2,0.0,18.85064697265625
2026-08-31T11:53:00-07:00,3,0.0,16.08502197265625
2026-08-31T11:54:00-07:00,0,0.0,60.1998291015625
2026-08-31T11:54:00-07:00,1,100.0,32.40924072265625
2026-08-31T11:54:00-07:00,2,0.0,18.85064697265625
2026-08-31T11:54:00-07:00,3,0.0,16.08502197265625
2026-08-31T11:55:00-07:00,0,0.0,60.1998291015625
2026-08-31T11:55:00-07:00,1,75.0,32.40924072265625
2026-08-31T11:55:00-07:00,2,0.0,18.85064697265625
2026-08-31T11:55:00-07:00,3,0.0,16.08502197265625
2026-08-31T11:56:00-07:00,0,0.0,60.1998291015625
2026-08-31T11:56:00-07:00,1,99.5,32.40924072265625
2026-08-31T11:56:00-07:00,2,0.0,18.85064697265625
2026-08-31T11:56:00-07:00,3,0.0,16.08502197265625
2026-08-31T11:57:00-07:00,0,0.0,60.1998291015625
2026-08-31T11:57:00-07:00,1,99.5,32.40924072265625
2026-08-31T11:57:00-07:00,2,0.0,18.85064697265625
2026-08-31T11:57:00-07:00,3,0.0,16.08502197265625
2026-08-31T11:58:00-07:00,0,0.0,60.1998291015625
2026-08-31T11:58:00-07:00,1,99.5,32.40924072265625
2026-08-31T11:58:00-07:00,2,0.0,18.85064697265625
2026-08-31T11:58:00-07:00,3,0.0,16.08502197265625
2026-08-31T11:59:00-07:00,0,0.0,60.1998291015625
2026-08-31T11:59:00-07:00,1,100.0,32.40924072265625
2026-08-31T11:59:00-07:00,2,0.0,18.85064697265625
2026-08-31T11:59:00-07:00,3,0.0,16.08502197265625
2026-08-31T12:00:00-07:00,0,0.0,60.1998291015625
2026-08-31T12:00:00-07:00,1,99.25,32.40924072265625
2026-08-31T12:00:00-07:00,2,0.0,18.85064697265625
2026-08-31T12:00:00-07:00,3,0.0,16.08502197265625
2026-08-31T12:01:00-07:00,0,0.0,60.1998291015625
2026-08-31T12:01:00-07:00,1,98.25,32.40924072265625
2026-08-31T12:01:00-07:00,2,0.0,18.85064697265625
2026-08-31T12:01:00-07:00,3,0.0,16.08502197265625
2026-08-31T12:02:00-07:00,0,0.0,60.1998291015625
2026-08-31T12:02:00-07:00,1,99.5,32.40924072265625
2026-08-31T12:02:00-07:00,2,0.0,18.85064697265625
2026-08-31T12:02:00-07:00,3,0.0,16.08502197265625
2026-08-31T12:03:00-07:00,0,0.0,60.1998291015625
2026-08-31T12:03:00-07:00,1,94.0,32.40924072265625
2026-08-31T12:03:00-07:00,2,0.0,18.85064697265625
2026-08-31T12:03:00-07:00,3,0.0,16.08502197265625
2026-08-31T12:04:00-07:00,0,0.0,60.1998291015625
2026-08-31T12:04:00-07:00,1,100.0,32.40924072265625
2026-08-31T12:04:00-07:00,2,0.0,18.85064697265625
2026-08-31T12:04:00-07:00,3,0.0,16.08502197265625
2026-08-31T12:05:00-07:00,0,0.0,60.1998291015625
2026-08-31T12:05:00-07:00,1,74.5,32.40924072265625
2026-08-31T12:05:00-07:00,2,0.0,18.85064697265625
2026-08-31T12:05:00-07:00,3,0.0,16.08502197265625
2026-08-31T12:06:00-07:00,0,0.0,60.1998291015625
2026-08-31T12:06:00-07:00,1,75.0,32.40924072265625
2026-08-31T12:06:00-07:00,2,0.0,18.85064697265625
2026-08-31T12:06:00-07:00,3,0.0,16.08502197265625
2026-08-31T12:07:00-07:00,0,0.0,60.1998291015625
2026-08-31T12:07:00-07:00,1,99.5,32.40924072265625
2026-08-31T12:07:00-07:00,2,0.0,18.85064697265625
2026-08-31T12:07:00-07:00,3,0.0,16.08502197265625
2026-08-31T12:08:00-07:00,0,0.0,60.1998291015625
2026-08-31T12:08:00-07:00,1,100.0,32.40924072265625
2026-08-31T12:08:00-07:00,2,0.0,18.85064697265625
2026-08-31T12:08:00-07:00,3,0.0,16.08502197265625
2026-09-01T10:53:00-07:00,0,0.0,60.1998291015625
2026-09-01T10:53:00-07:00,1,4.666666666666667,118.61627197265625
2026-09-01T10:53:00-07:00,2,0.0,18.85064697265625
2026-09-01T10:53:00-07:00,3,36.0,134.6939697265625
2026-09-01T10:54:00-07:00,0,0.0,60.1998291015625
2026-09-01T10:54:00-07:00,1,0.0,118.61627197265625
2026-09-01T10:54:00-07:00,2,0.0,18.85064697265625
2026-09-01T10:54:00-07:00,3,50.0,134.6939697265625
2026-09-01T10:55:00-07:00,0,0.0,60.1998291015625
2026-09-01T10:55:00-07:00,1,2.0,118.61627197265625
2026-09-01T10:55:00-07:00,2,0.0,18.85064697265625
2026-09-01T10:55:00-07:00,3,77.0,134.6939697265625
2026-09-01T10:56:00-07:00,0,0.0,60.1998291015625
2026-09-01T10:56:00-07:00,1,2.0,118.61627197265625
2026-09-01T10:56:00-07:00,2,0.0,18.85064697265625
2026-09-01T10:56:00-07:00,3,75.0,134.6939697265625
2026-09-01T10:57:00-07:00,0,0.0,60.1998291015625
2026-09-01T10:57:00-07:00,1,4.0,118.61627197265625
2026-09-01T10:57:00-07:00,2,0.0,18.85064697265625
2026-09-01T10:57:00-07:00,3,52.0,134.6939697265625
2026-09-01T10:58:00-07:00,0,0.0,60.1998291015625
2026-09-01T10:58:00-07:00,1,2.0,118.61627197265625
2026-09-01T10:58:00-07:00,2,0.0,18.85064697265625
2026-09-01T10:58:00-07:00,3,75.0,134.6939697265625
2026-09-01T10:59:00-07:00,0,0.0,60.1998291015625
2026-09-01T10:59:00-07:00,1,2.0,118.61627197265625
2026-09-01T10:59:00-07:00,2,0.0,18.85064697265625
2026-09-01T10:59:00-07:00,3,76.0,134.6939697265625
2026-09-01T11:04:00-07:00,0,0.0,60.1998291015625
2026-09-01T11:04:00-07:00,1,0.5,118.61627197265625
2026-09-01T11:04:00-07:00,2,0.0,18.85064697265625
2026-09-01T11:04:00-07:00,3,75.0,134.6939697265625
2026-09-01T11:05:00-07:00,0,0.0,60.1998291015625
2026-09-01T11:05:00-07:00,1,0.0,118.61627197265625
2026-09-01T11:05:00-07:00,2,0.0,18.85064697265625
2026-09-01T11:05:00-07:00,3,75.0,134.6939697265625
2026-09-01T11:06:00-07:00,0,0.0,60.1998291015625
2026-09-01T11:06:00-07:00,1,15.25,118.61627197265625
2026-09-01T11:06:00-07:00,2,0.0,18.85064697265625
2026-09-01T11:06:00-07:00,3,53.5,134.6939697265625
2026-09-01T11:07:00-07:00,0,0.0,60.1998291015625
2026-09-01T11:07:00-07:00,1,2.0,118.61627197265625
2026-09-01T11:07:00-07:00,2,0.0,18.85064697265625
2026-09-01T11:07:00-07:00,3,100.0,134.6939697265625
2026-09-01T11:08:00-07:00,0,0.0,60.1998291015625
2026-09-01T11:08:00-07:00,1,72.75,118.62359619140625
2026-09-01T11:08:00-07:00,2,0.0,18.85064697265625
2026-09-01T11:08:00-07:00,3,97.5,134.7012939453125
2026-09-01T11:09:00-07:00,0,0.0,60.1998291015625
2026-09-01T11:09:00-07:00,1,93.75,118.62603759765625
2026-09-01T11:09:00-07:00,2,0.0,18.85064697265625
2026-09-01T11:09:00-07:00,3,96.0,134.7037353515625
2026-09-01T11:10:00-07:00,0,0.0,60.1998291015625
2026-09-01T11:10:00-07:00,1,95.25,118.62603759765625
2026-09-01T11:10:00-07:00,2,0.0,18.85064697265625
2026-09-01T11:10:00-07:00,3,92.25,134.7037353515625
2026-09-01T11:11:00-07:00,0,0.0,60.1998291015625
2026-09-01T11:11:00-07:00,1,96.0,118.62603759765625
2026-09-01T11:11:00-07:00,2,0.0,18.85064697265625
2026-09-01T11:11:00-07:00,3,94.75,134.7037353515625
2026-09-01T11:12:00-07:00,0,0.0,60.1998291015625
2026-09-01T11:12:00-07:00,1,97.75,118.62603759765625
2026-09-01T11:12:00-07:00,2,0.0,18.85064697265625
2026-09-01T11:12:00-07:00,3,93.25,134.7037353515625
2026-09-01T11:13:00-07:00,0,0.0,60.1998291015625
2026-09-01T11:13:00-07:00,1,95.25,118.62603759765625
2026-09-01T11:13:00-07:00,2,0.0,18.85064697265625
2026-09-01T11:13:00-07:00,3,93.75,134.7037353515625
2026-09-01T11:14:00-07:00,0,0.0,60.1998291015625
2026-09-01T11:14:00-07:00,1,93.5,118.62603759765625
2026-09-01T11:14:00-07:00,2,0.0,18.85064697265625
2026-09-01T11:14:00-07:00,3,90.0,134.7037353515625
2026-09-01T11:15:00-07:00,0,0.0,60.32814025878906
2026-09-01T11:15:00-07:00,1,95.75,118.75434875488281
2026-09-01T11:15:00-07:00,2,0.0,18.978958129882812
2026-09-01T11:15:00-07:00,3,91.75,134.7082061767578
2026-09-01T11:16:00-07:00,0,0.0,60.1998291015625
2026-09-01T11:16:00-07:00,1,94.75,118.62603759765625
2026-09-01T11:16:00-07:00,2,0.0,18.85064697265625
2026-09-01T11:16:00-07:00,3,93.5,134.7037353515625
2026-09-01T11:17:00-07:00,0,0.0,60.1998291015625
2026-09-01T11:17:00-07:00,1,94.25,118.62652587890625
2026-09-01T11:17:00-07:00,2,0.0,18.85064697265625
2026-09-01T11:17:00-07:00,3,93.5,134.7042236328125
2026-09-01T11:18:00-07:00,0,0.0,60.1998291015625
2026-09-01T11:18:00-07:00,1,80.0,118.62896728515625
2026-09-01T11:18:00-07:00,2,0.0,18.85064697265625
2026-09-01T11:18:00-07:00,3,78.25,134.7066650390625
2026-09-01T11:19:00-07:00,0,0.0,60.1998291015625
2026-09-01T11:19:00-07:00,1,94.75,118.62994384765625
2026-09-01T11:19:00-07:00,2,0.0,18.85064697265625
2026-09-01T11:19:00-07:00,3,93.5,134.7076416015625
2026-09-01T11:20:00-07:00,0,0.0,60.1998291015625
2026-09-01T11:20:00-07:00,1,86.25,118.63140869140625
2026-09-01T11:20:00-07:00,2,0.0,18.85064697265625
2026-09-01T11:20:00-07:00,3,81.5,134.7095947265625
2026-09-01T11:21:00-07:00,0,0.0,60.1998291015625
2026-09-01T11:21:00-07:00,1,92.75,118.63238525390625
2026-09-01T11:21:00-07:00,2,0.0,18.85064697265625
2026-09-01T11:21:00-07:00,3,91.0,134.7100830078125
2026-09-01T11:22:00-07:00,0,0.0,60.1998291015625
2026-09-01T11:22:00-07:00,1,95.0,118.63385009765625
2026-09-01T11:22:00-07:00,2,0.0,18.85064697265625
2026-09-01T11:22:00-07:00,3,94.25,134.7115478515625
2026-09-01T11:23:00-07:00,0,0.0,60.1998291015625
2026-09-01T11:23:00-07:00,1,84.0,118.63482666015625
2026-09-01T11:23:00-07:00,2,0.0,18.85064697265625
2026-09-01T11:23:00-07:00,3,80.5,134.7125244140625
2026-09-01T11:24:00-07:00,0,0.0,60.1998291015625
2026-09-01T11:24:00-07:00,1,95.75,118.63580322265625
2026-09-01T11:24:00-07:00,2,0.0,18.85064697265625
2026-09-01T11:24:00-07:00,3,86.25,134.7135009765625
2026-09-01T11:25:00-07:00,0,0.0,60.1998291015625
2026-09-01T11:25:00-07:00,1,98.75,118.63629150390625
2026-09-01T11:25:00-07:00,2,0.0,18.85064697265625
2026-09-01T11:25:00-07:00,3,94.5,134.7139892578125
2026-09-01T11:26:00-07:00,0,0.0,60.1998291015625
2026-09-01T11:26:00-07:00,1,89.0,118.63775634765625
2026-09-01T11:26:00-07:00,2,0.0,18.85064697265625
2026-09-01T11:26:00-07:00,3,77.0,134.7154541015625
2026-09-01T11:27:00-07:00,0,0.0,60.1998291015625
2026-09-01T11:27:00-07:00,1,0.0,118.63775634765625
2026-09-01T11:27:00-07:00,2,0.0,18.85064697265625
2026-09-01T11:27:00-07:00,3,75.0,134.7154541015625
2026-09-01T11:28:00-07:00,0,0.0,60.1998291015625
2026-09-01T11:28:00-07:00,1,2.0,118.63775634765625
2026-09-01T11:28:00-07:00,2,0.0,18.85064697265625
2026-09-01T11:28:00-07:00,3,51.0,134.7154541015625
2026-09-01T11:29:00-07:00,0,0.0,60.1998291015625
2026-09-01T11:29:00-07:00,1,0.0,118.63775634765625
2026-09-01T11:29:00-07:00,2,0.0,18.85064697265625
2026-09-01T11:29:00-07:00,3,75.0,134.7154541015625
2026-09-01T11:30:00-07:00,0,0.0,60.32814025878906
2026-09-01T11:30:00-07:00,1,0.0,118.76606750488281
2026-09-01T11:30:00-07:00,2,0.0,18.855239868164062
2026-09-01T11:30:00-07:00,3,76.25,134.7154541015625
2026-09-01T11:31:00-07:00,0,0.0,60.1998291015625
2026-09-01T11:31:00-07:00,1,98.25,118.63775634765625
2026-09-01T11:31:00-07:00,2,0.0,18.85064697265625
2026-09-01T11:31:00-07:00,3,96.0,134.7154541015625
2026-09-01T11:32:00-07:00,0,0.0,60.1998291015625
2026-09-01T11:32:00-07:00,1,93.75,118.63873291015625
2026-09-01T11:32:00-07:00,2,0.0,18.85064697265625
2026-09-01T11:32:00-07:00,3,92.75,134.7169189453125
2026-09-01T11:33:00-07:00,0,0.0,60.1998291015625
2026-09-01T11:33:00-07:00,1,95.0,118.63970947265625
2026-09-01T11:33:00-07:00,2,0.0,18.85064697265625
2026-09-01T11:33:00-07:00,3,92.5,134.7174072265625
2026-09-01T11:34:00-07:00,0,0.0,60.1998291015625
2026-09-01T11:34:00-07:00,1,90.5,118.63970947265625
2026-09-01T11:34:00-07:00,2,0.0,18.85064697265625
2026-09-01T11:34:00-07:00,3,91.25,134.7174072265625
2026-09-01T11:35:00-07:00,0,0.0,60.1998291015625
2026-09-01T11:35:00-07:00,1,96.75,118.64068603515625
2026-09-01T11:35:00-07:00,2,0.0,18.85064697265625
2026-09-01T11:35:00-07:00,3,95.0,134.7188720703125
2026-09-01T11:36:00-07:00,0,0.0,60.1998291015625
2026-09-01T11:36:00-07:00,1,93.75,118.64166259765625
2026-09-01T11:36:00-07:00,2,0.0,18.85064697265625
2026-09-01T11:36:00-07:00,3,87.75,134.7193603515625
2026-09-01T11:37:00-07:00,0,0.0,60.1998291015625
2026-09-01T11:37:00-07:00,1,96.5,118.64166259765625
2026-09-01T11:37:00-07:00,2,23.25,21.589309692382812
2026-09-01T11:37:00-07:00,3,92.25,134.7193603515625
2026-09-01T11:38:00-07:00,0,0.0,60.1998291015625
2026-09-01T11:38:00-07:00,1,100.0,118.64215087890625
2026-09-01T11:38:00-07:00,2,0.0,18.85064697265625
2026-09-01T11:38:00-07:00,3,97.0,134.7198486328125
2026-09-01T11:39:00-07:00,0,0.0,60.1998291015625
2026-09-01T11:39:00-07:00,1,96.5,118.64361572265625
2026-09-01T11:39:00-07:00,2,0.0,18.85064697265625
2026-09-01T11:39:00-07:00,3,97.25,134.7213134765625
2026-09-01T11:40:00-07:00,0,0.0,60.1998291015625
2026-09-01T11:40:00-07:00,1,91.0,118.64361572265625
2026-09-01T11:40:00-07:00,2,0.0,18.85064697265625
2026-09-01T11:40:00-07:00,3,89.5,134.7213134765625
2026-09-01T11:41:00-07:00,0,0.0,60.1998291015625
2026-09-01T11:41:00-07:00,1,100.0,118.64361572265625
2026-09-01T11:41:00-07:00,2,0.0,18.85064697265625
2026-09-01T11:41:00-07:00,3,100.0,134.7213134765625
2026-09-01T11:42:00-07:00,0,0.0,60.1998291015625
2026-09-01T11:42:00-07:00,1,100.0,118.64361572265625
2026-09-01T11:42:00-07:00,2,0.0,18.85064697265625
2026-09-01T11:42:00-07:00,3,98.75,134.7213134765625
2026-09-01T11:43:00-07:00,0,0.0,60.1998291015625
2026-09-01T11:43:00-07:00,1,100.0,118.64508056640625
2026-09-01T11:43:00-07:00,2,0.0,18.85064697265625
2026-09-01T11:43:00-07:00,3,100.0,134.7227783203125
2026-09-01T11:44:00-07:00,0,0.0,60.1998291015625
2026-09-01T11:44:00-07:00,1,100.0,118.64556884765625
2026-09-01T11:44:00-07:00,2,0.0,18.85064697265625
2026-09-01T11:44:00-07:00,3,100.0,134.7232666015625
2026-09-01T11:45:00-07:00,0,0.0,60.32814025878906
2026-09-01T11:45:00-07:00,1,100.0,118.77388000488281
2026-09-01T11:45:00-07:00,2,0.75,18.978958129882812
2026-09-01T11:45:00-07:00,3,100.0,134.72792053222656
2026-09-01T11:46:00-07:00,0,0.0,60.1998291015625
2026-09-01T11:46:00-07:00,1,98.0,118.64556884765625
2026-09-01T11:46:00-07:00,2,0.0,18.85064697265625
2026-09-01T11:46:00-07:00,3,95.75,134.7232666015625
2026-09-01T11:47:00-07:00,0,0.0,60.1998291015625
2026-09-01T11:47:00-07:00,1,94.5,118.64556884765625
2026-09-01T11:47:00-07:00,2,0.0,18.85064697265625
2026-09-01T11:47:00-07:00,3,93.25,134.7232666015625
2026-09-01T11:48:00-07:00,0,0.0,60.1998291015625
2026-09-01T11:48:00-07:00,1,90.5,118.64654541015625
2026-09-01T11:48:00-07:00,2,0.0,18.85064697265625
2026-09-01T11:48:00-07:00,3,90.25,134.7242431640625
2026-09-01T11:49:00-07:00,0,0.0,60.1998291015625
2026-09-01T11:49:00-07:00,1,5.5,118.64752197265625
2026-09-01T11:49:00-07:00,2,0.0,18.85064697265625
2026-09-01T11:49:00-07:00,3,51.0,134.7252197265625
2026-09-01T11:50:00-07:00,0,0.0,60.1998291015625
2026-09-01T11:50:00-07:00,1,0.0,118.64752197265625
2026-09-01T11:50:00-07:00,2,0.0,18.85064697265625
2026-09-01T11:50:00-07:00,3,75.0,134.7252197265625
2026-09-01T11:51:00-07:00,0,0.0,60.1998291015625
2026-09-01T11:51:00-07:00,1,3.75,118.64752197265625
2026-09-01T11:51:00-07:00,2,0.0,18.85064697265625
2026-09-01T11:51:00-07:00,3,100.0,134.7252197265625
2026-09-01T11:52:00-07:00,0,0.0,60.1998291015625
2026-09-01T11:52:00-07:00,1,0.0,118.64752197265625
2026-09-01T11:52:00-07:00,2,0.0,18.85064697265625
2026-09-01T11:52:00-07:00,3,75.0,134.7252197265625
2026-09-01T11:53:00-07:00,0,0.0,60.1998291015625
2026-09-01T11:53:00-07:00,1,56.25,118.64752197265625
2026-09-01T11:53:00-07:00,2,0.0,18.85064697265625
2026-09-01T11:53:00-07:00,3,91.0,134.7252197265625
2026-09-01T11:54:00-07:00,0,0.0,60.1998291015625
2026-09-01T11:54:00-07:00,1,87.5,118.64752197265625
2026-09-01T11:54:00-07:00,2,0.0,18.85064697265625
2026-09-01T11:54:00-07:00,3,95.5,134.7252197265625
2026-09-01T11:55:00-07:00,0,0.0,60.1998291015625
2026-09-01T11:55:00-07:00,1,94.5,118.64752197265625
2026-09-01T11:55:00-07:00,2,0.0,18.85064697265625
2026-09-01T11:55:00-07:00,3,96.5,134.7252197265625
2026-09-01T11:56:00-07:00,0,0.0,60.1998291015625
2026-09-01T11:56:00-07:00,1,96.25,118.64752197265625
2026-09-01T11:56:00-07:00,2,0.0,18.85064697265625
2026-09-01T11:56:00-07:00,3,93.5,134.7252197265625
2026-09-01T11:57:00-07:00,0,0.0,60.1998291015625
2026-09-01T11:57:00-07:00,1,91.75,118.64752197265625
2026-09-01T11:57:00-07:00,2,0.0,18.85064697265625
2026-09-01T11:57:00-07:00,3,86.25,134.7252197265625
2026-09-01T11:58:00-07:00,0,0.0,60.1998291015625
2026-09-01T11:58:00-07:00,1,92.0,118.64752197265625
2026-09-01T11:58:00-07:00,2,0.0,18.85064697265625
2026-09-01T11:58:00-07:00,3,91.75,134.7252197265625
2026-09-01T11:59:00-07:00,0,0.0,60.1998291015625
2026-09-01T11:59:00-07:00,1,95.25,118.64752197265625
2026-09-01T11:59:00-07:00,2,0.0,18.85064697265625
2026-09-01T11:59:00-07:00,3,95.5,134.7257080078125
2026-09-01T12:00:00-07:00,0,0.0,60.32814025878906
2026-09-01T12:00:00-07:00,1,95.75,118.77729797363281
2026-09-01T12:00:00-07:00,2,0.0,18.85064697265625
2026-09-01T12:00:00-07:00,3,93.25,134.7271728515625
2026-09-01T12:01:00-07:00,0,0.0,60.1998291015625
2026-09-01T12:01:00-07:00,1,97.75,118.64947509765625
2026-09-01T12:01:00-07:00,2,0.0,18.85064697265625
2026-09-01T12:01:00-07:00,3,97.5,134.7271728515625
2026-09-01T12:02:00-07:00,0,0.0,60.1998291015625
2026-09-01T12:02:00-07:00,1,95.0,118.64947509765625
2026-09-01T12:02:00-07:00,2,0.0,18.85064697265625
2026-09-01T12:02:00-07:00,3,92.5,134.7271728515625
2026-09-01T12:03:00-07:00,0,0.0,60.1998291015625
2026-09-01T12:03:00-07:00,1,95.25,118.64947509765625
2026-09-01T12:03:00-07:00,2,0.0,18.85064697265625
2026-09-01T12:03:00-07:00,3,94.25,134.7271728515625
2026-09-01T12:04:00-07:00,0,0.0,60.1998291015625
2026-09-01T12:04:00-07:00,1,96.0,118.64947509765625
2026-09-01T12:04:00-07:00,2,0.0,18.85064697265625
2026-09-01T12:04:00-07:00,3,92.0,134.7271728515625
2026-09-01T12:05:00-07:00,0,0.0,60.1998291015625
2026-09-01T12:05:00-07:00,1,92.0,118.64947509765625
2026-09-01T12:05:00-07:00,2,0.0,18.85064697265625
2026-09-01T12:05:00-07:00,3,94.25,134.7271728515625
2026-09-01T12:06:00-07:00,0,0.0,60.1998291015625
2026-09-01T12:06:00-07:00,1,92.25,118.64947509765625
2026-09-01T12:06:00-07:00,2,0.0,18.85064697265625
2026-09-01T12:06:00-07:00,3,95.75,134.7271728515625
2026-09-01T12:07:00-07:00,0,0.0,60.1998291015625
2026-09-01T12:07:00-07:00,1,95.25,118.64947509765625
2026-09-01T12:07:00-07:00,2,0.0,18.85064697265625
2026-09-01T12:07:00-07:00,3,96.25,134.7271728515625
2026-09-01T12:08:00-07:00,0,0.0,60.1998291015625
2026-09-01T12:08:00-07:00,1,96.25,118.64947509765625
2026-09-01T12:08:00-07:00,2,0.0,18.85064697265625
2026-09-01T12:08:00-07:00,3,92.25,134.7271728515625
2026-09-01T12:09:00-07:00,0,0.0,60.1998291015625
2026-09-01T12:09:00-07:00,1,97.5,118.64947509765625
2026-09-01T12:09:00-07:00,2,0.0,18.85064697265625
2026-09-01T12:09:00-07:00,3,96.0,134.7271728515625
2026-09-01T12:10:00-07:00,0,0.0,60.1998291015625
2026-09-01T12:10:00-07:00,1,70.25,118.65142822265625
2026-09-01T12:10:00-07:00,2,0.0,18.85064697265625
2026-09-01T12:10:00-07:00,3,93.5,134.7291259765625
2026-09-01T12:11:00-07:00,0,0.0,60.1998291015625
2026-09-01T12:11:00-07:00,1,0.0,118.65142822265625
2026-09-01T12:11:00-07:00,2,0.0,18.85064697265625
2026-09-01T12:11:00-07:00,3,50.0,134.7291259765625
2026-09-01T12:12:00-07:00,0,0.0,60.1998291015625
2026-09-01T12:12:00-07:00,1,1.75,118.65142822265625
2026-09-01T12:12:00-07:00,2,0.0,18.85064697265625
2026-09-01T12:12:00-07:00,3,76.0,134.7291259765625
2026-09-01T12:13:00-07:00,0,0.0,60.1998291015625
2026-09-01T12:13:00-07:00,1,0.0,118.65142822265625
2026-09-01T12:13:00-07:00,2,0.0,18.85064697265625
2026-09-01T12:13:00-07:00,3,75.0,134.7291259765625
2026-09-01T12:14:00-07:00,0,0.0,60.1998291015625
2026-09-01T12:14:00-07:00,1,24.0,118.65142822265625
2026-09-01T12:14:00-07:00,2,0.0,18.85064697265625
2026-09-01T12:14:00-07:00,3,100.0,134.7291259765625
2026-09-01T12:15:00-07:00,0,0.0,60.32814025878906
2026-09-01T12:15:00-07:00,1,95.25,118.77973937988281
2026-09-01T12:15:00-07:00,2,0.0,18.855117797851562
2026-09-01T12:15:00-07:00,3,95.75,134.7291259765625
2026-09-01T12:16:00-07:00,0,0.0,60.1998291015625
2026-09-01T12:16:00-07:00,1,98.5,118.65142822265625
2026-09-01T12:16:00-07:00,2,0.0,18.85064697265625
2026-09-01T12:16:00-07:00,3,90.25,134.7291259765625
2026-09-01T12:17:00-07:00,0,0.0,60.1998291015625
2026-09-01T12:17:00-07:00,1,90.75,118.65142822265625
2026-09-01T12:17:00-07:00,2,0.0,18.85064697265625
2026-09-01T12:17:00-07:00,3,92.25,134.7291259765625
2026-09-01T12:18:00-07:00,0,0.0,60.1998291015625
2026-09-01T12:18:00-07:00,1,96.0,118.65142822265625
2026-09-01T12:18:00-07:00,2,0.0,18.85064697265625
2026-09-01T12:18:00-07:00,3,89.25,134.7291259765625
2026-09-01T12:19:00-07:00,0,0.0,60.1998291015625
2026-09-01T12:19:00-07:00,1,92.5,118.65142822265625
2026-09-01T12:19:00-07:00,2,0.0,18.85064697265625
2026-09-01T12:19:00-07:00,3,99.25,134.7291259765625
2026-09-01T12:20:00-07:00,0,0.0,60.1998291015625
2026-09-01T12:20:00-07:00,1,96.5,118.65142822265625
2026-09-01T12:20:00-07:00,2,0.0,18.85064697265625
2026-09-01T12:20:00-07:00,3,92.25,134.7291259765625
2026-09-01T12:21:00-07:00,0,0.0,60.1998291015625
2026-09-01T12:21:00-07:00,1,97.75,118.65142822265625
2026-09-01T12:21:00-07:00,2,0.0,18.85064697265625
2026-09-01T12:21:00-07:00,3,94.25,134.7291259765625
2026-09-01T12:22:00-07:00,0,0.0,60.1998291015625
2026-09-01T12:22:00-07:00,1,92.25,118.65142822265625
2026-09-01T12:22:00-07:00,2,0.0,18.85064697265625
2026-09-01T12:22:00-07:00,3,96.5,134.7291259765625
2026-09-01T12:23:00-07:00,0,0.0,60.1998291015625
2026-09-01T12:23:00-07:00,1,91.75,118.65142822265625
2026-09-01T12:23:00-07:00,2,0.0,18.85064697265625
2026-09-01T12:23:00-07:00,3,93.75,134.7291259765625
2026-09-01T12:24:00-07:00,0,0.0,60.1998291015625
2026-09-01T12:24:00-07:00,1,93.5,118.65191650390625
2026-09-01T12:24:00-07:00,2,0.0,18.85064697265625
2026-09-01T12:24:00-07:00,3,92.5,134.7296142578125
2026-09-01T12:25:00-07:00,0,0.0,60.1998291015625
2026-09-01T12:25:00-07:00,1,95.25,118.65338134765625
2026-09-01T12:25:00-07:00,2,0.0,18.85064697265625
2026-09-01T12:25:00-07:00,3,93.75,134.7310791015625
2026-09-01T12:26:00-07:00,0,0.0,60.1998291015625
2026-09-01T12:26:00-07:00,1,95.25,118.65338134765625
2026-09-01T12:26:00-07:00,2,0.0,18.85064697265625
2026-09-01T12:26:00-07:00,3,94.0,134.7310791015625
2026-09-01T12:27:00-07:00,0,0.0,60.1998291015625
2026-09-01T12:27:00-07:00,1,95.0,118.65338134765625
2026-09-01T12:27:00-07:00,2,0.0,18.85064697265625
2026-09-01T12:27:00-07:00,3,93.25,134.7310791015625
2026-09-01T12:28:00-07:00,0,0.0,60.1998291015625
2026-09-01T12:28:00-07:00,1,96.5,118.65338134765625
2026-09-01T12:28:00-07:00,2,0.0,18.85064697265625
2026-09-01T12:28:00-07:00,3,91.75,134.7310791015625
2026-09-01T12:29:00-07:00,0,0.0,60.1998291015625
2026-09-01T12:29:00-07:00,1,95.25,118.65338134765625
2026-09-01T12:29:00-07:00,2,0.0,18.85064697265625
2026-09-01T12:29:00-07:00,3,93.25,134.7310791015625
2026-09-01T12:30:00-07:00,0,0.0,60.32814025878906
2026-09-01T12:30:00-07:00,1,93.75,118.65338134765625
2026-09-01T12:30:00-07:00,2,0.0,18.85064697265625
2026-09-01T12:30:00-07:00,3,93.75,134.7310791015625
2026-09-01T12:31:00-07:00,0,0.0,60.1998291015625
2026-09-01T12:31:00-07:00,1,92.0,118.65338134765625
2026-09-01T12:31:00-07:00,2,0.0,18.85064697265625
2026-09-01T12:31:00-07:00,3,87.75,134.7310791015625
2026-09-01T12:32:00-07:00,0,0.0,60.1998291015625
2026-09-01T12:32:00-07:00,1,0.0,118.65338134765625
2026-09-01T12:32:00-07:00,2,0.0,18.85064697265625
2026-09-01T12:32:00-07:00,3,75.0,134.7310791015625
2026-09-01T12:33:00-07:00,0,0.0,60.1998291015625
2026-09-01T12:33:00-07:00,1,1.75,118.65338134765625
2026-09-01T12:33:00-07:00,2,0.0,18.85064697265625
2026-09-01T12:33:00-07:00,3,100.0,134.7310791015625
2026-09-01T12:34:00-07:00,0,0.0,60.1998291015625
2026-09-01T12:34:00-07:00,1,2.0,118.65338134765625
2026-09-01T12:34:00-07:00,2,0.0,18.85064697265625
2026-09-01T12:34:00-07:00,3,100.0,134.7310791015625
2026-09-01T12:35:00-07:00,0,0.0,60.1998291015625
2026-09-01T12:35:00-07:00,1,8.75,118.65338134765625
2026-09-01T12:35:00-07:00,2,0.0,18.85064697265625
2026-09-01T12:35:00-07:00,3,75.0,134.7310791015625
2026-09-01T12:36:00-07:00,0,0.0,60.1998291015625
2026-09-01T12:36:00-07:00,1,72.25,118.65338134765625
2026-09-01T12:36:00-07:00,2,0.0,18.85064697265625
2026-09-01T12:36:00-07:00,3,95.75,134.7310791015625
2026-09-01T12:37:00-07:00,0,0.0,60.1998291015625
2026-09-01T12:37:00-07:00,1,94.75,118.65338134765625
2026-09-01T12:37:00-07:00,2,0.0,18.85064697265625
2026-09-01T12:37:00-07:00,3,91.5,134.7310791015625
2026-09-01T12:38:00-07:00,0,0.0,60.1998291015625
2026-09-01T12:38:00-07:00,1,95.0,118.65338134765625
2026-09-01T12:38:00-07:00,2,0.0,18.85064697265625
2026-09-01T12:38:00-07:00,3,93.0,134.7310791015625
2026-09-01T12:39:00-07:00,0,0.0,60.1998291015625
2026-09-01T12:39:00-07:00,1,95.75,118.65338134765625
2026-09-01T12:39:00-07:00,2,0.0,18.85064697265625
2026-09-01T12:39:00-07:00,3,90.25,134.7310791015625
2026-09-01T12:40:00-07:00,0,0.0,60.1998291015625
2026-09-01T12:40:00-07:00,1,95.75,118.65338134765625
2026-09-01T12:40:00-07:00,2,0.0,18.85064697265625
2026-09-01T12:40:00-07:00,3,93.25,134.7310791015625
2026-09-01T12:41:00-07:00,0,0.0,60.1998291015625
2026-09-01T12:41:00-07:00,1,93.5,118.65338134765625
2026-09-01T12:41:00-07:00,2,0.0,18.85064697265625
2026-09-01T12:41:00-07:00,3,92.25,134.7310791015625
2026-09-01T12:42:00-07:00,0,0.0,60.1998291015625
2026-09-01T12:42:00-07:00,1,97.0,118.65484619140625
2026-09-01T12:42:00-07:00,2,0.0,18.85064697265625
2026-09-01T12:42:00-07:00,3,96.0,134.7325439453125
2026-09-01T12:43:00-07:00,0,0.0,60.1998291015625
2026-09-01T12:43:00-07:00,1,93.25,118.65533447265625
2026-09-01T12:43:00-07:00,2,0.0,18.85064697265625
2026-09-01T12:43:00-07:00,3,89.5,134.7330322265625
2026-09-01T12:44:00-07:00,0,0.0,60.1998291015625
2026-09-01T12:44:00-07:00,1,97.75,118.65533447265625
2026-09-01T12:44:00-07:00,2,0.0,18.85064697265625
2026-09-01T12:44:00-07:00,3,91.0,134.7330322265625
2026-09-01T12:45:00-07:00,0,0.0,60.32814025878906
2026-09-01T12:45:00-07:00,1,94.5,118.78364562988281
2026-09-01T12:45:00-07:00,2,0.0,18.978958129882812
2026-09-01T12:45:00-07:00,3,90.0,134.7376251220703
2026-09-01T12:46:00-07:00,0,0.0,60.1998291015625
2026-09-01T12:46:00-07:00,1,92.5,118.65533447265625
2026-09-01T12:46:00-07:00,2,0.0,18.85064697265625
2026-09-01T12:46:00-07:00,3,98.5,134.7330322265625
2026-09-01T12:47:00-07:00,0,0.0,60.1998291015625
2026-09-01T12:47:00-07:00,1,93.75,118.65533447265625
2026-09-01T12:47:00-07:00,2,0.0,18.85064697265625
2026-09-01T12:47:00-07:00,3,88.75,134.7330322265625
2026-09-01T12:48:00-07:00,0,0.0,60.1998291015625
2026-09-01T12:48:00-07:00,1,97.5,118.65533447265625
2026-09-01T12:48:00-07:00,2,0.0,18.85064697265625
2026-09-01T12:48:00-07:00,3,90.75,134.7330322265625
2026-09-01T12:49:00-07:00,0,0.0,60.1998291015625
2026-09-01T12:49:00-07:00,1,82.0,118.65533447265625
2026-09-01T12:49:00-07:00,2,0.0,18.85064697265625
2026-09-01T12:49:00-07:00,3,79.5,134.7330322265625
2026-09-01T12:50:00-07:00,0,0.0,60.1998291015625
2026-09-01T12:50:00-07:00,1,95.25,118.65533447265625
2026-09-01T12:50:00-07:00,2,0.0,18.85064697265625
2026-09-01T12:50:00-07:00,3,84.5,134.7330322265625
2026-09-01T12:51:00-07:00,0,0.0,60.1998291015625
2026-09-01T12:51:00-07:00,1,98.5,118.65533447265625
2026-09-01T12:51:00-07:00,2,0.0,18.85064697265625
2026-09-01T12:51:00-07:00,3,96.75,134.7330322265625
2026-09-01T12:52:00-07:00,0,0.0,60.1998291015625
2026-09-01T12:52:00-07:00,1,92.25,118.65533447265625
2026-09-01T12:52:00-07:00,2,0.0,18.85064697265625
2026-09-01T12:52:00-07:00,3,93.75,134.7330322265625
2026-09-01T12:53:00-07:00,0,0.0,60.1998291015625
2026-09-01T12:53:00-07:00,1,25.0,118.65533447265625
2026-09-01T12:53:00-07:00,2,0.0,18.85064697265625
2026-09-01T12:53:00-07:00,3,99.25,134.7330322265625
2026-09-01T12:54:00-07:00,0,0.0,60.1998291015625
2026-09-01T12:54:00-07:00,1,2.0,118.65533447265625
2026-09-01T12:54:00-07:00,2,0.0,18.85064697265625
2026-09-01T12:54:00-07:00,3,100.0,134.7330322265625
2026-09-01T12:55:00-07:00,0,0.0,60.1998291015625
2026-09-01T12:55:00-07:00,1,4.0,118.65533447265625
2026-09-01T12:55:00-07:00,2,0.0,18.85064697265625
2026-09-01T12:55:00-07:00,3,100.0,134.7330322265625
2026-09-01T12:56:00-07:00,0,0.0,60.1998291015625
2026-09-01T12:56:00-07:00,1,1.75,118.65533447265625
2026-09-01T12:56:00-07:00,2,0.0,18.85064697265625
2026-09-01T12:56:00-07:00,3,75.0,134.7330322265625
2026-09-01T12:57:00-07:00,0,0.0,60.1998291015625
2026-09-01T12:57:00-07:00,1,49.0,118.65533447265625
2026-09-01T12:57:00-07:00,2,0.0,18.85064697265625
2026-09-01T12:57:00-07:00,3,75.0,134.7330322265625
2026-09-01T12:58:00-07:00,0,0.0,60.1998291015625
2026-09-01T12:58:00-07:00,1,92.5,118.65533447265625
2026-09-01T12:58:00-07:00,2,0.0,18.85064697265625
2026-09-01T12:58:00-07:00,3,91.75,134.7330322265625
2026-09-01T12:59:00-07:00,0,0.0,60.1998291015625
2026-09-01T12:59:00-07:00,1,92.0,118.65533447265625
2026-09-01T12:59:00-07:00,2,0.0,18.85064697265625
2026-09-01T12:59:00-07:00,3,90.0,134.7330322265625
2026-09-01T13:00:00-07:00,0,0.0,60.32814025878906
2026-09-01T13:00:00-07:00,1,91.0,118.66011047363281
2026-09-01T13:00:00-07:00,2,0.0,18.85064697265625
2026-09-01T13:00:00-07:00,3,96.5,134.7330322265625
2026-09-01T13:01:00-07:00,0,0.0,60.1998291015625
2026-09-01T13:01:00-07:00,1,93.5,118.65533447265625
2026-09-01T13:01:00-07:00,2,0.0,18.85064697265625
2026-09-01T13:01:00-07:00,3,94.5,134.7330322265625
2026-09-01T13:02:00-07:00,0,0.0,60.1998291015625
2026-09-01T13:02:00-07:00,1,97.25,118.65533447265625
2026-09-01T13:02:00-07:00,2,0.0,18.85064697265625
2026-09-01T13:02:00-07:00,3,95.0,134.7330322265625
2026-09-01T13:03:00-07:00,0,0.0,60.1998291015625
2026-09-01T13:03:00-07:00,1,95.75,118.65533447265625
2026-09-01T13:03:00-07:00,2,0.0,18.85064697265625
2026-09-01T13:03:00-07:00,3,92.25,134.7330322265625
2026-09-01T13:04:00-07:00,0,0.0,60.1998291015625
2026-09-01T13:04:00-07:00,1,97.75,118.65533447265625
2026-09-01T13:04:00-07:00,2,0.0,18.85064697265625
2026-09-01T13:04:00-07:00,3,89.5,134.7330322265625
2026-09-01T13:05:00-07:00,0,0.0,60.1998291015625
2026-09-01T13:05:00-07:00,1,89.0,118.65533447265625
2026-09-01T13:05:00-07:00,2,0.0,18.85064697265625
2026-09-01T13:05:00-07:00,3,90.5,134.7330322265625
2026-09-01T13:06:00-07:00,0,0.0,60.1998291015625
2026-09-01T13:06:00-07:00,1,93.75,118.65533447265625
2026-09-01T13:06:00-07:00,2,0.0,18.85064697265625
2026-09-01T13:06:00-07:00,3,90.5,134.7330322265625
2026-09-01T13:07:00-07:00,0,0.0,60.1998291015625
2026-09-01T13:07:00-07:00,1,93.5,118.65631103515625
2026-09-01T13:07:00-07:00,2,0.0,18.85064697265625
2026-09-01T13:07:00-07:00,3,91.0,134.7340087890625
2026-09-01T13:08:00-07:00,0,0.0,60.1998291015625
2026-09-01T13:08:00-07:00,1,92.25,118.65728759765625
2026-09-01T13:08:00-07:00,2,0.0,18.85064697265625
2026-09-01T13:08:00-07:00,3,88.25,134.7349853515625
2026-09-01T13:09:00-07:00,0,0.0,60.1998291015625
2026-09-01T13:09:00-07:00,1,91.5,118.65728759765625
2026-09-01T13:09:00-07:00,2,0.0,18.85064697265625
2026-09-01T13:09:00-07:00,3,89.75,134.7349853515625
2026-09-01T13:10:00-07:00,0,0.0,60.1998291015625
2026-09-01T13:10:00-07:00,1,96.0,118.65728759765625
2026-09-01T13:10:00-07:00,2,0.0,18.85064697265625
2026-09-01T13:10:00-07:00,3,95.25,134.7349853515625
2026-09-01T13:11:00-07:00,0,0.0,60.1998291015625
2026-09-01T13:11:00-07:00,1,96.5,118.65728759765625
2026-09-01T13:11:00-07:00,2,0.0,18.85064697265625
2026-09-01T13:11:00-07:00,3,95.25,134.7349853515625
2026-09-01T13:12:00-07:00,0,0.0,60.1998291015625
2026-09-01T13:12:00-07:00,1,94.5,118.65728759765625
2026-09-01T13:12:00-07:00,2,0.0,18.85064697265625
2026-09-01T13:12:00-07:00,3,95.0,134.7349853515625
2026-09-01T13:13:00-07:00,0,0.0,60.1998291015625
2026-09-01T13:13:00-07:00,1,90.25,118.65728759765625
2026-09-01T13:13:00-07:00,2,0.0,18.85064697265625
2026-09-01T13:13:00-07:00,3,90.5,134.7349853515625
2026-09-01T13:14:00-07:00,0,0.0,60.1998291015625
2026-09-01T13:14:00-07:00,1,49.25,118.65728759765625
2026-09-01T13:14:00-07:00,2,0.0,18.85064697265625
2026-09-01T13:14:00-07:00,3,97.25,134.7349853515625
2026-09-01T13:15:00-07:00,0,0.0,60.32814025878906
2026-09-01T13:15:00-07:00,1,4.0,118.78559875488281
2026-09-01T13:15:00-07:00,2,0.0,18.978958129882812
2026-09-01T13:15:00-07:00,3,100.0,134.86329650878906
2026-09-01T13:16:00-07:00,0,0.0,60.1998291015625
2026-09-01T13:16:00-07:00,1,4.0,118.65728759765625
2026-09-01T13:16:00-07:00,2,0.0,18.85064697265625
2026-09-01T13:16:00-07:00,3,50.0,134.7349853515625
2026-09-01T13:17:00-07:00,0,0.0,60.1998291015625
2026-09-01T13:17:00-07:00,1,2.0,118.65728759765625
2026-09-01T13:17:00-07:00,2,0.0,18.85064697265625
2026-09-01T13:17:00-07:00,3,100.0,134.7349853515625
2026-09-01T13:18:00-07:00,0,0.0,60.1998291015625
2026-09-01T13:18:00-07:00,1,25.0,118.65728759765625
2026-09-01T13:18:00-07:00,2,0.0,18.85064697265625
2026-09-01T13:18:00-07:00,3,100.0,134.7349853515625
2026-09-01T13:19:00-07:00,0,0.0,60.1998291015625
2026-09-01T13:19:00-07:00,1,92.75,118.65728759765625
2026-09-01T13:19:00-07:00,2,0.0,18.85064697265625
2026-09-01T13:19:00-07:00,3,89.5,134.7349853515625
2026-09-01T13:20:00-07:00,0,0.0,60.1998291015625
2026-09-01T13:20:00-07:00,1,89.75,118.65728759765625
2026-09-01T13:20:00-07:00,2,0.0,18.85064697265625
2026-09-01T13:20:00-07:00,3,92.5,134.7349853515625
2026-09-01T13:21:00-07:00,0,0.0,60.1998291015625
2026-09-01T13:21:00-07:00,1,97.0,118.65728759765625
2026-09-01T13:21:00-07:00,2,0.0,18.85064697265625
2026-09-01T13:21:00-07:00,3,96.75,134.7349853515625
2026-09-01T13:22:00-07:00,0,0.0,60.1998291015625
2026-09-01T13:22:00-07:00,1,86.5,118.65728759765625
2026-09-01T13:22:00-07:00,2,0.0,18.85064697265625
2026-09-01T13:22:00-07:00,3,95.0,134.7349853515625
2026-09-01T13:23:00-07:00,0,0.0,60.1998291015625
2026-09-01T13:23:00-07:00,1,93.75,118.65728759765625
2026-09-01T13:23:00-07:00,2,0.0,18.85064697265625
2026-09-01T13:23:00-07:00,3,89.0,134.7349853515625
2026-09-01T13:24:00-07:00,0,0.0,60.1998291015625
2026-09-01T13:24:00-07:00,1,98.75,118.65728759765625
2026-09-01T13:24:00-07:00,2,0.0,18.85064697265625
2026-09-01T13:24:00-07:00,3,95.25,134.7349853515625
2026-09-01T13:25:00-07:00,0,0.0,60.1998291015625
2026-09-01T13:25:00-07:00,1,94.0,118.65728759765625
2026-09-01T13:25:00-07:00,2,0.0,18.85064697265625
2026-09-01T13:25:00-07:00,3,90.75,134.7349853515625
2026-09-01T13:26:00-07:00,0,0.0,60.1998291015625
2026-09-01T13:26:00-07:00,1,86.5,118.65728759765625
2026-09-01T13:26:00-07:00,2,0.0,18.85064697265625
2026-09-01T13:26:00-07:00,3,85.0,134.7349853515625
2026-09-01T13:27:00-07:00,0,0.0,60.1998291015625
2026-09-01T13:27:00-07:00,1,100.0,118.65728759765625
2026-09-01T13:27:00-07:00,2,0.0,18.85064697265625
2026-09-01T13:27:00-07:00,3,100.0,134.7349853515625
2026-09-01T13:28:00-07:00,0,0.0,60.1998291015625
2026-09-01T13:28:00-07:00,1,84.75,118.65728759765625
2026-09-01T13:28:00-07:00,2,0.0,18.85064697265625
2026-09-01T13:28:00-07:00,3,81.25,134.7349853515625
2026-09-01T13:29:00-07:00,0,0.0,60.1998291015625
2026-09-01T13:29:00-07:00,1,98.5,118.65728759765625
2026-09-01T13:29:00-07:00,2,0.0,18.85064697265625
2026-09-01T13:29:00-07:00,3,100.0,134.7349853515625
2026-09-01T13:30:00-07:00,0,0.0,60.32814025878906
2026-09-01T13:30:00-07:00,1,90.25,118.66188049316406
2026-09-01T13:30:00-07:00,2,0.0,18.85064697265625
2026-09-01T13:30:00-07:00,3,91.75,134.7349853515625
2026-09-01T13:31:00-07:00,0,0.0,60.1998291015625
2026-09-01T13:31:00-07:00,1,100.0,118.65728759765625
2026-09-01T13:31:00-07:00,2,0.0,18.85064697265625
2026-09-01T13:31:00-07:00,3,100.0,134.7349853515625
2026-09-01T13:32:00-07:00,0,0.0,60.1998291015625
2026-09-01T13:32:00-07:00,1,87.25,118.65728759765625
2026-09-01T13:32:00-07:00,2,0.0,18.85064697265625
2026-09-01T13:32:00-07:00,3,86.5,134.7349853515625
2026-09-01T13:33:00-07:00,0,0.0,60.1998291015625
2026-09-01T13:33:00-07:00,1,97.25,118.65728759765625
2026-09-01T13:33:00-07:00,2,0.0,18.85064697265625
2026-09-01T13:33:00-07:00,3,96.75,134.7349853515625
2026-09-01T13:34:00-07:00,0,0.0,60.1998291015625
2026-09-01T13:34:00-07:00,1,91.25,118.65728759765625
2026-09-01T13:34:00-07:00,2,0.0,18.85064697265625
2026-09-01T13:34:00-07:00,3,86.75,134.7349853515625
2026-09-01T13:35:00-07:00,0,0.0,60.1998291015625
2026-09-01T13:35:00-07:00,1,44.75,118.65728759765625
2026-09-01T13:35:00-07:00,2,0.0,18.85064697265625
2026-09-01T13:35:00-07:00,3,90.75,134.7349853515625
2026-09-01T13:36:00-07:00,0,0.0,60.1998291015625
2026-09-01T13:36:00-07:00,1,0.0,118.65728759765625
2026-09-01T13:36:00-07:00,2,0.0,18.85064697265625
2026-09-01T13:36:00-07:00,3,25.0,134.7349853515625
2026-09-01T13:37:00-07:00,0,0.0,60.1998291015625
2026-09-01T13:37:00-07:00,1,3.5,118.65728759765625
2026-09-01T13:37:00-07:00,2,0.0,18.85064697265625
2026-09-01T13:37:00-07:00,3,76.0,134.7349853515625
2026-09-01T13:38:00-07:00,0,0.0,60.1998291015625
2026-09-01T13:38:00-07:00,1,2.0,118.65728759765625
2026-09-01T13:38:00-07:00,2,0.0,18.85064697265625
2026-09-01T13:38:00-07:00,3,75.0,134.7349853515625
2026-09-01T13:39:00-07:00,0,0.0,60.1998291015625
2026-09-01T13:39:00-07:00,1,25.0,118.65728759765625
2026-09-01T13:39:00-07:00,2,0.0,18.85064697265625
2026-09-01T13:39:00-07:00,3,100.0,134.7349853515625
2026-09-01T13:40:00-07:00,0,0.0,60.1998291015625
2026-09-01T13:40:00-07:00,1,96.75,118.65728759765625
2026-09-01T13:40:00-07:00,2,0.0,18.85064697265625
2026-09-01T13:40:00-07:00,3,98.25,134.7349853515625
2026-09-01T13:41:00-07:00,0,0.0,60.1998291015625
2026-09-01T13:41:00-07:00,1,88.0,118.65728759765625
2026-09-01T13:41:00-07:00,2,0.0,18.85064697265625
2026-09-01T13:41:00-07:00,3,87.25,134.7349853515625
2026-09-01T13:42:00-07:00,0,0.0,60.1998291015625
2026-09-01T13:42:00-07:00,1,85.0,118.65728759765625
2026-09-01T13:42:00-07:00,2,0.0,18.85064697265625
2026-09-01T13:42:00-07:00,3,82.5,134.7349853515625
2026-09-01T13:43:00-07:00,0,0.0,60.1998291015625
2026-09-01T13:43:00-07:00,1,100.0,118.65728759765625
2026-09-01T13:43:00-07:00,2,0.0,18.85064697265625
2026-09-01T13:43:00-07:00,3,100.0,134.7349853515625
2026-09-01T13:44:00-07:00,0,0.0,60.1998291015625
2026-09-01T13:44:00-07:00,1,88.25,118.65728759765625
2026-09-01T13:44:00-07:00,2,0.0,18.85064697265625
2026-09-01T13:44:00-07:00,3,87.0,134.7349853515625
2026-09-01T13:45:00-07:00,0,0.0,60.32814025878906
2026-09-01T13:45:00-07:00,1,96.75,118.78559875488281
2026-09-01T13:45:00-07:00,2,0.0,18.978958129882812
2026-09-01T13:45:00-07:00,3,100.0,134.86329650878906
2026-09-01T13:46:00-07:00,0,0.0,60.1998291015625
2026-09-01T13:46:00-07:00,1,88.75,118.65728759765625
2026-09-01T13:46:00-07:00,2,0.0,18.85064697265625
2026-09-01T13:46:00-07:00,3,91.75,134.7349853515625
2026-09-01T13:47:00-07:00,0,0.0,60.1998291015625
2026-09-01T13:47:00-07:00,1,95.5,118.65728759765625
2026-09-01T13:47:00-07:00,2,0.0,18.85064697265625
2026-09-01T13:47:00-07:00,3,95.0,134.7349853515625
2026-09-01T13:48:00-07:00,0,0.0,60.1998291015625
2026-09-01T13:48:00-07:00,1,94.25,118.65728759765625
2026-09-01T13:48:00-07:00,2,0.0,18.85064697265625
2026-09-01T13:48:00-07:00,3,98.0,134.7349853515625
2026-09-01T13:49:00-07:00,0,0.0,60.1998291015625
2026-09-01T13:49:00-07:00,1,86.0,118.65728759765625
2026-09-01T13:49:00-07:00,2,0.0,18.85064697265625
2026-09-01T13:49:00-07:00,3,85.5,134.7349853515625
2026-09-01T13:50:00-07:00,0,0.0,60.1998291015625
2026-09-01T13:50:00-07:00,1,93.5,118.65728759765625
2026-09-01T13:50:00-07:00,2,0.0,18.85064697265625
2026-09-01T13:50:00-07:00,3,86.0,134.7349853515625
2026-09-01T13:51:00-07:00,0,0.0,60.1998291015625
2026-09-01T13:51:00-07:00,1,94.0,118.65728759765625
2026-09-01T13:51:00-07:00,2,0.0,18.85064697265625
2026-09-01T13:51:00-07:00,3,95.0,134.7349853515625
2026-09-01T13:52:00-07:00,0,0.0,60.1998291015625
2026-09-01T13:52:00-07:00,1,87.75,118.65728759765625
2026-09-01T13:52:00-07:00,2,0.0,18.85064697265625
2026-09-01T13:52:00-07:00,3,86.75,134.7349853515625
2026-09-01T13:53:00-07:00,0,0.0,60.1998291015625
2026-09-01T13:53:00-07:00,1,80.0,118.65728759765625
2026-09-01T13:53:00-07:00,2,0.0,18.85064697265625
2026-09-01T13:53:00-07:00,3,82.0,134.7349853515625
2026-09-01T13:54:00-07:00,0,0.0,60.1998291015625
2026-09-01T13:54:00-07:00,1,97.0,118.65875244140625
2026-09-01T13:54:00-07:00,2,0.0,18.85064697265625
2026-09-01T13:54:00-07:00,3,100.0,134.7364501953125
2026-09-01T13:55:00-07:00,0,0.0,60.1998291015625
2026-09-01T13:55:00-07:00,1,91.0,118.65924072265625
2026-09-01T13:55:00-07:00,2,0.0,18.85064697265625
2026-09-01T13:55:00-07:00,3,89.25,134.7369384765625
2026-09-01T13:56:00-07:00,0,0.0,60.1998291015625
2026-09-01T13:56:00-07:00,1,44.75,118.65924072265625
2026-09-01T13:56:00-07:00,2,0.0,18.85064697265625
2026-09-01T13:56:00-07:00,3,93.5,134.7369384765625
2026-09-01T13:57:00-07:00,0,0.0,60.1998291015625
2026-09-01T13:57:00-07:00,1,2.0,118.65924072265625
2026-09-01T13:57:00-07:00,2,0.0,18.85064697265625
2026-09-01T13:57:00-07:00,3,100.0,134.7369384765625
2026-09-01T13:58:00-07:00,0,0.0,60.1998291015625
2026-09-01T13:58:00-07:00,1,0.0,118.65924072265625
2026-09-01T13:58:00-07:00,2,0.0,18.85064697265625
2026-09-01T13:58:00-07:00,3,50.0,134.7369384765625
2026-09-01T13:59:00-07:00,0,0.0,60.1998291015625
2026-09-01T13:59:00-07:00,1,1.75,118.65924072265625
2026-09-01T13:59:00-07:00,2,0.0,18.85064697265625
2026-09-01T13:59:00-07:00,3,75.0,134.7369384765625
2026-09-01T14:00:00-07:00,0,0.0,60.32814025878906
2026-09-01T14:00:00-07:00,1,48.5,118.78755187988281
2026-09-01T14:00:00-07:00,2,0.0,18.978958129882812
2026-09-01T14:00:00-07:00,3,95.5,135.72853088378906
2026-09-01T14:01:00-07:00,0,0.0,60.1998291015625
2026-09-01T14:01:00-07:00,1,94.0,118.65924072265625
2026-09-01T14:01:00-07:00,2,0.0,18.85064697265625
2026-09-01T14:01:00-07:00,3,96.25,136.4635009765625
2026-09-01T14:02:00-07:00,0,0.0,60.1998291015625
2026-09-01T14:02:00-07:00,1,91.25,118.65924072265625
2026-09-01T14:02:00-07:00,2,25.0,18.85064697265625
2026-09-01T14:02:00-07:00,3,93.75,136.4635009765625
2026-09-01T14:03:00-07:00,0,0.0,60.1998291015625
2026-09-01T14:03:00-07:00,1,89.75,118.65924072265625
2026-09-01T14:03:00-07:00,2,2.0,21.400344848632812
2026-09-01T14:03:00-07:00,3,88.75,136.4635009765625
2026-09-01T14:04:00-07:00,0,0.0,60.1998291015625
2026-09-01T14:04:00-07:00,1,100.0,118.65924072265625
2026-09-01T14:04:00-07:00,2,0.0,18.85064697265625
2026-09-01T14:04:00-07:00,3,100.0,136.4635009765625
2026-09-01T14:05:00-07:00,0,0.0,60.1998291015625
2026-09-01T14:05:00-07:00,1,96.5,118.65924072265625
2026-09-01T14:05:00-07:00,2,0.0,18.85064697265625
2026-09-01T14:05:00-07:00,3,96.25,136.4635009765625
2026-09-01T14:06:00-07:00,0,0.0,60.1998291015625
2026-09-01T14:06:00-07:00,1,85.5,118.65924072265625
2026-09-01T14:06:00-07:00,2,23.75,30.401809692382812
2026-09-01T14:06:00-07:00,3,86.5,136.4649658203125
2026-09-01T14:07:00-07:00,0,0.0,60.1998291015625
2026-09-01T14:07:00-07:00,1,84.25,118.65924072265625
2026-09-01T14:07:00-07:00,2,24.75,22.721633911132812
2026-09-01T14:07:00-07:00,3,82.5,136.4654541015625
2026-09-01T14:08:00-07:00,0,0.0,60.1998291015625
2026-09-01T14:08:00-07:00,1,90.0,118.65924072265625
2026-09-01T14:08:00-07:00,2,0.0,18.85064697265625
2026-09-01T14:08:00-07:00,3,80.0,136.4654541015625
2026-09-01T14:09:00-07:00,0,0.0,60.1998291015625
2026-09-01T14:09:00-07:00,1,94.5,118.65924072265625
2026-09-01T14:09:00-07:00,2,0.0,18.85064697265625
2026-09-01T14:09:00-07:00,3,89.5,136.4654541015625
2026-09-01T14:10:00-07:00,0,0.0,60.1998291015625
2026-09-01T14:10:00-07:00,1,98.0,118.65924072265625
2026-09-01T14:10:00-07:00,2,25.25,39.368011474609375
2026-09-01T14:10:00-07:00,3,92.0,136.4654541015625
2026-09-01T14:11:00-07:00,0,0.0,60.1998291015625
2026-09-01T14:11:00-07:00,1,95.5,118.65924072265625
2026-09-01T14:11:00-07:00,2,0.0,18.85064697265625
2026-09-01T14:11:00-07:00,3,93.0,136.4654541015625
2026-09-01T14:12:00-07:00,0,0.0,60.1998291015625
2026-09-01T14:12:00-07:00,1,86.25,118.65924072265625
2026-09-01T14:12:00-07:00,2,0.0,18.85064697265625
2026-09-01T14:12:00-07:00,3,84.25,136.4654541015625
2026-09-01T14:13:00-07:00,0,0.0,60.1998291015625
2026-09-01T14:13:00-07:00,1,100.0,118.65924072265625
2026-09-01T14:13:00-07:00,2,0.0,18.85064697265625
2026-09-01T14:13:00-07:00,3,95.0,136.4654541015625
2026-09-01T14:14:00-07:00,0,0.0,60.1998291015625
2026-09-01T14:14:00-07:00,1,100.0,118.65924072265625
2026-09-01T14:14:00-07:00,2,0.0,18.85064697265625
2026-09-01T14:14:00-07:00,3,100.0,136.4654541015625
2026-09-01T14:15:00-07:00,0,0.0,60.32814025878906
2026-09-01T14:15:00-07:00,1,99.5,123.94380187988281
2026-09-01T14:15:00-07:00,2,0.0,18.85064697265625
2026-09-01T14:15:00-07:00,3,100.0,136.4654541015625
2026-09-01T14:16:00-07:00,0,0.0,60.1998291015625
2026-09-01T14:16:00-07:00,1,97.25,123.81549072265625
2026-09-01T14:16:00-07:00,2,0.0,18.85064697265625
2026-09-01T14:16:00-07:00,3,95.25,136.4654541015625
2026-09-01T14:17:00-07:00,0,0.0,60.1998291015625
2026-09-01T14:17:00-07:00,1,28.75,123.81549072265625
2026-09-01T14:17:00-07:00,2,0.0,18.85064697265625
2026-09-01T14:17:00-07:00,3,74.25,136.4654541015625
2026-09-01T14:18:00-07:00,0,0.0,60.1998291015625
2026-09-01T14:18:00-07:00,1,0.0,123.81549072265625
2026-09-01T14:18:00-07:00,2,0.0,18.85064697265625
2026-09-01T14:18:00-07:00,3,50.0,136.4654541015625
2026-09-01T14:19:00-07:00,0,0.0,60.1998291015625
2026-09-01T14:19:00-07:00,1,1.75,123.81549072265625
2026-09-01T14:19:00-07:00,2,0.0,18.85064697265625
2026-09-01T14:19:00-07:00,3,76.25,136.4654541015625
2026-09-01T14:20:00-07:00,0,0.0,60.1998291015625
2026-09-01T14:20:00-07:00,1,2.25,123.81549072265625
2026-09-01T14:20:00-07:00,2,0.0,18.85064697265625
2026-09-01T14:20:00-07:00,3,100.0,136.4654541015625
2026-09-01T14:21:00-07:00,0,0.0,60.1998291015625
2026-09-01T14:21:00-07:00,1,75.0,123.81549072265625
2026-09-01T14:21:00-07:00,2,0.0,18.85064697265625
2026-09-01T14:21:00-07:00,3,100.0,136.4654541015625
2026-09-01T14:22:00-07:00,0,0.0,60.1998291015625
2026-09-01T14:22:00-07:00,1,100.0,123.81549072265625
2026-09-01T14:22:00-07:00,2,0.0,18.85064697265625
2026-09-01T14:22:00-07:00,3,100.0,136.4654541015625
2026-09-01T14:23:00-07:00,0,0.0,60.1998291015625
2026-09-01T14:23:00-07:00,1,100.0,123.81549072265625
2026-09-01T14:23:00-07:00,2,0.0,18.85064697265625
2026-09-01T14:23:00-07:00,3,100.0,136.4654541015625
2026-09-01T14:24:00-07:00,0,0.0,60.1998291015625
2026-09-01T14:24:00-07:00,1,100.0,123.81549072265625
2026-09-01T14:24:00-07:00,2,0.0,18.85064697265625
2026-09-01T14:24:00-07:00,3,100.0,136.4654541015625
2026-09-01T14:25:00-07:00,0,0.0,60.1998291015625
2026-09-01T14:25:00-07:00,1,99.75,123.81549072265625
2026-09-01T14:25:00-07:00,2,0.0,18.85064697265625
2026-09-01T14:25:00-07:00,3,100.0,136.4654541015625
2026-09-01T14:26:00-07:00,0,0.0,60.1998291015625
2026-09-01T14:26:00-07:00,1,100.0,123.81549072265625
2026-09-01T14:26:00-07:00,2,0.0,18.85064697265625
2026-09-01T14:26:00-07:00,3,100.0,136.4654541015625
2026-09-01T14:27:00-07:00,0,0.0,60.1998291015625
2026-09-01T14:27:00-07:00,1,100.0,123.81549072265625
2026-09-01T14:27:00-07:00,2,0.0,18.85064697265625
2026-09-01T14:27:00-07:00,3,100.0,136.4654541015625
2026-09-01T14:28:00-07:00,0,0.0,60.1998291015625
2026-09-01T14:28:00-07:00,1,95.5,123.81549072265625
2026-09-01T14:28:00-07:00,2,0.0,18.85064697265625
2026-09-01T14:28:00-07:00,3,95.75,136.4654541015625
2026-09-01T14:29:00-07:00,0,0.0,60.1998291015625
2026-09-01T14:29:00-07:00,1,91.25,123.81549072265625
2026-09-01T14:29:00-07:00,2,0.0,18.85064697265625
2026-09-01T14:29:00-07:00,3,91.75,136.4654541015625
2026-09-01T14:30:00-07:00,0,0.0,60.32814025878906
2026-09-01T14:30:00-07:00,1,100.0,123.82008361816406
2026-09-01T14:30:00-07:00,2,0.0,18.85064697265625
2026-09-01T14:30:00-07:00,3,100.0,136.4654541015625
2026-09-01T14:31:00-07:00,0,0.0,60.1998291015625
2026-09-01T14:31:00-07:00,1,100.0,123.81549072265625
2026-09-01T14:31:00-07:00,2,0.0,18.85064697265625
2026-09-01T14:31:00-07:00,3,100.0,136.4654541015625
2026-09-01T14:32:00-07:00,0,0.0,60.1998291015625
2026-09-01T14:32:00-07:00,1,97.25,123.81549072265625
2026-09-01T14:32:00-07:00,2,0.0,18.85064697265625
2026-09-01T14:32:00-07:00,3,96.75,136.4654541015625
2026-09-01T14:33:00-07:00,0,0.0,60.1998291015625
2026-09-01T14:33:00-07:00,1,94.5,123.81549072265625
2026-09-01T14:33:00-07:00,2,0.0,18.85064697265625
2026-09-01T14:33:00-07:00,3,96.75,136.4654541015625
2026-09-01T14:34:00-07:00,0,0.0,60.1998291015625
2026-09-01T14:34:00-07:00,1,97.25,123.81549072265625
2026-09-01T14:34:00-07:00,2,0.0,18.85064697265625
2026-09-01T14:34:00-07:00,3,96.75,136.4654541015625
2026-09-01T14:35:00-07:00,0,0.0,60.1998291015625
2026-09-01T14:35:00-07:00,1,94.25,123.81549072265625
2026-09-01T14:35:00-07:00,2,0.0,18.85064697265625
2026-09-01T14:35:00-07:00,3,96.75,136.4654541015625
2026-09-01T14:36:00-07:00,0,0.0,60.1998291015625
2026-09-01T14:36:00-07:00,1,97.25,123.81549072265625
2026-09-01T14:36:00-07:00,2,0.0,18.85064697265625
2026-09-01T14:36:00-07:00,3,96.75,136.4654541015625
2026-09-01T14:37:00-07:00,0,0.0,60.1998291015625
2026-09-01T14:37:00-07:00,1,97.0,123.81549072265625
2026-09-01T14:37:00-07:00,2,0.0,18.85064697265625
2026-09-01T14:37:00-07:00,3,96.5,136.4654541015625
2026-09-01T14:38:00-07:00,0,0.0,60.1998291015625
2026-09-01T14:38:00-07:00,1,0.0,123.81549072265625
2026-09-01T14:38:00-07:00,2,0.0,18.85064697265625
2026-09-01T14:38:00-07:00,3,100.0,136.4654541015625
2026-09-01T14:39:00-07:00,0,0.0,60.1998291015625
2026-09-01T14:39:00-07:00,1,1.75,123.81549072265625
2026-09-01T14:39:00-07:00,2,0.0,18.85064697265625
2026-09-01T14:39:00-07:00,3,75.0,136.4654541015625
2026-09-01T14:40:00-07:00,0,0.0,60.1998291015625
2026-09-01T14:40:00-07:00,1,14.5,123.81549072265625
2026-09-01T14:40:00-07:00,2,0.0,18.85064697265625
2026-09-01T14:40:00-07:00,3,51.0,136.4654541015625
2026-09-01T14:41:00-07:00,0,0.0,60.1998291015625
2026-09-01T14:41:00-07:00,1,0.0,123.81549072265625
2026-09-01T14:41:00-07:00,2,0.0,18.85064697265625
2026-09-01T14:41:00-07:00,3,100.0,136.4654541015625
2026-09-01T14:42:00-07:00,0,0.0,60.1998291015625
2026-09-01T14:42:00-07:00,1,59.0,123.81549072265625
2026-09-01T14:42:00-07:00,2,0.0,18.85064697265625
2026-09-01T14:42:00-07:00,3,84.25,136.4654541015625
2026-09-01T14:43:00-07:00,0,0.0,60.1998291015625
2026-09-01T14:43:00-07:00,1,83.25,123.81549072265625
2026-09-01T14:43:00-07:00,2,0.0,18.85064697265625
2026-09-01T14:43:00-07:00,3,79.0,136.4654541015625
2026-09-01T14:44:00-07:00,0,0.0,60.1998291015625
2026-09-01T14:44:00-07:00,1,94.5,123.81549072265625
2026-09-01T14:44:00-07:00,2,0.0,18.85064697265625
2026-09-01T14:44:00-07:00,3,97.5,136.4654541015625
2026-09-01T14:45:00-07:00,0,0.0,60.32814025878906
2026-09-01T14:45:00-07:00,1,100.0,123.94380187988281
2026-09-01T14:45:00-07:00,2,0.0,18.855911254882812
2026-09-01T14:45:00-07:00,3,100.0,136.4654541015625
2026-09-01T14:46:00-07:00,0,0.0,60.1998291015625
2026-09-01T14:46:00-07:00,1,99.0,123.81549072265625
2026-09-01T14:46:00-07:00,2,0.0,18.85064697265625
2026-09-01T14:46:00-07:00,3,100.0,136.4654541015625
2026-09-01T14:47:00-07:00,0,0.0,60.1998291015625
2026-09-01T14:47:00-07:00,1,94.0,123.81549072265625
2026-09-01T14:47:00-07:00,2,0.0,18.85064697265625
2026-09-01T14:47:00-07:00,3,96.75,136.4654541015625
2026-09-01T14:48:00-07:00,0,0.0,60.1998291015625
2026-09-01T14:48:00-07:00,1,89.25,123.81549072265625
2026-09-01T14:48:00-07:00,2,0.0,18.85064697265625
2026-09-01T14:48:00-07:00,3,89.25,136.4654541015625
2026-09-01T14:49:00-07:00,0,0.0,60.1998291015625
2026-09-01T14:49:00-07:00,1,91.0,123.81549072265625
2026-09-01T14:49:00-07:00,2,0.0,18.85064697265625
2026-09-01T14:49:00-07:00,3,89.75,136.4654541015625
2026-09-01T14:50:00-07:00,0,0.0,60.1998291015625
2026-09-01T14:50:00-07:00,1,100.0,123.81549072265625
2026-09-01T14:50:00-07:00,2,0.0,18.85064697265625
2026-09-01T14:50:00-07:00,3,100.0,136.4654541015625
2026-09-01T14:51:00-07:00,0,0.0,60.1998291015625
2026-09-01T14:51:00-07:00,1,100.0,123.81549072265625
2026-09-01T14:51:00-07:00,2,0.0,18.85064697265625
2026-09-01T14:51:00-07:00,3,100.0,136.4654541015625
2026-09-01T14:52:00-07:00,0,0.0,60.1998291015625
2026-09-01T14:52:00-07:00,1,99.5,123.81549072265625
2026-09-01T14:52:00-07:00,2,0.0,18.85064697265625
2026-09-01T14:52:00-07:00,3,100.0,136.4654541015625
2026-09-01T14:53:00-07:00,0,0.0,60.1998291015625
2026-09-01T14:53:00-07:00,1,98.75,123.81549072265625
2026-09-01T14:53:00-07:00,2,0.0,18.85064697265625
2026-09-01T14:53:00-07:00,3,100.0,136.4654541015625
2026-09-01T14:54:00-07:00,0,0.0,60.1998291015625
2026-09-01T14:54:00-07:00,1,99.75,123.81549072265625
2026-09-01T14:54:00-07:00,2,0.0,18.85064697265625
2026-09-01T14:54:00-07:00,3,100.0,136.4654541015625
2026-09-01T14:55:00-07:00,0,0.0,60.1998291015625
2026-09-01T14:55:00-07:00,1,100.0,123.81549072265625
2026-09-01T14:55:00-07:00,2,0.0,18.85064697265625
2026-09-01T14:55:00-07:00,3,98.5,136.4654541015625
2026-09-01T14:56:00-07:00,0,0.0,60.1998291015625
2026-09-01T14:56:00-07:00,1,90.0,123.81549072265625
2026-09-01T14:56:00-07:00,2,0.0,18.85064697265625
2026-09-01T14:56:00-07:00,3,93.5,136.4654541015625
2026-09-01T14:57:00-07:00,0,0.0,60.1998291015625
2026-09-01T14:57:00-07:00,1,90.5,123.81549072265625
2026-09-01T14:57:00-07:00,2,0.0,18.85064697265625
2026-09-01T14:57:00-07:00,3,88.5,136.4654541015625
2026-09-01T14:58:00-07:00,0,0.0,60.1998291015625
2026-09-01T14:58:00-07:00,1,66.0,123.81549072265625
2026-09-01T14:58:00-07:00,2,0.0,18.85064697265625
2026-09-01T14:58:00-07:00,3,64.5,136.4654541015625
2026-09-01T14:59:00-07:00,0,0.0,60.1998291015625
2026-09-01T14:59:00-07:00,1,0.0,123.81549072265625
2026-09-01T14:59:00-07:00,2,0.0,18.85064697265625
2026-09-01T14:59:00-07:00,3,75.0,136.4654541015625
2026-09-01T15:00:00-07:00,0,0.0,60.32814025878906
2026-09-01T15:00:00-07:00,1,2.0,123.94380187988281
2026-09-01T15:00:00-07:00,2,0.75,18.978958129882812
2026-09-01T15:00:00-07:00,3,75.0,136.4700469970703
2026-09-01T15:01:00-07:00,0,0.0,60.1998291015625
2026-09-01T15:01:00-07:00,1,5.5,123.81549072265625
2026-09-01T15:01:00-07:00,2,0.0,18.85064697265625
2026-09-01T15:01:00-07:00,3,80.75,136.4654541015625
2026-09-01T15:02:00-07:00,0,0.0,60.1998291015625
2026-09-01T15:02:00-07:00,1,0.0,123.81549072265625
2026-09-01T15:02:00-07:00,2,0.0,18.85064697265625
2026-09-01T15:02:00-07:00,3,75.0,136.4654541015625
2026-09-01T15:03:00-07:00,0,0.0,60.1998291015625
2026-09-01T15:03:00-07:00,1,98.0,123.81549072265625
2026-09-01T15:03:00-07:00,2,0.0,18.85064697265625
2026-09-01T15:03:00-07:00,3,100.0,136.4654541015625
2026-09-01T15:04:00-07:00,0,0.0,60.1998291015625
2026-09-01T15:04:00-07:00,1,100.0,123.81549072265625
2026-09-01T15:04:00-07:00,2,0.0,18.85064697265625
2026-09-01T15:04:00-07:00,3,100.0,136.4654541015625
2026-09-01T15:05:00-07:00,0,0.0,60.1998291015625
2026-09-01T15:05:00-07:00,1,100.0,123.81549072265625
2026-09-01T15:05:00-07:00,2,0.0,18.85064697265625
2026-09-01T15:05:00-07:00,3,100.0,136.4654541015625
2026-09-01T15:06:00-07:00,0,0.0,60.1998291015625
2026-09-01T15:06:00-07:00,1,99.25,123.81549072265625
2026-09-01T15:06:00-07:00,2,0.0,18.85064697265625
2026-09-01T15:06:00-07:00,3,100.0,136.4654541015625
2026-09-01T15:07:00-07:00,0,0.0,60.1998291015625
2026-09-01T15:07:00-07:00,1,99.25,123.81549072265625
2026-09-01T15:07:00-07:00,2,0.0,18.85064697265625
2026-09-01T15:07:00-07:00,3,100.0,136.4654541015625
2026-09-01T15:08:00-07:00,0,0.0,60.1998291015625
2026-09-01T15:08:00-07:00,1,99.75,123.81549072265625
2026-09-01T15:08:00-07:00,2,0.0,18.85064697265625
2026-09-01T15:08:00-07:00,3,100.0,136.4654541015625
2026-09-01T15:09:00-07:00,0,0.0,60.1998291015625
2026-09-01T15:09:00-07:00,1,100.0,123.81549072265625
2026-09-01T15:09:00-07:00,2,0.0,18.85064697265625
2026-09-01T15:09:00-07:00,3,100.0,136.4654541015625
2026-09-01T15:10:00-07:00,0,0.0,60.1998291015625
2026-09-01T15:10:00-07:00,1,100.0,123.81549072265625
2026-09-01T15:10:00-07:00,2,0.0,18.85064697265625
2026-09-01T15:10:00-07:00,3,100.0,136.4654541015625
2026-09-01T15:11:00-07:00,0,0.0,60.1998291015625
2026-09-01T15:11:00-07:00,1,100.0,123.81549072265625
2026-09-01T15:11:00-07:00,2,0.0,18.85064697265625
2026-09-01T15:11:00-07:00,3,100.0,136.4654541015625
2026-09-01T15:12:00-07:00,0,0.0,60.1998291015625
2026-09-01T15:12:00-07:00,1,100.0,123.81549072265625
2026-09-01T15:12:00-07:00,2,0.0,18.85064697265625
2026-09-01T15:12:00-07:00,3,100.0,136.4654541015625
2026-09-01T15:13:00-07:00,0,0.0,60.1998291015625
2026-09-01T15:13:00-07:00,1,100.0,123.81549072265625
2026-09-01T15:13:00-07:00,2,0.0,18.85064697265625
2026-09-01T15:13:00-07:00,3,100.0,136.4654541015625
2026-09-01T15:14:00-07:00,0,0.0,60.1998291015625
2026-09-01T15:14:00-07:00,1,89.25,123.81549072265625
2026-09-01T15:14:00-07:00,2,0.0,18.85064697265625
2026-09-01T15:14:00-07:00,3,95.0,136.4654541015625
2026-09-01T15:15:00-07:00,0,0.0,60.32814025878906
2026-09-01T15:15:00-07:00,1,79.75,123.94380187988281
2026-09-01T15:15:00-07:00,2,0.0,18.978958129882812
2026-09-01T15:15:00-07:00,3,82.0,136.59376525878906
2026-09-01T15:16:00-07:00,0,0.0,60.1998291015625
2026-09-01T15:16:00-07:00,1,85.25,123.81549072265625
2026-09-01T15:16:00-07:00,2,0.0,18.85064697265625
2026-09-01T15:16:00-07:00,3,81.25,136.4654541015625
2026-09-01T15:17:00-07:00,0,0.0,60.1998291015625
2026-09-01T15:17:00-07:00,1,87.0,123.81549072265625
2026-09-01T15:17:00-07:00,2,0.0,18.85064697265625
2026-09-01T15:17:00-07:00,3,85.5,136.4654541015625
2026-09-01T15:18:00-07:00,0,0.0,60.1998291015625
2026-09-01T15:18:00-07:00,1,91.5,123.81549072265625
2026-09-01T15:18:00-07:00,2,0.0,18.85064697265625
2026-09-01T15:18:00-07:00,3,90.0,136.4654541015625
2026-09-01T15:19:00-07:00,0,0.0,60.1998291015625
2026-09-01T15:19:00-07:00,1,73.75,123.81549072265625
2026-09-01T15:19:00-07:00,2,0.0,18.85064697265625
2026-09-01T15:19:00-07:00,3,94.25,136.4654541015625
2026-09-01T15:20:00-07:00,0,0.0,60.1998291015625
2026-09-01T15:20:00-07:00,1,0.0,123.81549072265625
2026-09-01T15:20:00-07:00,2,0.0,18.85064697265625
2026-09-01T15:20:00-07:00,3,100.0,136.4654541015625
2026-09-01T15:21:00-07:00,0,0.0,60.1998291015625
2026-09-01T15:21:00-07:00,1,0.0,123.81549072265625
2026-09-01T15:21:00-07:00,2,0.0,18.85064697265625
2026-09-01T15:21:00-07:00,3,75.0,136.4654541015625
2026-09-01T15:22:00-07:00,0,0.0,60.1998291015625
2026-09-01T15:22:00-07:00,1,3.25,123.81549072265625
2026-09-01T15:22:00-07:00,2,0.0,18.85064697265625
2026-09-01T15:22:00-07:00,3,51.0,136.4654541015625
2026-09-01T15:23:00-07:00,0,0.0,60.1998291015625
2026-09-01T15:23:00-07:00,1,21.5,123.81549072265625
2026-09-01T15:23:00-07:00,2,0.0,18.85064697265625
2026-09-01T15:23:00-07:00,3,96.75,136.4654541015625
2026-09-01T15:24:00-07:00,0,0.0,60.1998291015625
2026-09-01T15:24:00-07:00,1,95.75,123.81549072265625
2026-09-01T15:24:00-07:00,2,0.0,18.85064697265625
2026-09-01T15:24:00-07:00,3,93.5,136.4654541015625
2026-09-01T15:25:00-07:00,0,0.0,60.1998291015625
2026-09-01T15:25:00-07:00,1,99.25,123.81549072265625
2026-09-01T15:25:00-07:00,2,0.0,18.85064697265625
2026-09-01T15:25:00-07:00,3,100.0,136.4654541015625
2026-09-01T15:26:00-07:00,0,0.0,60.1998291015625
2026-09-01T15:26:00-07:00,1,99.0,123.81549072265625
2026-09-01T15:26:00-07:00,2,0.0,18.85064697265625
2026-09-01T15:26:00-07:00,3,100.0,136.4654541015625
2026-09-01T15:27:00-07:00,0,0.0,60.1998291015625
2026-09-01T15:27:00-07:00,1,100.0,123.81549072265625
2026-09-01T15:27:00-07:00,2,0.0,18.85064697265625
2026-09-01T15:27:00-07:00,3,100.0,136.4654541015625
2026-09-01T15:28:00-07:00,0,0.0,60.1998291015625
2026-09-01T15:28:00-07:00,1,100.0,123.81549072265625
2026-09-01T15:28:00-07:00,2,0.0,18.85064697265625
2026-09-01T15:28:00-07:00,3,100.0,136.4654541015625
2026-09-01T15:29:00-07:00,0,0.0,60.1998291015625
2026-09-01T15:29:00-07:00,1,100.0,123.81549072265625
2026-09-01T15:29:00-07:00,2,0.0,18.85064697265625
2026-09-01T15:29:00-07:00,3,100.0,136.4654541015625
2026-09-01T15:30:00-07:00,0,0.0,60.32814025878906
2026-09-01T15:30:00-07:00,1,100.0,123.94380187988281
2026-09-01T15:30:00-07:00,2,0.0,18.978958129882812
2026-09-01T15:30:00-07:00,3,100.0,136.59376525878906
2026-09-01T15:31:00-07:00,0,0.0,60.1998291015625
2026-09-01T15:31:00-07:00,1,100.0,123.81549072265625
2026-09-01T15:31:00-07:00,2,0.0,18.85064697265625
2026-09-01T15:31:00-07:00,3,100.0,136.4654541015625
2026-09-01T15:32:00-07:00,0,0.0,60.1998291015625
2026-09-01T15:32:00-07:00,1,100.0,123.81549072265625
2026-09-01T15:32:00-07:00,2,0.0,18.85064697265625
2026-09-01T15:32:00-07:00,3,100.0,136.4654541015625
2026-09-01T15:33:00-07:00,0,0.0,60.1998291015625
2026-09-01T15:33:00-07:00,1,100.0,123.81549072265625
2026-09-01T15:33:00-07:00,2,0.0,18.85064697265625
2026-09-01T15:33:00-07:00,3,100.0,136.4654541015625
2026-09-01T15:34:00-07:00,0,0.0,60.1998291015625
2026-09-01T15:34:00-07:00,1,94.5,123.81549072265625
2026-09-01T15:34:00-07:00,2,0.0,18.85064697265625
2026-09-01T15:34:00-07:00,3,98.25,136.4654541015625
2026-09-01T15:35:00-07:00,0,0.0,60.1998291015625
2026-09-01T15:35:00-07:00,1,87.25,123.81549072265625
2026-09-01T15:35:00-07:00,2,0.0,18.85064697265625
2026-09-01T15:35:00-07:00,3,87.0,136.4654541015625
2026-09-01T15:36:00-07:00,0,0.0,60.1998291015625
2026-09-01T15:36:00-07:00,1,84.25,123.81549072265625
2026-09-01T15:36:00-07:00,2,0.0,18.85064697265625
2026-09-01T15:36:00-07:00,3,86.5,136.4654541015625
2026-09-01T15:37:00-07:00,0,0.0,60.1998291015625
2026-09-01T15:37:00-07:00,1,84.25,123.81549072265625
2026-09-01T15:37:00-07:00,2,0.0,18.85064697265625
2026-09-01T15:37:00-07:00,3,81.75,136.4654541015625
2026-09-01T15:38:00-07:00,0,0.0,60.1998291015625
2026-09-01T15:38:00-07:00,1,84.0,123.81549072265625
2026-09-01T15:38:00-07:00,2,0.0,18.85064697265625
2026-09-01T15:38:00-07:00,3,81.75,136.4654541015625
2026-09-01T15:39:00-07:00,0,0.0,60.1998291015625
2026-09-01T15:39:00-07:00,1,86.75,123.81549072265625
2026-09-01T15:39:00-07:00,2,0.0,18.85064697265625
2026-09-01T15:39:00-07:00,3,78.25,136.4654541015625
2026-09-01T15:40:00-07:00,0,0.0,60.1998291015625
2026-09-01T15:40:00-07:00,1,41.25,123.81549072265625
2026-09-01T15:40:00-07:00,2,0.0,18.85064697265625
2026-09-01T15:40:00-07:00,3,88.25,136.4654541015625
2026-09-01T15:41:00-07:00,0,0.0,60.1998291015625
2026-09-01T15:41:00-07:00,1,1.75,123.81549072265625
2026-09-01T15:41:00-07:00,2,0.0,18.85064697265625
2026-09-01T15:41:00-07:00,3,50.0,136.4654541015625
2026-09-01T15:42:00-07:00,0,0.0,60.1998291015625
2026-09-01T15:42:00-07:00,1,0.0,123.81549072265625
2026-09-01T15:42:00-07:00,2,0.0,18.85064697265625
2026-09-01T15:42:00-07:00,3,51.25,136.4654541015625
2026-09-01T15:43:00-07:00,0,0.0,60.1998291015625
2026-09-01T15:43:00-07:00,1,1.25,123.81549072265625
2026-09-01T15:43:00-07:00,2,0.0,18.85064697265625
2026-09-01T15:43:00-07:00,3,100.0,136.4654541015625
2026-09-01T15:44:00-07:00,0,0.0,60.1998291015625
2026-09-01T15:44:00-07:00,1,46.75,123.81549072265625
2026-09-01T15:44:00-07:00,2,0.0,18.85064697265625
2026-09-01T15:44:00-07:00,3,93.0,136.4654541015625
2026-09-01T15:45:00-07:00,0,0.0,60.32814025878906
2026-09-01T15:45:00-07:00,1,89.75,123.82000732421875
2026-09-01T15:45:00-07:00,2,0.0,18.85064697265625
2026-09-01T15:45:00-07:00,3,86.0,136.4654541015625
2026-09-01T15:46:00-07:00,0,0.0,60.1998291015625
2026-09-01T15:46:00-07:00,1,88.75,123.81549072265625
2026-09-01T15:46:00-07:00,2,0.0,18.85064697265625
2026-09-01T15:46:00-07:00,3,85.75,136.4654541015625
2026-09-01T15:47:00-07:00,0,0.0,60.1998291015625
2026-09-01T15:47:00-07:00,1,88.5,123.81549072265625
2026-09-01T15:47:00-07:00,2,0.0,18.85064697265625
2026-09-01T15:47:00-07:00,3,85.5,136.4654541015625
2026-09-01T15:48:00-07:00,0,0.0,60.1998291015625
2026-09-01T15:48:00-07:00,1,88.5,123.81549072265625
2026-09-01T15:48:00-07:00,2,0.0,18.85064697265625
2026-09-01T15:48:00-07:00,3,86.5,136.4654541015625
2026-09-01T15:49:00-07:00,0,0.0,60.1998291015625
2026-09-01T15:49:00-07:00,1,88.0,123.81549072265625
2026-09-01T15:49:00-07:00,2,0.0,18.85064697265625
2026-09-01T15:49:00-07:00,3,86.25,136.4654541015625
2026-09-01T15:50:00-07:00,0,0.0,60.1998291015625
2026-09-01T15:50:00-07:00,1,87.0,123.81549072265625
2026-09-01T15:50:00-07:00,2,0.0,18.85064697265625
2026-09-01T15:50:00-07:00,3,85.75,136.4654541015625
2026-09-01T15:51:00-07:00,0,0.0,60.1998291015625
2026-09-01T15:51:00-07:00,1,88.0,123.81549072265625
2026-09-01T15:51:00-07:00,2,0.0,18.85064697265625
2026-09-01T15:51:00-07:00,3,86.25,136.4654541015625
2026-09-01T15:52:00-07:00,0,0.0,60.1998291015625
2026-09-01T15:52:00-07:00,1,88.25,123.81549072265625
2026-09-01T15:52:00-07:00,2,0.0,18.85064697265625
2026-09-01T15:52:00-07:00,3,84.0,136.4654541015625
2026-09-01T15:53:00-07:00,0,0.0,60.1998291015625
2026-09-01T15:53:00-07:00,1,82.0,123.81549072265625
2026-09-01T15:53:00-07:00,2,0.0,18.85064697265625
2026-09-01T15:53:00-07:00,3,79.25,136.4654541015625
2026-09-01T15:54:00-07:00,0,0.0,60.1998291015625
2026-09-01T15:54:00-07:00,1,85.25,123.81549072265625
2026-09-01T15:54:00-07:00,2,0.0,18.85064697265625
2026-09-01T15:54:00-07:00,3,77.0,136.4654541015625
2026-09-01T15:55:00-07:00,0,0.0,60.1998291015625
2026-09-01T15:55:00-07:00,1,93.0,123.81549072265625
2026-09-01T15:55:00-07:00,2,0.0,18.85064697265625
2026-09-01T15:55:00-07:00,3,90.75,136.4654541015625
2026-09-01T15:56:00-07:00,0,0.0,60.1998291015625
2026-09-01T15:56:00-07:00,1,94.25,123.81549072265625
2026-09-01T15:56:00-07:00,2,0.0,18.85064697265625
2026-09-01T15:56:00-07:00,3,83.0,136.4654541015625
2026-09-01T15:57:00-07:00,0,0.0,60.1998291015625
2026-09-01T15:57:00-07:00,1,88.75,123.81549072265625
2026-09-01T15:57:00-07:00,2,0.0,18.85064697265625
2026-09-01T15:57:00-07:00,3,86.5,136.4654541015625
2026-09-01T15:58:00-07:00,0,0.0,60.1998291015625
2026-09-01T15:58:00-07:00,1,87.0,123.81549072265625
2026-09-01T15:58:00-07:00,2,0.0,18.85064697265625
2026-09-01T15:58:00-07:00,3,86.0,136.4654541015625
2026-09-01T15:59:00-07:00,0,0.0,60.1998291015625
2026-09-01T15:59:00-07:00,1,85.0,123.81549072265625
2026-09-01T15:59:00-07:00,2,0.0,18.85064697265625
2026-09-01T15:59:00-07:00,3,85.25,136.4654541015625
2026-09-01T16:00:00-07:00,0,0.0,60.32814025878906
2026-09-01T16:00:00-07:00,1,94.75,123.94380187988281
2026-09-01T16:00:00-07:00,2,0.0,18.978958129882812
2026-09-01T16:00:00-07:00,3,95.0,136.59376525878906
2026-09-01T16:01:00-07:00,0,0.0,60.1998291015625
2026-09-01T16:01:00-07:00,1,25.0,123.81549072265625
2026-09-01T16:01:00-07:00,2,0.0,18.85064697265625
2026-09-01T16:01:00-07:00,3,76.0,136.4654541015625
2026-09-01T16:02:00-07:00,0,0.0,60.1998291015625
2026-09-01T16:02:00-07:00,1,0.0,123.81549072265625
2026-09-01T16:02:00-07:00,2,0.0,18.85064697265625
2026-09-01T16:02:00-07:00,3,75.0,136.4654541015625
2026-09-01T16:03:00-07:00,0,0.0,60.1998291015625
2026-09-01T16:03:00-07:00,1,2.25,123.81549072265625
2026-09-01T16:03:00-07:00,2,0.0,18.85064697265625
2026-09-01T16:03:00-07:00,3,70.75,136.4654541015625
2026-09-01T16:04:00-07:00,0,0.0,60.1998291015625
2026-09-01T16:04:00-07:00,1,5.0,123.81549072265625
2026-09-01T16:04:00-07:00,2,0.0,18.85064697265625
2026-09-01T16:04:00-07:00,3,100.0,136.4654541015625
2026-09-01T16:05:00-07:00,0,0.0,60.1998291015625
2026-09-01T16:05:00-07:00,1,0.0,123.81549072265625
2026-09-01T16:05:00-07:00,2,0.0,18.85064697265625
2026-09-01T16:05:00-07:00,3,81.75,136.4654541015625
2026-09-01T16:06:00-07:00,0,0.0,60.1998291015625
2026-09-01T16:06:00-07:00,1,0.0,123.81549072265625
2026-09-01T16:06:00-07:00,2,0.0,18.85064697265625
2026-09-01T16:06:00-07:00,3,100.0,136.4654541015625
2026-09-01T16:07:00-07:00,0,0.0,60.1998291015625
2026-09-01T16:07:00-07:00,1,0.0,123.81549072265625
2026-09-01T16:07:00-07:00,2,0.0,18.85064697265625
2026-09-01T16:07:00-07:00,3,50.0,136.4654541015625
2026-09-01T16:08:00-07:00,0,0.0,60.1998291015625
2026-09-01T16:08:00-07:00,1,2.0,123.81549072265625
2026-09-01T16:08:00-07:00,2,0.0,18.85064697265625
2026-09-01T16:08:00-07:00,3,74.75,136.4654541015625
2026-09-01T16:09:00-07:00,0,0.0,60.1998291015625
2026-09-01T16:09:00-07:00,1,0.0,123.81549072265625
2026-09-01T16:09:00-07:00,2,0.0,18.85064697265625
2026-09-01T16:09:00-07:00,3,100.0,136.4654541015625
2026-09-05T19:01:00-07:00,0,0.0,60.1998291015625
2026-09-05T19:01:00-07:00,1,99.25,100.4141845703125
2026-09-05T19:01:00-07:00,2,74.5,34.2593994140625
2026-09-05T19:01:00-07:00,3,74.5,31.4937744140625
2026-09-05T19:02:00-07:00,0,0.0,60.1998291015625
2026-09-05T19:02:00-07:00,1,100.0,120.8189697265625
2026-09-05T19:02:00-07:00,2,99.5,47.9166259765625
2026-09-05T19:02:00-07:00,3,99.5,45.1510009765625
2026-09-05T19:03:00-07:00,0,0.0,60.1998291015625
2026-09-05T19:03:00-07:00,1,99.0,120.8267822265625
2026-09-05T19:03:00-07:00,2,94.25,47.9166259765625
2026-09-05T19:03:00-07:00,3,98.75,45.1510009765625
2026-09-05T19:04:00-07:00,0,0.0,60.1998291015625
2026-09-05T19:04:00-07:00,1,100.0,120.8267822265625
2026-09-05T19:04:00-07:00,2,75.0,47.9166259765625
2026-09-05T19:04:00-07:00,3,74.5,45.1510009765625
2026-09-05T19:05:00-07:00,0,0.0,60.1998291015625
2026-09-05T19:05:00-07:00,1,100.0,120.8267822265625
2026-09-05T19:05:00-07:00,2,99.25,47.9166259765625
2026-09-05T19:05:00-07:00,3,98.75,45.1510009765625
2026-09-05T19:06:00-07:00,0,0.0,60.1998291015625
2026-09-05T19:06:00-07:00,1,100.0,120.8267822265625
2026-09-05T19:06:00-07:00,2,87.0,47.9166259765625
2026-09-05T19:06:00-07:00,3,75.75,45.1510009765625
2026-09-05T19:07:00-07:00,0,0.0,60.1998291015625
2026-09-05T19:07:00-07:00,1,100.0,120.8267822265625
2026-09-05T19:07:00-07:00,2,98.75,47.9166259765625
2026-09-05T19:07:00-07:00,3,99.0,45.1510009765625
2026-09-05T19:08:00-07:00,0,0.0,60.1998291015625
2026-09-05T19:08:00-07:00,1,100.0,120.8267822265625
2026-09-05T19:08:00-07:00,2,99.5,47.9166259765625
2026-09-05T19:08:00-07:00,3,99.5,45.1510009765625
2026-09-05T19:09:00-07:00,0,0.0,60.1998291015625
2026-09-05T19:09:00-07:00,1,100.0,120.8267822265625
2026-09-05T19:09:00-07:00,2,98.75,47.9166259765625
2026-09-05T19:09:00-07:00,3,99.0,45.1510009765625
2026-09-05T19:10:00-07:00,0,0.0,60.1998291015625
2026-09-05T19:10:00-07:00,1,100.0,120.8267822265625
2026-09-05T19:10:00-07:00,2,98.25,47.9166259765625
2026-09-05T19:10:00-07:00,3,99.5,45.1510009765625
2026-09-05T19:11:00-07:00,0,0.0,60.1998291015625
2026-09-05T19:11:00-07:00,1,100.0,120.8287353515625
2026-09-05T19:11:00-07:00,2,99.25,47.9166259765625
2026-09-05T19:11:00-07:00,3,99.5,45.1510009765625
2026-09-05T19:12:00-07:00,0,0.0,60.1998291015625
2026-09-05T19:12:00-07:00,1,100.0,120.8287353515625
2026-09-05T19:12:00-07:00,2,99.25,47.9166259765625
2026-09-05T19:12:00-07:00,3,99.0,45.1510009765625
2026-09-05T19:13:00-07:00,0,0.0,60.1998291015625
2026-09-05T19:13:00-07:00,1,100.0,120.8287353515625
2026-09-05T19:13:00-07:00,2,99.5,47.9166259765625
2026-09-05T19:13:00-07:00,3,99.5,45.1510009765625
2026-09-05T19:14:00-07:00,0,0.0,60.1998291015625
2026-09-05T19:14:00-07:00,1,96.25,120.8287353515625
2026-09-05T19:14:00-07:00,2,75.0,47.9166259765625
2026-09-05T19:14:00-07:00,3,75.0,45.1510009765625
2026-09-05T19:15:00-07:00,0,0.0,60.1998291015625
2026-09-05T19:15:00-07:00,1,100.0,120.8287353515625
2026-09-05T19:15:00-07:00,2,77.25,47.9166259765625
2026-09-05T19:15:00-07:00,3,99.0,45.1510009765625
2026-09-05T19:16:00-07:00,0,0.0,60.1998291015625
2026-09-05T19:16:00-07:00,1,87.0,120.8287353515625
2026-09-05T19:16:00-07:00,2,74.5,47.9166259765625
2026-09-05T19:16:00-07:00,3,74.5,45.1510009765625
2026-09-05T19:17:00-07:00,0,0.0,60.1998291015625
2026-09-05T19:17:00-07:00,1,100.0,120.8287353515625
2026-09-05T19:17:00-07:00,2,74.25,47.9166259765625
2026-09-05T19:17:00-07:00,3,74.5,45.1510009765625
2026-09-05T19:18:00-07:00,0,0.0,60.1998291015625
2026-09-05T19:18:00-07:00,1,100.0,120.8287353515625
2026-09-05T19:18:00-07:00,2,99.25,47.9166259765625
2026-09-05T19:18:00-07:00,3,99.0,45.1510009765625
2026-09-05T19:19:00-07:00,0,0.0,60.1998291015625
2026-09-05T19:19:00-07:00,1,100.0,120.8287353515625
2026-09-05T19:19:00-07:00,2,99.5,47.9166259765625
2026-09-05T19:19:00-07:00,3,99.5,45.1510009765625
2026-09-05T19:20:00-07:00,0,0.0,60.1998291015625
2026-09-05T19:20:00-07:00,1,100.0,120.8287353515625
2026-09-05T19:20:00-07:00,2,99.0,47.9166259765625
2026-09-05T19:20:00-07:00,3,99.5,45.1510009765625
2026-09-05T19:21:00-07:00,0,0.0,60.1998291015625
2026-09-05T19:21:00-07:00,1,100.0,120.8287353515625
2026-09-05T19:21:00-07:00,2,99.5,47.9166259765625
2026-09-05T19:21:00-07:00,3,99.5,45.1510009765625
2026-09-05T19:22:00-07:00,0,0.0,60.1998291015625
2026-09-05T19:22:00-07:00,1,100.0,120.8287353515625
2026-09-05T19:22:00-07:00,2,98.25,47.9166259765625
2026-09-05T19:22:00-07:00,3,98.5,45.1510009765625
2026-09-05T19:23:00-07:00,0,0.0,60.1998291015625
2026-09-05T19:23:00-07:00,1,91.25,120.8287353515625
2026-09-05T19:23:00-07:00,2,75.0,47.9166259765625
2026-09-05T19:23:00-07:00,3,75.0,45.1510009765625
2026-09-05T19:24:00-07:00,0,0.0,60.1998291015625
2026-09-05T19:24:00-07:00,1,100.0,120.8287353515625
2026-09-05T19:24:00-07:00,2,98.0,47.9166259765625
2026-09-05T19:24:00-07:00,3,99.5,45.1510009765625
2026-09-05T19:25:00-07:00,0,0.0,60.1998291015625
2026-09-05T19:25:00-07:00,1,97.25,120.8287353515625
2026-09-05T19:25:00-07:00,2,75.0,47.9166259765625
2026-09-05T19:25:00-07:00,3,75.0,45.1510009765625
2026-09-05T19:26:00-07:00,0,0.0,60.1998291015625
2026-09-05T19:26:00-07:00,1,100.0,120.8287353515625
2026-09-05T19:26:00-07:00,2,99.0,47.9166259765625
2026-09-05T19:26:00-07:00,3,99.5,45.1510009765625
2026-09-05T19:27:00-07:00,0,0.0,60.1998291015625
2026-09-05T19:27:00-07:00,1,94.25,120.8287353515625
2026-09-05T19:27:00-07:00,2,74.5,47.9166259765625
2026-09-05T19:27:00-07:00,3,74.5,45.1510009765625
2026-09-05T19:28:00-07:00,0,0.0,60.1998291015625
2026-09-05T19:28:00-07:00,1,100.0,120.8287353515625
2026-09-05T19:28:00-07:00,2,99.0,47.9166259765625
2026-09-05T19:28:00-07:00,3,99.0,45.1510009765625
2026-09-05T19:29:00-07:00,0,0.0,60.1998291015625
2026-09-05T19:29:00-07:00,1,100.0,120.8287353515625
2026-09-05T19:29:00-07:00,2,98.25,47.9166259765625
2026-09-05T19:29:00-07:00,3,77.0,45.1510009765625
2026-09-05T19:30:00-07:00,0,0.0,60.1998291015625
2026-09-05T19:30:00-07:00,1,100.0,120.8287353515625
2026-09-05T19:30:00-07:00,2,99.25,47.9166259765625
2026-09-05T19:30:00-07:00,3,99.5,45.1510009765625
2026-09-05T19:31:00-07:00,0,0.0,60.1998291015625
2026-09-05T19:31:00-07:00,1,99.75,120.8287353515625
2026-09-05T19:31:00-07:00,2,99.5,47.9166259765625
2026-09-05T19:31:00-07:00,3,75.0,45.1510009765625
2026-09-05T19:32:00-07:00,0,0.0,60.1998291015625
2026-09-05T19:32:00-07:00,1,100.0,120.8287353515625
2026-09-05T19:32:00-07:00,2,99.0,47.9166259765625
2026-09-05T19:32:00-07:00,3,99.5,45.1510009765625
2026-09-05T19:33:00-07:00,0,0.0,60.1998291015625
2026-09-05T19:33:00-07:00,1,99.75,120.8287353515625
2026-09-05T19:33:00-07:00,2,99.25,47.9166259765625
2026-09-05T19:33:00-07:00,3,99.5,45.1510009765625
2026-09-05T19:34:00-07:00,0,0.0,60.1998291015625
2026-09-05T19:34:00-07:00,1,100.0,120.8287353515625
2026-09-05T19:34:00-07:00,2,83.75,47.9166259765625
2026-09-05T19:34:00-07:00,3,99.5,45.1510009765625
2026-09-05T19:35:00-07:00,0,0.0,60.1998291015625
2026-09-05T19:35:00-07:00,1,100.0,120.8287353515625
2026-09-05T19:35:00-07:00,2,74.0,47.9166259765625
2026-09-05T19:35:00-07:00,3,74.5,45.1510009765625
2026-09-05T19:36:00-07:00,0,0.0,60.1998291015625
2026-09-05T19:36:00-07:00,1,100.0,120.8287353515625
2026-09-05T19:36:00-07:00,2,74.0,47.9166259765625
2026-09-05T19:36:00-07:00,3,74.5,45.1510009765625
2026-09-05T19:37:00-07:00,0,0.0,60.1998291015625
2026-09-05T19:37:00-07:00,1,99.75,120.8287353515625
2026-09-05T19:37:00-07:00,2,98.75,47.9166259765625
2026-09-05T19:37:00-07:00,3,99.25,45.1510009765625
2026-09-05T19:38:00-07:00,0,0.0,60.1998291015625
2026-09-05T19:38:00-07:00,1,100.0,120.8287353515625
2026-09-05T19:38:00-07:00,2,99.0,47.9166259765625
2026-09-05T19:38:00-07:00,3,99.25,45.1510009765625
2026-09-05T19:39:00-07:00,0,0.0,60.1998291015625
2026-09-05T19:39:00-07:00,1,100.0,120.8287353515625
2026-09-05T19:39:00-07:00,2,99.5,47.9166259765625
2026-09-05T19:39:00-07:00,3,99.5,45.1510009765625
2026-09-05T19:40:00-07:00,0,0.0,60.1998291015625
2026-09-05T19:40:00-07:00,1,100.0,120.8287353515625
2026-09-05T19:40:00-07:00,2,98.5,47.9166259765625
2026-09-05T19:40:00-07:00,3,99.5,45.1510009765625
2026-09-05T19:41:00-07:00,0,0.0,60.1998291015625
2026-09-05T19:41:00-07:00,1,99.75,120.8287353515625
2026-09-05T19:41:00-07:00,2,98.5,47.9166259765625
2026-09-05T19:41:00-07:00,3,95.75,45.1510009765625
2026-09-05T19:42:00-07:00,0,0.0,60.1998291015625
2026-09-05T19:42:00-07:00,1,100.0,82.1558837890625
2026-09-05T19:42:00-07:00,2,100.0,47.9166259765625
2026-09-05T19:42:00-07:00,3,100.0,45.1510009765625
2026-09-05T19:43:00-07:00,0,0.0,60.1998291015625
2026-09-05T19:43:00-07:00,1,99.0,29.07330322265625
2026-09-05T19:43:00-07:00,2,0.0,18.85064697265625
2026-09-05T19:43:00-07:00,3,0.0,16.08502197265625
2026-09-05T19:44:00-07:00,0,0.0,60.1998291015625
2026-09-05T19:44:00-07:00,1,99.0,29.07330322265625
2026-09-05T19:44:00-07:00,2,0.0,18.85064697265625
2026-09-05T19:44:00-07:00,3,0.0,16.08502197265625
2026-09-05T19:45:00-07:00,0,0.0,60.1998291015625
2026-09-05T19:45:00-07:00,1,74.5,29.07330322265625
2026-09-05T19:45:00-07:00,2,0.0,18.85064697265625
2026-09-05T19:45:00-07:00,3,0.0,16.08502197265625
2026-09-05T19:46:00-07:00,0,0.0,60.1998291015625
2026-09-05T19:46:00-07:00,1,99.5,29.07330322265625
2026-09-05T19:46:00-07:00,2,0.0,18.85064697265625
2026-09-05T19:46:00-07:00,3,0.0,16.08502197265625
2026-09-05T19:47:00-07:00,0,0.0,60.1998291015625
2026-09-05T19:47:00-07:00,1,99.5,29.07330322265625
2026-09-05T19:47:00-07:00,2,0.0,18.85064697265625
2026-09-05T19:47:00-07:00,3,0.0,16.08502197265625
2026-09-05T19:48:00-07:00,0,0.0,60.1998291015625
2026-09-05T19:48:00-07:00,1,99.25,29.07330322265625
2026-09-05T19:48:00-07:00,2,0.0,18.85064697265625
2026-09-05T19:48:00-07:00,3,0.0,16.08502197265625
2026-09-05T19:49:00-07:00,0,0.0,60.1998291015625
2026-09-05T19:49:00-07:00,1,51.75,29.07330322265625
2026-09-05T19:49:00-07:00,2,0.0,18.85064697265625
2026-09-05T19:49:00-07:00,3,0.0,16.08502197265625
2026-09-05T19:50:00-07:00,0,0.0,60.1998291015625
2026-09-05T19:50:00-07:00,1,99.0,29.07330322265625
2026-09-05T19:50:00-07:00,2,0.0,18.85064697265625
2026-09-05T19:50:00-07:00,3,0.0,16.08502197265625
2026-09-05T19:51:00-07:00,0,0.0,60.1998291015625
2026-09-05T19:51:00-07:00,1,99.25,29.07330322265625
2026-09-05T19:51:00-07:00,2,0.0,18.85064697265625
2026-09-05T19:51:00-07:00,3,0.0,16.08502197265625
2026-09-05T19:52:00-07:00,0,0.0,60.1998291015625
2026-09-05T19:52:00-07:00,1,99.5,29.07330322265625
2026-09-05T19:52:00-07:00,2,0.0,18.85064697265625
2026-09-05T19:52:00-07:00,3,0.0,16.08502197265625
2026-09-05T19:53:00-07:00,0,0.0,60.1998291015625
2026-09-05T19:53:00-07:00,1,74.75,29.07330322265625
2026-09-05T19:53:00-07:00,2,0.0,18.85064697265625
2026-09-05T19:53:00-07:00,3,0.0,16.08502197265625
2026-09-05T19:54:00-07:00,0,0.0,60.1998291015625
2026-09-05T19:54:00-07:00,1,99.5,29.07330322265625
2026-09-05T19:54:00-07:00,2,0.0,18.85064697265625
2026-09-05T19:54:00-07:00,3,0.0,16.08502197265625
2026-09-05T19:55:00-07:00,0,0.0,60.1998291015625
2026-09-05T19:55:00-07:00,1,99.5,29.07330322265625
2026-09-05T19:55:00-07:00,2,0.0,18.85064697265625
2026-09-05T19:55:00-07:00,3,0.0,16.08502197265625
2026-09-05T19:56:00-07:00,0,0.0,60.1998291015625
2026-09-05T19:56:00-07:00,1,99.0,29.07330322265625
2026-09-05T19:56:00-07:00,2,0.0,18.85064697265625
2026-09-05T19:56:00-07:00,3,0.0,16.08502197265625
2026-09-05T19:57:00-07:00,0,0.0,60.1998291015625
2026-09-05T19:57:00-07:00,1,65.5,29.07330322265625
2026-09-05T19:57:00-07:00,2,0.0,18.85064697265625
2026-09-05T19:57:00-07:00,3,0.0,16.08502197265625
2026-09-05T19:58:00-07:00,0,0.0,60.1998291015625
2026-09-05T19:58:00-07:00,1,99.5,29.07330322265625
2026-09-05T19:58:00-07:00,2,0.0,18.85064697265625
2026-09-05T19:58:00-07:00,3,0.0,16.08502197265625
2026-09-05T19:59:00-07:00,0,0.0,60.1998291015625
2026-09-05T19:59:00-07:00,1,99.5,29.07330322265625
2026-09-05T19:59:00-07:00,2,0.0,18.85064697265625
2026-09-05T19:59:00-07:00,3,0.0,16.08502197265625
2026-09-05T20:00:00-07:00,0,0.0,60.1998291015625
2026-09-05T20:00:00-07:00,1,99.5,29.07330322265625
2026-09-05T20:00:00-07:00,2,0.0,18.85064697265625
2026-09-05T20:00:00-07:00,3,0.0,16.08502197265625
2026-09-05T20:01:00-07:00,0,0.0,60.1998291015625
2026-09-05T20:01:00-07:00,1,98.75,29.07330322265625
2026-09-05T20:01:00-07:00,2,0.0,18.85064697265625
2026-09-05T20:01:00-07:00,3,0.0,16.08502197265625
2026-09-05T20:02:00-07:00,0,0.0,60.1998291015625
2026-09-05T20:02:00-07:00,1,99.5,29.07330322265625
2026-09-05T20:02:00-07:00,2,0.0,18.85064697265625
2026-09-05T20:02:00-07:00,3,0.0,16.08502197265625
2026-09-05T20:03:00-07:00,0,0.0,60.1998291015625
2026-09-05T20:03:00-07:00,1,99.25,29.07330322265625
2026-09-05T20:03:00-07:00,2,0.0,18.85064697265625
2026-09-05T20:03:00-07:00,3,0.0,16.08502197265625
2026-09-05T20:04:00-07:00,0,0.0,60.1998291015625
2026-09-05T20:04:00-07:00,1,100.0,29.07330322265625
2026-09-05T20:04:00-07:00,2,0.0,18.85064697265625
2026-09-05T20:04:00-07:00,3,0.0,16.08502197265625
2026-09-05T20:25:00-07:00,0,0.0,60.1998291015625
2026-09-05T20:25:00-07:00,1,50.0,5.19549560546875
2026-09-05T20:25:00-07:00,2,50.0,24.039794921875
2026-09-05T20:25:00-07:00,3,50.0,21.274169921875
2026-09-05T20:26:00-07:00,0,0.0,60.1998291015625
2026-09-05T20:26:00-07:00,1,63.0,14.51434326171875
2026-09-05T20:26:00-07:00,2,68.5,33.374267578125
2026-09-05T20:26:00-07:00,3,75.0,31.422119140625
2026-09-05T20:27:00-07:00,0,0.0,60.1998291015625
2026-09-05T20:27:00-07:00,1,100.0,97.20330810546875
2026-09-05T20:27:00-07:00,2,100.0,116.046630859375
2026-09-05T20:27:00-07:00,3,100.0,113.281005859375
2026-09-05T20:28:00-07:00,0,0.0,60.1998291015625
2026-09-05T20:28:00-07:00,1,100.0,97.20330810546875
2026-09-05T20:28:00-07:00,2,100.0,116.046630859375
2026-09-05T20:28:00-07:00,3,100.0,113.281005859375
2026-09-05T20:29:00-07:00,0,0.0,60.35743713378906
2026-09-05T20:29:00-07:00,1,100.0,97.20330810546875
2026-09-05T20:29:00-07:00,2,100.0,116.046630859375
2026-09-05T20:29:00-07:00,3,100.0,113.281005859375
2026-09-05T20:30:00-07:00,0,3.75,63.72137451171875
2026-09-05T20:30:00-07:00,1,100.0,97.728271484375
2026-09-05T20:30:00-07:00,2,100.0,116.57208251953125
2026-09-05T20:30:00-07:00,3,100.0,113.68292236328125
2026-09-05T20:31:00-07:00,0,8.5,64.22511291503906
2026-09-05T20:31:00-07:00,1,75.0,97.34870910644531
2026-09-05T20:31:00-07:00,2,75.0,116.19203186035156
2026-09-05T20:31:00-07:00,3,99.25,113.42640686035156
2026-09-05T20:32:00-07:00,0,13.0,64.35293579101562
2026-09-05T20:32:00-07:00,1,100.0,97.47653198242188
2026-09-05T20:32:00-07:00,2,100.0,116.31985473632812
2026-09-05T20:32:00-07:00,3,100.0,113.42640686035156
2026-09-05T20:33:00-07:00,0,13.25,64.22511291503906
2026-09-05T20:33:00-07:00,1,100.0,97.34870910644531
2026-09-05T20:33:00-07:00,2,100.0,116.19203186035156
2026-09-05T20:33:00-07:00,3,100.0,113.42640686035156
2026-09-05T20:34:00-07:00,0,0.0,60.1998291015625
2026-09-05T20:34:00-07:00,1,100.0,97.22088623046875
2026-09-05T20:34:00-07:00,2,100.0,116.064208984375
2026-09-05T20:34:00-07:00,3,100.0,113.298583984375
2026-09-05T20:35:00-07:00,0,43.5,76.30096435546875
2026-09-05T20:35:00-07:00,1,75.25,97.732177734375
2026-09-05T20:35:00-07:00,2,75.0,116.57550048828125
2026-09-05T20:35:00-07:00,3,98.0,113.80987548828125
2026-09-05T20:36:00-07:00,0,0.0,60.1998291015625
2026-09-05T20:36:00-07:00,1,100.0,97.22088623046875
2026-09-05T20:36:00-07:00,2,100.0,116.064208984375
2026-09-05T20:36:00-07:00,3,100.0,113.298583984375
2026-09-05T20:37:00-07:00,0,32.25,71.39335632324219
2026-09-05T20:37:00-07:00,1,100.0,97.60435485839844
2026-09-05T20:37:00-07:00,2,100.0,116.44767761230469
2026-09-05T20:37:00-07:00,3,100.0,113.68205261230469
2026-09-05T20:38:00-07:00,0,50.0,76.30096435546875
2026-09-05T20:38:00-07:00,1,100.0,97.732177734375
2026-09-05T20:38:00-07:00,2,100.0,116.57550048828125
2026-09-05T20:38:00-07:00,3,100.0,117.78828430175781
2026-09-05T20:39:00-07:00,0,42.5,72.27568054199219
2026-09-05T20:39:00-07:00,1,100.0,97.60435485839844
2026-09-05T20:39:00-07:00,2,100.0,116.44767761230469
2026-09-05T20:39:00-07:00,3,100.0,129.78318786621094
2026-09-05T20:40:00-07:00,0,0.0,60.1998291015625
2026-09-05T20:40:00-07:00,1,100.0,97.22088623046875
2026-09-05T20:40:00-07:00,2,100.0,116.064208984375
2026-09-05T20:40:00-07:00,3,100.0,126.55119323730469
2026-09-05T20:41:00-07:00,0,0.0,68.15567016601562
2026-09-05T20:41:00-07:00,1,100.0,97.22088623046875
2026-09-05T20:41:00-07:00,2,100.0,116.064208984375
2026-09-05T20:41:00-07:00,3,100.0,117.27650451660156
2026-09-05T20:42:00-07:00,0,0.0,93.904541015625
2026-09-05T20:42:00-07:00,1,100.0,97.22088623046875
2026-09-05T20:42:00-07:00,2,100.0,116.064208984375
2026-09-05T20:42:00-07:00,3,100.0,129.83721923828125
2026-09-05T20:43:00-07:00,0,0.0,96.388916015625
2026-09-05T20:43:00-07:00,1,100.0,97.22088623046875
2026-09-05T20:43:00-07:00,2,100.0,116.064208984375
2026-09-05T20:43:00-07:00,3,100.0,131.71807861328125
2026-09-05T20:44:00-07:00,0,0.0,97.007568359375
2026-09-05T20:44:00-07:00,1,100.0,97.22088623046875
2026-09-05T20:44:00-07:00,2,100.0,116.064208984375
2026-09-05T20:44:00-07:00,3,100.0,131.71807861328125
2026-09-05T20:45:00-07:00,0,0.0,97.13978576660156
2026-09-05T20:45:00-07:00,1,100.0,97.34919738769531
2026-09-05T20:45:00-07:00,2,100.0,116.19300842285156
2026-09-05T20:45:00-07:00,3,100.0,131.8468780517578
2026-09-05T20:46:00-07:00,0,0.0,97.011474609375
2026-09-05T20:46:00-07:00,1,100.0,97.22088623046875
2026-09-05T20:46:00-07:00,2,100.0,116.064208984375
2026-09-05T20:46:00-07:00,3,100.0,131.71807861328125
2026-09-05T20:47:00-07:00,0,0.0,97.011474609375
2026-09-05T20:47:00-07:00,1,100.0,97.22088623046875
2026-09-05T20:47:00-07:00,2,100.0,116.064208984375
2026-09-05T20:47:00-07:00,3,100.0,131.71807861328125
2026-09-05T20:48:00-07:00,0,0.0,97.011474609375
2026-09-05T20:48:00-07:00,1,100.0,97.22088623046875
2026-09-05T20:48:00-07:00,2,100.0,116.064208984375
2026-09-05T20:48:00-07:00,3,100.0,131.71807861328125
2026-09-05T20:49:00-07:00,0,0.0,97.011474609375
2026-09-05T20:49:00-07:00,1,100.0,97.22088623046875
2026-09-05T20:49:00-07:00,2,100.0,116.064208984375
2026-09-05T20:49:00-07:00,3,100.0,131.71954345703125
2026-09-05T20:50:00-07:00,0,0.0,97.591064453125
2026-09-05T20:50:00-07:00,1,100.0,97.22088623046875
2026-09-05T20:50:00-07:00,2,100.0,116.064208984375
2026-09-05T20:50:00-07:00,3,100.0,131.72003173828125
2026-09-05T20:51:00-07:00,0,0.0,99.329833984375
2026-09-05T20:51:00-07:00,1,100.0,97.22088623046875
2026-09-05T20:51:00-07:00,2,100.0,116.064208984375
2026-09-05T20:51:00-07:00,3,99.5,131.72149658203125
2026-09-05T20:52:00-07:00,0,0.0,99.329833984375
2026-09-05T20:52:00-07:00,1,100.0,97.22088623046875
2026-09-05T20:52:00-07:00,2,75.0,116.064208984375
2026-09-05T20:52:00-07:00,3,100.0,131.72198486328125
2026-09-05T20:53:00-07:00,0,0.0,99.329833984375
2026-09-05T20:53:00-07:00,1,100.0,97.22088623046875
2026-09-05T20:53:00-07:00,2,100.0,116.064208984375
2026-09-05T20:53:00-07:00,3,100.0,131.72198486328125
2026-09-05T20:54:00-07:00,0,0.0,99.329833984375
2026-09-05T20:54:00-07:00,1,100.0,97.22088623046875
2026-09-05T20:54:00-07:00,2,100.0,116.064208984375
2026-09-05T20:54:00-07:00,3,100.0,131.72198486328125
2026-09-05T20:55:00-07:00,0,0.0,99.329833984375
2026-09-05T20:55:00-07:00,1,100.0,97.22088623046875
2026-09-05T20:55:00-07:00,2,100.0,116.064208984375
2026-09-05T20:55:00-07:00,3,100.0,131.72198486328125
2026-09-05T20:56:00-07:00,0,1.0,99.329833984375
2026-09-05T20:56:00-07:00,1,100.0,97.22088623046875
2026-09-05T20:56:00-07:00,2,100.0,116.064208984375
2026-09-05T20:56:00-07:00,3,100.0,131.72198486328125
2026-09-05T20:57:00-07:00,0,0.0,99.329833984375
2026-09-05T20:57:00-07:00,1,100.0,97.22088623046875
2026-09-05T20:57:00-07:00,2,100.0,116.064208984375
2026-09-05T20:57:00-07:00,3,100.0,131.72198486328125
2026-09-05T20:58:00-07:00,0,0.0,99.329833984375
2026-09-05T20:58:00-07:00,1,100.0,97.22088623046875
2026-09-05T20:58:00-07:00,2,100.0,116.064208984375
2026-09-05T20:58:00-07:00,3,100.0,131.72198486328125
2026-09-05T20:59:00-07:00,0,0.0,99.329833984375
2026-09-05T20:59:00-07:00,1,100.0,97.22088623046875
2026-09-05T20:59:00-07:00,2,100.0,116.064208984375
2026-09-05T20:59:00-07:00,3,100.0,131.72198486328125
2026-09-05T21:00:00-07:00,0,0.0,99.45814514160156
2026-09-05T21:00:00-07:00,1,100.0,97.34919738769531
2026-09-05T21:00:00-07:00,2,100.0,116.19252014160156
2026-09-05T21:00:00-07:00,3,100.0,131.8507843017578
2026-09-05T21:01:00-07:00,0,0.0,99.329833984375
2026-09-05T21:01:00-07:00,1,100.0,97.22088623046875
2026-09-05T21:01:00-07:00,2,100.0,116.064208984375
2026-09-05T21:01:00-07:00,3,100.0,131.72198486328125
2026-09-05T21:02:00-07:00,0,0.0,99.329833984375
2026-09-05T21:02:00-07:00,1,100.0,97.22088623046875
2026-09-05T21:02:00-07:00,2,100.0,116.064208984375
2026-09-05T21:02:00-07:00,3,100.0,131.72198486328125
2026-09-05T21:03:00-07:00,0,0.0,99.329833984375
2026-09-05T21:03:00-07:00,1,100.0,97.22088623046875
2026-09-05T21:03:00-07:00,2,100.0,116.064208984375
2026-09-05T21:03:00-07:00,3,100.0,131.72198486328125
2026-09-05T21:04:00-07:00,0,0.0,99.329833984375
2026-09-05T21:04:00-07:00,1,100.0,97.22088623046875
2026-09-05T21:04:00-07:00,2,75.0,116.064208984375
2026-09-05T21:04:00-07:00,3,100.0,131.72198486328125
2026-09-05T21:05:00-07:00,0,0.0,99.329833984375
2026-09-05T21:05:00-07:00,1,100.0,97.22088623046875
2026-09-05T21:05:00-07:00,2,100.0,116.064208984375
2026-09-05T21:05:00-07:00,3,100.0,131.72198486328125
2026-09-05T21:06:00-07:00,0,0.0,99.329833984375
2026-09-05T21:06:00-07:00,1,100.0,97.22088623046875
2026-09-05T21:06:00-07:00,2,100.0,116.064208984375
2026-09-05T21:06:00-07:00,3,100.0,131.72198486328125
2026-09-05T21:07:00-07:00,0,1.75,99.329833984375
2026-09-05T21:07:00-07:00,1,100.0,97.22088623046875
2026-09-05T21:07:00-07:00,2,100.0,116.064208984375
2026-09-05T21:07:00-07:00,3,100.0,131.72198486328125
2026-09-05T21:08:00-07:00,0,0.0,99.329833984375
2026-09-05T21:08:00-07:00,1,100.0,97.22088623046875
2026-09-05T21:08:00-07:00,2,100.0,116.064208984375
2026-09-05T21:08:00-07:00,3,100.0,131.72198486328125
2026-09-05T21:09:00-07:00,0,0.0,99.329833984375
2026-09-05T21:09:00-07:00,1,100.0,97.22088623046875
2026-09-05T21:09:00-07:00,2,100.0,116.064208984375
2026-09-05T21:09:00-07:00,3,100.0,131.72198486328125
2026-09-05T21:10:00-07:00,0,0.0,99.329833984375
2026-09-05T21:10:00-07:00,1,100.0,97.22088623046875
2026-09-05T21:10:00-07:00,2,100.0,116.064208984375
2026-09-05T21:10:00-07:00,3,100.0,131.72198486328125
2026-09-05T21:11:00-07:00,0,0.0,99.331298828125
2026-09-05T21:11:00-07:00,1,100.0,97.22088623046875
2026-09-05T21:11:00-07:00,2,100.0,116.064208984375
2026-09-05T21:11:00-07:00,3,100.0,131.72198486328125
2026-09-05T21:12:00-07:00,0,0.0,99.332763671875
2026-09-05T21:12:00-07:00,1,99.5,97.22088623046875
2026-09-05T21:12:00-07:00,2,100.0,116.064208984375
2026-09-05T21:12:00-07:00,3,99.0,131.72198486328125
2026-09-05T21:13:00-07:00,0,0.0,99.333740234375
2026-09-05T21:13:00-07:00,1,100.0,97.22088623046875
2026-09-05T21:13:00-07:00,2,100.0,116.064208984375
2026-09-05T21:13:00-07:00,3,100.0,131.72198486328125
2026-09-05T21:14:00-07:00,0,0.0,99.333740234375
2026-09-05T21:14:00-07:00,1,100.0,97.22088623046875
2026-09-05T21:14:00-07:00,2,100.0,116.064208984375
2026-09-05T21:14:00-07:00,3,100.0,131.72198486328125
2026-09-05T21:15:00-07:00,0,0.0,99.333740234375
2026-09-05T21:15:00-07:00,1,100.0,97.22088623046875
2026-09-05T21:15:00-07:00,2,100.0,116.064208984375
2026-09-05T21:15:00-07:00,3,100.0,131.72198486328125
2026-09-05T21:16:00-07:00,0,0.0,99.333740234375
2026-09-05T21:16:00-07:00,1,100.0,97.22088623046875
2026-09-05T21:16:00-07:00,2,100.0,116.064208984375
2026-09-05T21:16:00-07:00,3,100.0,131.72198486328125
2026-09-05T21:17:00-07:00,0,0.0,99.333740234375
2026-09-05T21:17:00-07:00,1,99.75,97.22088623046875
2026-09-05T21:17:00-07:00,2,75.0,116.064208984375
2026-09-05T21:17:00-07:00,3,100.0,131.72198486328125
2026-09-05T21:18:00-07:00,0,0.0,99.333740234375
2026-09-05T21:18:00-07:00,1,100.0,97.22088623046875
2026-09-05T21:18:00-07:00,2,100.0,116.064208984375
2026-09-05T21:18:00-07:00,3,100.0,131.72198486328125
2026-09-05T21:19:00-07:00,0,0.0,99.333740234375
2026-09-05T21:19:00-07:00,1,100.0,97.22088623046875
2026-09-05T21:19:00-07:00,2,100.0,116.064208984375
2026-09-05T21:19:00-07:00,3,100.0,131.72198486328125
2026-09-05T21:20:00-07:00,0,0.0,99.333740234375
2026-09-05T21:20:00-07:00,1,100.0,97.22088623046875
2026-09-05T21:20:00-07:00,2,100.0,116.064208984375
2026-09-05T21:20:00-07:00,3,100.0,131.72198486328125
2026-09-05T21:21:00-07:00,0,0.0,99.333740234375
2026-09-05T21:21:00-07:00,1,100.0,97.22088623046875
2026-09-05T21:21:00-07:00,2,100.0,116.064208984375
2026-09-05T21:21:00-07:00,3,100.0,131.72198486328125
2026-09-05T21:22:00-07:00,0,0.0,99.333740234375
2026-09-05T21:22:00-07:00,1,100.0,97.22088623046875
2026-09-05T21:22:00-07:00,2,100.0,116.064208984375
2026-09-05T21:22:00-07:00,3,100.0,131.72198486328125
2026-09-05T21:23:00-07:00,0,0.0,99.333740234375
2026-09-05T21:23:00-07:00,1,100.0,97.22088623046875
2026-09-05T21:23:00-07:00,2,100.0,116.064208984375
2026-09-05T21:23:00-07:00,3,100.0,131.72198486328125
2026-09-05T21:24:00-07:00,0,0.0,99.333740234375
2026-09-05T21:24:00-07:00,1,100.0,97.22088623046875
2026-09-05T21:24:00-07:00,2,100.0,116.064208984375
2026-09-05T21:24:00-07:00,3,100.0,131.72198486328125
2026-09-05T21:25:00-07:00,0,0.0,99.333740234375
2026-09-05T21:25:00-07:00,1,100.0,97.22088623046875
2026-09-05T21:25:00-07:00,2,100.0,116.064208984375
2026-09-05T21:25:00-07:00,3,100.0,131.72198486328125
2026-09-05T21:26:00-07:00,0,0.0,99.333740234375
2026-09-05T21:26:00-07:00,1,100.0,97.22088623046875
2026-09-05T21:26:00-07:00,2,100.0,116.064208984375
2026-09-05T21:26:00-07:00,3,100.0,131.72198486328125
2026-09-05T21:27:00-07:00,0,0.0,99.333740234375
2026-09-05T21:27:00-07:00,1,100.0,97.22088623046875
2026-09-05T21:27:00-07:00,2,100.0,116.064208984375
2026-09-05T21:27:00-07:00,3,100.0,131.72198486328125
2026-09-05T21:28:00-07:00,0,0.0,99.333740234375
2026-09-05T21:28:00-07:00,1,100.0,97.22088623046875
2026-09-05T21:28:00-07:00,2,100.0,116.064208984375
2026-09-05T21:28:00-07:00,3,100.0,131.72198486328125
2026-09-05T21:29:00-07:00,0,0.0,99.333740234375
2026-09-05T21:29:00-07:00,1,100.0,97.22088623046875
2026-09-05T21:29:00-07:00,2,75.0,116.064208984375
2026-09-05T21:29:00-07:00,3,100.0,131.72198486328125
2026-09-05T21:30:00-07:00,0,0.25,99.333740234375
2026-09-05T21:30:00-07:00,1,100.0,97.22088623046875
2026-09-05T21:30:00-07:00,2,100.0,116.064208984375
2026-09-05T21:30:00-07:00,3,100.0,131.72198486328125
2026-09-05T21:31:00-07:00,0,1.75,99.333740234375
2026-09-05T21:31:00-07:00,1,100.0,97.22088623046875
2026-09-05T21:31:00-07:00,2,100.0,116.064208984375
2026-09-05T21:31:00-07:00,3,100.0,131.72198486328125
2026-09-05T21:32:00-07:00,0,0.0,99.333740234375
2026-09-05T21:32:00-07:00,1,100.0,97.22088623046875
2026-09-05T21:32:00-07:00,2,100.0,116.064208984375
2026-09-05T21:32:00-07:00,3,100.0,131.72198486328125
2026-09-05T21:33:00-07:00,0,0.0,99.333740234375
2026-09-05T21:33:00-07:00,1,100.0,97.22088623046875
2026-09-05T21:33:00-07:00,2,100.0,116.064208984375
2026-09-05T21:33:00-07:00,3,100.0,131.72198486328125
2026-09-05T21:34:00-07:00,0,0.0,99.333740234375
2026-09-05T21:34:00-07:00,1,100.0,97.22088623046875
2026-09-05T21:34:00-07:00,2,100.0,116.064208984375
2026-09-05T21:34:00-07:00,3,100.0,131.72198486328125
2026-09-05T21:35:00-07:00,0,1.5,99.334716796875
2026-09-05T21:35:00-07:00,1,100.0,97.22088623046875
2026-09-05T21:35:00-07:00,2,100.0,116.064208984375
2026-09-05T21:35:00-07:00,3,100.0,131.72198486328125
2026-09-05T21:36:00-07:00,0,0.0,99.335693359375
2026-09-05T21:36:00-07:00,1,100.0,97.22088623046875
2026-09-05T21:36:00-07:00,2,100.0,116.064208984375
2026-09-05T21:36:00-07:00,3,100.0,131.72198486328125
2026-09-05T21:37:00-07:00,0,0.0,99.335693359375
2026-09-05T21:37:00-07:00,1,99.0,97.22088623046875
2026-09-05T21:37:00-07:00,2,91.75,116.064208984375
2026-09-05T21:37:00-07:00,3,100.0,131.72198486328125
2026-09-05T21:38:00-07:00,0,0.0,99.335693359375
2026-09-05T21:38:00-07:00,1,100.0,97.22088623046875
2026-09-05T21:38:00-07:00,2,100.0,116.064208984375
2026-09-05T21:38:00-07:00,3,100.0,131.72198486328125
2026-09-05T21:39:00-07:00,0,0.0,99.335693359375
2026-09-05T21:39:00-07:00,1,100.0,97.22088623046875
2026-09-05T21:39:00-07:00,2,100.0,116.064208984375
2026-09-05T21:39:00-07:00,3,100.0,131.72198486328125
2026-09-05T21:40:00-07:00,0,0.0,99.335693359375
2026-09-05T21:40:00-07:00,1,100.0,97.22088623046875
2026-09-05T21:40:00-07:00,2,100.0,116.064208984375
2026-09-05T21:40:00-07:00,3,99.75,131.72198486328125
2026-09-05T21:41:00-07:00,0,0.0,99.335693359375
2026-09-05T21:41:00-07:00,1,100.0,97.22088623046875
2026-09-05T21:41:00-07:00,2,100.0,116.064208984375
2026-09-05T21:41:00-07:00,3,100.0,131.72198486328125
2026-09-05T21:42:00-07:00,0,0.0,99.335693359375
2026-09-05T21:42:00-07:00,1,100.0,97.22088623046875
2026-09-05T21:42:00-07:00,2,75.0,116.064208984375
2026-09-05T21:42:00-07:00,3,100.0,131.72198486328125
2026-09-05T21:43:00-07:00,0,0.0,99.335693359375
2026-09-05T21:43:00-07:00,1,100.0,97.22088623046875
2026-09-05T21:43:00-07:00,2,100.0,116.064208984375
2026-09-05T21:43:00-07:00,3,100.0,131.72198486328125
2026-09-05T21:44:00-07:00,0,0.0,99.335693359375
2026-09-05T21:44:00-07:00,1,100.0,97.22088623046875
2026-09-05T21:44:00-07:00,2,100.0,116.064208984375
2026-09-05T21:44:00-07:00,3,100.0,131.72198486328125
2026-09-05T21:45:00-07:00,0,1.75,99.335693359375
2026-09-05T21:45:00-07:00,1,93.5,97.22088623046875
2026-09-05T21:45:00-07:00,2,95.25,116.064208984375
2026-09-05T21:45:00-07:00,3,100.0,131.72198486328125
2026-09-05T21:46:00-07:00,0,0.0,99.335693359375
2026-09-05T21:46:00-07:00,1,100.0,97.22088623046875
2026-09-05T21:46:00-07:00,2,75.0,116.064208984375
2026-09-05T21:46:00-07:00,3,100.0,131.72198486328125
2026-09-05T21:47:00-07:00,0,0.0,99.335693359375
2026-09-05T21:47:00-07:00,1,100.0,97.22088623046875
2026-09-05T21:47:00-07:00,2,100.0,116.064208984375
2026-09-05T21:47:00-07:00,3,100.0,131.72198486328125
2026-09-05T21:48:00-07:00,0,0.0,99.335693359375
2026-09-05T21:48:00-07:00,1,100.0,97.22088623046875
2026-09-05T21:48:00-07:00,2,100.0,116.064208984375
2026-09-05T21:48:00-07:00,3,100.0,131.72198486328125
2026-09-05T21:49:00-07:00,0,0.0,99.335693359375
2026-09-05T21:49:00-07:00,1,100.0,97.22088623046875
2026-09-05T21:49:00-07:00,2,100.0,116.064208984375
2026-09-05T21:49:00-07:00,3,100.0,131.72198486328125
2026-09-05T21:50:00-07:00,0,0.0,99.335693359375
2026-09-05T21:50:00-07:00,1,100.0,97.22088623046875
2026-09-05T21:50:00-07:00,2,100.0,116.064208984375
2026-09-05T21:50:00-07:00,3,100.0,131.72198486328125
2026-09-05T21:51:00-07:00,0,0.0,99.335693359375
2026-09-05T21:51:00-07:00,1,100.0,97.22088623046875
2026-09-05T21:51:00-07:00,2,100.0,116.064208984375
2026-09-05T21:51:00-07:00,3,100.0,131.72198486328125
2026-09-05T21:52:00-07:00,0,0.0,99.335693359375
2026-09-05T21:52:00-07:00,1,100.0,97.22088623046875
2026-09-05T21:52:00-07:00,2,100.0,116.064208984375
2026-09-05T21:52:00-07:00,3,100.0,131.72198486328125
2026-09-05T21:53:00-07:00,0,1.0,99.335693359375
2026-09-05T21:53:00-07:00,1,99.75,97.22088623046875
2026-09-05T21:53:00-07:00,2,100.0,116.064208984375
2026-09-05T21:53:00-07:00,3,100.0,131.72198486328125
2026-09-05T21:54:00-07:00,0,0.0,99.335693359375
2026-09-05T21:54:00-07:00,1,100.0,97.22088623046875
2026-09-05T21:54:00-07:00,2,100.0,116.064208984375
2026-09-05T21:54:00-07:00,3,100.0,131.72198486328125
2026-09-05T21:55:00-07:00,0,0.0,99.335693359375
2026-09-05T21:55:00-07:00,1,100.0,97.22088623046875
2026-09-05T21:55:00-07:00,2,100.0,116.064208984375
2026-09-05T21:55:00-07:00,3,100.0,131.72198486328125
2026-09-05T21:56:00-07:00,0,0.0,99.335693359375
2026-09-05T21:56:00-07:00,1,100.0,97.22088623046875
2026-09-05T21:56:00-07:00,2,100.0,116.064208984375
2026-09-05T21:56:00-07:00,3,100.0,131.72198486328125
2026-09-05T21:57:00-07:00,0,0.0,99.335693359375
2026-09-05T21:57:00-07:00,1,100.0,97.22088623046875
2026-09-05T21:57:00-07:00,2,100.0,116.064208984375
2026-09-05T21:57:00-07:00,3,100.0,131.72198486328125
2026-09-05T21:58:00-07:00,0,0.0,99.335693359375
2026-09-05T21:58:00-07:00,1,100.0,97.22088623046875
2026-09-05T21:58:00-07:00,2,75.0,116.064208984375
2026-09-05T21:58:00-07:00,3,100.0,131.72198486328125
2026-09-05T21:59:00-07:00,0,0.0,99.335693359375
2026-09-05T21:59:00-07:00,1,100.0,97.22088623046875
2026-09-05T21:59:00-07:00,2,100.0,116.064208984375
2026-09-05T21:59:00-07:00,3,100.0,131.72198486328125
2026-09-05T22:00:00-07:00,0,0.0,99.46400451660156
2026-09-05T22:00:00-07:00,1,100.0,97.34919738769531
2026-09-05T22:00:00-07:00,2,100.0,116.19252014160156
2026-09-05T22:00:00-07:00,3,100.0,131.8502960205078
2026-09-05T22:01:00-07:00,0,0.0,99.335693359375
2026-09-05T22:01:00-07:00,1,100.0,97.22088623046875
2026-09-05T22:01:00-07:00,2,100.0,116.064208984375
2026-09-05T22:01:00-07:00,3,100.0,131.72198486328125
2026-09-05T22:02:00-07:00,0,0.0,99.335693359375
2026-09-05T22:02:00-07:00,1,99.0,97.22088623046875
2026-09-05T22:02:00-07:00,2,100.0,116.064208984375
2026-09-05T22:02:00-07:00,3,100.0,131.72198486328125
2026-09-05T22:03:00-07:00,0,0.0,99.335693359375
2026-09-05T22:03:00-07:00,1,100.0,97.22088623046875
2026-09-05T22:03:00-07:00,2,100.0,116.064208984375
2026-09-05T22:03:00-07:00,3,100.0,131.72198486328125
2026-09-05T22:04:00-07:00,0,0.0,99.335693359375
2026-09-05T22:04:00-07:00,1,100.0,97.22088623046875
2026-09-05T22:04:00-07:00,2,100.0,116.064208984375
2026-09-05T22:04:00-07:00,3,100.0,131.72198486328125
2026-09-05T22:05:00-07:00,0,0.0,99.335693359375
2026-09-05T22:05:00-07:00,1,98.75,97.22088623046875
2026-09-05T22:05:00-07:00,2,100.0,116.064208984375
2026-09-05T22:05:00-07:00,3,100.0,131.72198486328125
2026-09-05T22:06:00-07:00,0,1.75,99.335693359375
2026-09-05T22:06:00-07:00,1,100.0,97.22088623046875
2026-09-05T22:06:00-07:00,2,100.0,116.064208984375
2026-09-05T22:06:00-07:00,3,100.0,131.72198486328125
2026-09-05T22:07:00-07:00,0,0.0,99.335693359375
2026-09-05T22:07:00-07:00,1,100.0,97.22088623046875
2026-09-05T22:07:00-07:00,2,100.0,116.064208984375
2026-09-05T22:07:00-07:00,3,100.0,131.72198486328125
2026-09-05T22:08:00-07:00,0,0.0,99.335693359375
2026-09-05T22:08:00-07:00,1,100.0,97.22088623046875
2026-09-05T22:08:00-07:00,2,100.0,116.064208984375
2026-09-05T22:08:00-07:00,3,100.0,131.72198486328125
2026-09-05T22:09:00-07:00,0,0.0,99.335693359375
2026-09-05T22:09:00-07:00,1,100.0,97.22088623046875
2026-09-05T22:09:00-07:00,2,100.0,116.064208984375
2026-09-05T22:09:00-07:00,3,100.0,131.72198486328125
2026-09-05T22:10:00-07:00,0,0.0,99.335693359375
2026-09-05T22:10:00-07:00,1,100.0,97.22088623046875
2026-09-05T22:10:00-07:00,2,100.0,116.064208984375
2026-09-05T22:10:00-07:00,3,100.0,131.72198486328125
2026-09-05T22:11:00-07:00,0,0.0,99.335693359375
2026-09-05T22:11:00-07:00,1,100.0,97.22088623046875
2026-09-05T22:11:00-07:00,2,75.0,116.064208984375
2026-09-05T22:11:00-07:00,3,100.0,131.72198486328125
2026-09-05T22:12:00-07:00,0,0.0,99.335693359375
2026-09-05T22:12:00-07:00,1,100.0,97.22088623046875
2026-09-05T22:12:00-07:00,2,100.0,116.064208984375
2026-09-05T22:12:00-07:00,3,100.0,131.72198486328125
2026-09-05T22:13:00-07:00,0,0.0,99.335693359375
2026-09-05T22:13:00-07:00,1,100.0,97.22088623046875
2026-09-05T22:13:00-07:00,2,100.0,116.064208984375
2026-09-05T22:13:00-07:00,3,100.0,131.72198486328125
2026-09-05T22:14:00-07:00,0,1.0,99.335693359375
2026-09-05T22:14:00-07:00,1,100.0,97.22088623046875
2026-09-05T22:14:00-07:00,2,100.0,116.064208984375
2026-09-05T22:14:00-07:00,3,100.0,131.72198486328125
2026-09-05T22:15:00-07:00,0,0.0,99.46400451660156
2026-09-05T22:15:00-07:00,1,100.0,97.34919738769531
2026-09-05T22:15:00-07:00,2,100.0,116.19300842285156
2026-09-05T22:15:00-07:00,3,100.0,131.8507843017578
2026-09-05T22:16:00-07:00,0,0.0,99.335693359375
2026-09-05T22:16:00-07:00,1,100.0,97.22088623046875
2026-09-05T22:16:00-07:00,2,100.0,116.064208984375
2026-09-05T22:16:00-07:00,3,100.0,131.72198486328125
2026-09-05T22:17:00-07:00,0,1.0,99.335693359375
2026-09-05T22:17:00-07:00,1,100.0,97.22088623046875
2026-09-05T22:17:00-07:00,2,100.0,116.064208984375
2026-09-05T22:17:00-07:00,3,100.0,131.72198486328125
2026-09-05T22:18:00-07:00,0,1.75,99.335693359375
2026-09-05T22:18:00-07:00,1,100.0,97.22088623046875
2026-09-05T22:18:00-07:00,2,100.0,116.064208984375
2026-09-05T22:18:00-07:00,3,100.0,131.72198486328125
2026-09-05T22:19:00-07:00,0,0.0,99.335693359375
2026-09-05T22:19:00-07:00,1,100.0,97.22088623046875
2026-09-05T22:19:00-07:00,2,100.0,116.064208984375
2026-09-05T22:19:00-07:00,3,100.0,131.72198486328125
2026-09-05T22:20:00-07:00,0,0.0,99.335693359375
2026-09-05T22:20:00-07:00,1,100.0,97.22088623046875
2026-09-05T22:20:00-07:00,2,100.0,116.064208984375
2026-09-05T22:20:00-07:00,3,100.0,131.72198486328125
2026-09-05T22:21:00-07:00,0,1.75,99.335693359375
2026-09-05T22:21:00-07:00,1,100.0,97.22088623046875
2026-09-05T22:21:00-07:00,2,100.0,116.064208984375
2026-09-05T22:21:00-07:00,3,100.0,131.72198486328125
2026-09-05T22:22:00-07:00,0,0.0,99.335693359375
2026-09-05T22:22:00-07:00,1,99.5,97.22088623046875
2026-09-05T22:22:00-07:00,2,100.0,116.064208984375
2026-09-05T22:22:00-07:00,3,100.0,131.72198486328125
2026-09-05T22:23:00-07:00,0,0.0,99.335693359375
2026-09-05T22:23:00-07:00,1,100.0,97.22088623046875
2026-09-05T22:23:00-07:00,2,75.0,116.064208984375
2026-09-05T22:23:00-07:00,3,100.0,131.72198486328125
2026-09-05T22:24:00-07:00,0,0.0,99.335693359375
2026-09-05T22:24:00-07:00,1,100.0,97.22088623046875
2026-09-05T22:24:00-07:00,2,100.0,116.064208984375
2026-09-05T22:24:00-07:00,3,100.0,131.72198486328125
2026-09-05T22:25:00-07:00,0,0.0,99.335693359375
2026-09-05T22:25:00-07:00,1,100.0,97.22088623046875
2026-09-05T22:25:00-07:00,2,100.0,116.064208984375
2026-09-05T22:25:00-07:00,3,100.0,131.72198486328125
2026-09-05T22:26:00-07:00,0,0.0,99.335693359375
2026-09-05T22:26:00-07:00,1,100.0,97.22088623046875
2026-09-05T22:26:00-07:00,2,100.0,116.064208984375
2026-09-05T22:26:00-07:00,3,100.0,131.72198486328125
2026-09-05T22:27:00-07:00,0,0.0,99.335693359375
2026-09-05T22:27:00-07:00,1,100.0,97.22088623046875
2026-09-05T22:27:00-07:00,2,100.0,116.064208984375
2026-09-05T22:27:00-07:00,3,100.0,131.72198486328125
2026-09-05T22:28:00-07:00,0,0.0,99.335693359375
2026-09-05T22:28:00-07:00,1,100.0,97.22088623046875
2026-09-05T22:28:00-07:00,2,100.0,116.064208984375
2026-09-05T22:28:00-07:00,3,100.0,131.72198486328125
2026-09-05T22:29:00-07:00,0,0.0,99.335693359375
2026-09-05T22:29:00-07:00,1,100.0,97.22088623046875
2026-09-05T22:29:00-07:00,2,100.0,116.064208984375
2026-09-05T22:29:00-07:00,3,100.0,131.72198486328125
2026-09-05T22:30:00-07:00,0,0.0,99.46400451660156
2026-09-05T22:30:00-07:00,1,100.0,97.34919738769531
2026-09-05T22:30:00-07:00,2,100.0,116.19300842285156
2026-09-05T22:30:00-07:00,3,100.0,131.8507843017578
2026-09-05T22:31:00-07:00,0,0.0,99.335693359375
2026-09-05T22:31:00-07:00,1,86.25,101.16316223144531
2026-09-05T22:31:00-07:00,2,100.0,116.064208984375
2026-09-05T22:31:00-07:00,3,100.0,131.72198486328125
2026-09-05T22:32:00-07:00,0,0.5,107.22024536132812
2026-09-05T22:32:00-07:00,1,100.0,118.093505859375
2026-09-05T22:32:00-07:00,2,95.25,116.064208984375
2026-09-05T22:32:00-07:00,3,100.0,131.72198486328125
2026-09-05T22:33:00-07:00,0,0.75,109.22941589355469
2026-09-05T22:33:00-07:00,1,100.0,110.607177734375
2026-09-05T22:33:00-07:00,2,100.0,116.064208984375
2026-09-05T22:33:00-07:00,3,100.0,131.72198486328125
2026-09-05T22:34:00-07:00,0,0.75,99.335693359375
2026-09-05T22:34:00-07:00,1,100.0,111.189208984375
2026-09-05T22:34:00-07:00,2,100.0,116.064208984375
2026-09-05T22:34:00-07:00,3,100.0,131.72198486328125
2026-09-05T22:35:00-07:00,0,0.0,99.335693359375
2026-09-05T22:35:00-07:00,1,100.0,111.189208984375
2026-09-05T22:35:00-07:00,2,100.0,116.064208984375
2026-09-05T22:35:00-07:00,3,100.0,131.72198486328125
2026-09-05T22:36:00-07:00,0,1.75,99.335693359375
2026-09-05T22:36:00-07:00,1,100.0,111.189208984375
2026-09-05T22:36:00-07:00,2,75.0,116.064208984375
2026-09-05T22:36:00-07:00,3,100.0,131.72198486328125
2026-09-05T22:37:00-07:00,0,0.0,99.335693359375
2026-09-05T22:37:00-07:00,1,100.0,111.189208984375
2026-09-05T22:37:00-07:00,2,100.0,116.064208984375
2026-09-05T22:37:00-07:00,3,100.0,131.72198486328125
2026-09-05T22:38:00-07:00,0,0.0,99.335693359375
2026-09-05T22:38:00-07:00,1,100.0,104.20504760742188
2026-09-05T22:38:00-07:00,2,100.0,116.064208984375
2026-09-05T22:38:00-07:00,3,100.0,131.72198486328125
2026-09-05T22:39:00-07:00,0,0.0,99.335693359375
2026-09-05T22:39:00-07:00,1,100.0,97.22088623046875
2026-09-05T22:39:00-07:00,2,100.0,116.064208984375
2026-09-05T22:39:00-07:00,3,100.0,131.72198486328125
2026-09-05T22:40:00-07:00,0,0.0,99.335693359375
2026-09-05T22:40:00-07:00,1,100.0,100.35066223144531
2026-09-05T22:40:00-07:00,2,100.0,116.064208984375
2026-09-05T22:40:00-07:00,3,100.0,131.72198486328125
2026-09-05T22:41:00-07:00,0,0.0,99.335693359375
2026-09-05T22:41:00-07:00,1,100.0,97.22088623046875
2026-09-05T22:41:00-07:00,2,100.0,116.064208984375
2026-09-05T22:41:00-07:00,3,100.0,131.72198486328125
2026-09-05T22:42:00-07:00,0,0.0,99.335693359375
2026-09-05T22:42:00-07:00,1,100.0,97.22088623046875
2026-09-05T22:42:00-07:00,2,100.0,116.064208984375
2026-09-05T22:42:00-07:00,3,100.0,131.72198486328125
2026-09-05T22:43:00-07:00,0,0.0,99.335693359375
2026-09-05T22:43:00-07:00,1,86.0,97.22088623046875
2026-09-05T22:43:00-07:00,2,100.0,116.064208984375
2026-09-05T22:43:00-07:00,3,100.0,131.72198486328125
2026-09-05T22:44:00-07:00,0,0.0,99.335693359375
2026-09-05T22:44:00-07:00,1,100.0,97.22088623046875
2026-09-05T22:44:00-07:00,2,100.0,116.064208984375
2026-09-05T22:44:00-07:00,3,100.0,131.72198486328125
2026-09-05T22:45:00-07:00,0,0.0,99.335693359375
2026-09-05T22:45:00-07:00,1,100.0,97.22088623046875
2026-09-05T22:45:00-07:00,2,100.0,116.064208984375
2026-09-05T22:45:00-07:00,3,100.0,131.72198486328125
2026-09-05T22:46:00-07:00,0,0.0,99.335693359375
2026-09-05T22:46:00-07:00,1,100.0,97.22088623046875
2026-09-05T22:46:00-07:00,2,100.0,116.064208984375
2026-09-05T22:46:00-07:00,3,100.0,131.72198486328125
2026-09-05T22:47:00-07:00,0,1.0,99.335693359375
2026-09-05T22:47:00-07:00,1,100.0,97.22088623046875
2026-09-05T22:47:00-07:00,2,100.0,116.064208984375
2026-09-05T22:47:00-07:00,3,100.0,131.72198486328125
2026-09-05T22:48:00-07:00,0,0.0,99.335693359375
2026-09-05T22:48:00-07:00,1,100.0,97.22088623046875
2026-09-05T22:48:00-07:00,2,72.25,116.064208984375
2026-09-05T22:48:00-07:00,3,100.0,131.72198486328125
2026-09-05T22:49:00-07:00,0,4.25,99.335693359375
2026-09-05T22:49:00-07:00,1,100.0,97.22088623046875
2026-09-05T22:49:00-07:00,2,100.0,116.064208984375
2026-09-05T22:49:00-07:00,3,100.0,131.72198486328125
2026-09-05T22:50:00-07:00,0,0.0,99.335693359375
2026-09-05T22:50:00-07:00,1,100.0,97.22088623046875
2026-09-05T22:50:00-07:00,2,100.0,116.064208984375
2026-09-05T22:50:00-07:00,3,100.0,131.72198486328125
2026-09-05T22:51:00-07:00,0,0.0,99.335693359375
2026-09-05T22:51:00-07:00,1,100.0,97.22088623046875
2026-09-05T22:51:00-07:00,2,100.0,116.064208984375
2026-09-05T22:51:00-07:00,3,100.0,113.298583984375
2026-09-05T22:52:00-07:00,0,0.0,99.335693359375
2026-09-05T22:52:00-07:00,1,100.0,97.22088623046875
2026-09-05T22:52:00-07:00,2,100.0,116.064208984375
2026-09-05T22:52:00-07:00,3,100.0,113.298583984375
2026-09-05T22:53:00-07:00,0,1.0,99.335693359375
2026-09-05T22:53:00-07:00,1,100.0,97.22088623046875
2026-09-05T22:53:00-07:00,2,100.0,116.064208984375
2026-09-05T22:53:00-07:00,3,100.0,113.298583984375
2026-09-05T22:54:00-07:00,0,0.0,99.335693359375
2026-09-05T22:54:00-07:00,1,100.0,97.22088623046875
2026-09-05T22:54:00-07:00,2,100.0,116.064208984375
2026-09-05T22:54:00-07:00,3,100.0,113.298583984375
2026-09-05T22:55:00-07:00,0,0.0,90.12399291992188
2026-09-05T22:55:00-07:00,1,100.0,97.22088623046875
2026-09-05T22:55:00-07:00,2,100.0,116.064208984375
2026-09-05T22:55:00-07:00,3,100.0,113.298583984375
2026-09-05T22:56:00-07:00,0,0.0,80.91229248046875
2026-09-05T22:56:00-07:00,1,75.0,97.22088623046875
2026-09-05T22:56:00-07:00,2,100.0,116.064208984375
2026-09-05T22:56:00-07:00,3,100.0,113.298583984375
2026-09-05T22:57:00-07:00,0,0.0,80.91229248046875
2026-09-05T22:57:00-07:00,1,100.0,97.22088623046875
2026-09-05T22:57:00-07:00,2,100.0,116.064208984375
2026-09-05T22:57:00-07:00,3,100.0,117.76516723632812
2026-09-05T22:58:00-07:00,0,0.0,80.91229248046875
2026-09-05T22:58:00-07:00,1,100.0,97.22088623046875
2026-09-05T22:58:00-07:00,2,100.0,116.064208984375
2026-09-05T22:58:00-07:00,3,100.0,113.298583984375
2026-09-05T22:59:00-07:00,0,0.0,80.91229248046875
2026-09-05T22:59:00-07:00,1,100.0,97.22088623046875
2026-09-05T22:59:00-07:00,2,100.0,116.064208984375
2026-09-05T22:59:00-07:00,3,100.0,113.298583984375
2026-09-05T23:00:00-07:00,0,0.0,81.04060363769531
2026-09-05T23:00:00-07:00,1,75.0,97.34919738769531
2026-09-05T23:00:00-07:00,2,100.0,116.19252014160156
2026-09-05T23:00:00-07:00,3,100.0,113.42689514160156
2026-09-05T23:01:00-07:00,0,0.0,80.91229248046875
2026-09-05T23:01:00-07:00,1,100.0,97.22088623046875
2026-09-05T23:01:00-07:00,2,75.0,116.064208984375
2026-09-05T23:01:00-07:00,3,100.0,113.298583984375
2026-09-05T23:02:00-07:00,0,0.0,75.73417663574219
2026-09-05T23:02:00-07:00,1,100.0,97.22088623046875
2026-09-05T23:02:00-07:00,2,100.0,116.064208984375
2026-09-05T23:02:00-07:00,3,100.0,113.298583984375
2026-09-05T23:03:00-07:00,0,0.0,60.1998291015625
2026-09-05T23:03:00-07:00,1,100.0,97.22088623046875
2026-09-05T23:03:00-07:00,2,100.0,116.064208984375
2026-09-05T23:03:00-07:00,3,100.0,113.298583984375
2026-09-05T23:04:00-07:00,0,0.0,60.1998291015625
2026-09-05T23:04:00-07:00,1,100.0,97.22088623046875
2026-09-05T23:04:00-07:00,2,100.0,116.064208984375
2026-09-05T23:04:00-07:00,3,100.0,113.298583984375
2026-09-05T23:05:00-07:00,0,0.0,60.1998291015625
2026-09-05T23:05:00-07:00,1,100.0,97.22088623046875
2026-09-05T23:05:00-07:00,2,100.0,116.064208984375
2026-09-05T23:05:00-07:00,3,100.0,113.298583984375
2026-09-05T23:06:00-07:00,0,0.0,60.1998291015625
2026-09-05T23:06:00-07:00,1,100.0,97.22088623046875
2026-09-05T23:06:00-07:00,2,100.0,116.064208984375
2026-09-05T23:06:00-07:00,3,100.0,113.298583984375
2026-09-05T23:07:00-07:00,0,0.0,60.1998291015625
2026-09-05T23:07:00-07:00,1,100.0,97.22088623046875
2026-09-05T23:07:00-07:00,2,100.0,116.064208984375
2026-09-05T23:07:00-07:00,3,100.0,113.298583984375
2026-09-05T23:08:00-07:00,0,0.0,60.1998291015625
2026-09-05T23:08:00-07:00,1,100.0,97.22088623046875
2026-09-05T23:08:00-07:00,2,100.0,116.064208984375
2026-09-05T23:08:00-07:00,3,100.0,113.298583984375
2026-09-05T23:09:00-07:00,0,0.0,60.1998291015625
2026-09-05T23:09:00-07:00,1,100.0,97.22088623046875
2026-09-05T23:09:00-07:00,2,100.0,116.064208984375
2026-09-05T23:09:00-07:00,3,100.0,113.298583984375
2026-09-05T23:10:00-07:00,0,54.5,94.71585083007812
2026-09-05T23:10:00-07:00,1,100.0,106.927490234375
2026-09-05T23:10:00-07:00,2,100.0,116.064208984375
2026-09-05T23:10:00-07:00,3,100.0,122.58732604980469
2026-09-05T23:11:00-07:00,0,1.0,72.06306457519531
2026-09-05T23:11:00-07:00,1,100.0,104.42282104492188
2026-09-05T23:11:00-07:00,2,100.0,116.064208984375
2026-09-05T23:11:00-07:00,3,100.0,116.51039123535156
2026-09-05T23:12:00-07:00,0,0.25,65.08340454101562
2026-09-05T23:12:00-07:00,1,100.0,100.72712707519531
2026-09-05T23:12:00-07:00,2,100.0,116.064208984375
2026-09-05T23:12:00-07:00,3,100.0,113.298583984375
2026-09-05T23:13:00-07:00,0,15.0,60.815826416015625
2026-09-05T23:13:00-07:00,1,77.75,106.50425720214844
2026-09-05T23:13:00-07:00,2,75.0,116.064208984375
2026-09-05T23:13:00-07:00,3,100.0,113.298583984375
2026-09-05T23:14:00-07:00,0,6.25,64.23048400878906
2026-09-05T23:14:00-07:00,1,100.0,114.001708984375
2026-09-05T23:14:00-07:00,2,100.0,116.064208984375
2026-09-05T23:14:00-07:00,3,100.0,113.298583984375
2026-09-05T23:15:00-07:00,0,0.0,60.33204650878906
2026-09-05T23:15:00-07:00,1,100.0,114.001708984375
2026-09-05T23:15:00-07:00,2,100.0,116.064208984375
2026-09-05T23:15:00-07:00,3,100.0,113.298583984375
2026-09-05T23:16:00-07:00,0,1.0,60.43360900878906
2026-09-05T23:16:00-07:00,1,100.0,114.001708984375
2026-09-05T23:16:00-07:00,2,100.0,116.064208984375
2026-09-05T23:16:00-07:00,3,100.0,113.298583984375
2026-09-05T23:17:00-07:00,0,15.5,68.2774658203125
2026-09-05T23:17:00-07:00,1,100.0,114.001708984375
2026-09-05T23:17:00-07:00,2,100.0,116.064208984375
2026-09-05T23:17:00-07:00,3,100.0,113.298583984375
2026-09-05T23:18:00-07:00,0,41.75,72.30937194824219
2026-09-05T23:18:00-07:00,1,100.0,114.001708984375
2026-09-05T23:18:00-07:00,2,100.0,116.064208984375
2026-09-05T23:18:00-07:00,3,100.0,113.298583984375
2026-09-05T23:19:00-07:00,0,26.5,68.27236938476562
2026-09-05T23:19:00-07:00,1,100.0,114.001708984375
2026-09-05T23:19:00-07:00,2,100.0,116.064208984375
2026-09-05T23:19:00-07:00,3,100.0,113.298583984375
2026-09-05T23:20:00-07:00,0,76.0,80.47457885742188
2026-09-05T23:20:00-07:00,1,100.0,114.001708984375
2026-09-05T23:20:00-07:00,2,100.0,116.064208984375
2026-09-05T23:20:00-07:00,3,100.0,113.298583984375
2026-09-05T23:21:00-07:00,0,37.75,74.38690185546875
2026-09-05T23:21:00-07:00,1,100.0,114.001708984375
2026-09-05T23:21:00-07:00,2,100.0,116.064208984375
2026-09-05T23:21:00-07:00,3,100.0,113.298583984375
2026-09-05T23:22:00-07:00,0,0.0,72.76005554199219
2026-09-05T23:22:00-07:00,1,100.0,114.001708984375
2026-09-05T23:22:00-07:00,2,100.0,116.064208984375
2026-09-05T23:22:00-07:00,3,100.0,113.298583984375
2026-09-05T23:23:00-07:00,0,0.0,78.61737060546875
2026-09-05T23:23:00-07:00,1,100.0,109.72593688964844
2026-09-05T23:23:00-07:00,2,100.0,116.064208984375
2026-09-05T23:23:00-07:00,3,100.0,113.298583984375
2026-09-05T23:24:00-07:00,0,1.0,78.63250732421875
2026-09-05T23:24:00-07:00,1,100.0,114.001708984375
2026-09-05T23:24:00-07:00,2,100.0,116.064208984375
2026-09-05T23:24:00-07:00,3,75.0,113.298583984375
2026-09-05T23:25:00-07:00,0,0.0,78.64276123046875
2026-09-05T23:25:00-07:00,1,100.0,108.84507751464844
2026-09-05T23:25:00-07:00,2,100.0,116.064208984375
2026-09-05T23:25:00-07:00,3,100.0,113.298583984375
2026-09-05T23:26:00-07:00,0,0.0,78.64276123046875
2026-09-05T23:26:00-07:00,1,100.0,114.001708984375
2026-09-05T23:26:00-07:00,2,75.0,116.064208984375
2026-09-05T23:26:00-07:00,3,100.0,121.68899536132812
2026-09-05T23:27:00-07:00,0,0.0,78.64276123046875
2026-09-05T23:27:00-07:00,1,100.0,114.001708984375
2026-09-05T23:27:00-07:00,2,100.0,120.04212951660156
2026-09-05T23:27:00-07:00,3,100.0,115.72279357910156
2026-09-05T23:28:00-07:00,0,0.0,78.64276123046875
2026-09-05T23:28:00-07:00,1,79.0,114.001708984375
2026-09-05T23:28:00-07:00,2,100.0,116.064208984375
2026-09-05T23:28:00-07:00,3,75.0,113.298583984375
2026-09-05T23:29:00-07:00,0,0.0,78.64276123046875
2026-09-05T23:29:00-07:00,1,100.0,114.001708984375
2026-09-05T23:29:00-07:00,2,100.0,116.064208984375
2026-09-05T23:29:00-07:00,3,100.0,113.298583984375
2026-09-05T23:30:00-07:00,0,0.0,78.64276123046875
2026-09-05T23:30:00-07:00,1,100.0,114.001708984375
2026-09-05T23:30:00-07:00,2,100.0,116.064208984375
2026-09-05T23:30:00-07:00,3,100.0,113.298583984375
2026-09-05T23:31:00-07:00,0,0.0,78.64276123046875
2026-09-05T23:31:00-07:00,1,100.0,114.001708984375
2026-09-05T23:31:00-07:00,2,100.0,116.064208984375
2026-09-05T23:31:00-07:00,3,100.0,113.298583984375
2026-09-05T23:32:00-07:00,0,0.0,78.64276123046875
2026-09-05T23:32:00-07:00,1,100.0,114.001708984375
2026-09-05T23:32:00-07:00,2,100.0,116.064208984375
2026-09-05T23:32:00-07:00,3,100.0,113.298583984375
2026-09-05T23:33:00-07:00,0,0.0,78.65643310546875
2026-09-05T23:33:00-07:00,1,100.0,114.001708984375
2026-09-05T23:33:00-07:00,2,100.0,116.064208984375
2026-09-05T23:33:00-07:00,3,100.0,113.298583984375
2026-09-05T23:34:00-07:00,0,0.0,78.65643310546875
2026-09-05T23:34:00-07:00,1,100.0,114.001708984375
2026-09-05T23:34:00-07:00,2,100.0,116.064208984375
2026-09-05T23:34:00-07:00,3,100.0,113.298583984375
2026-09-05T23:35:00-07:00,0,0.0,78.65643310546875
2026-09-05T23:35:00-07:00,1,100.0,114.001708984375
2026-09-05T23:35:00-07:00,2,100.0,116.064208984375
2026-09-05T23:35:00-07:00,3,100.0,113.298583984375
2026-09-05T23:36:00-07:00,0,0.0,78.65643310546875
2026-09-05T23:36:00-07:00,1,100.0,114.001708984375
2026-09-05T23:36:00-07:00,2,100.0,116.064208984375
2026-09-05T23:36:00-07:00,3,100.0,113.298583984375
2026-09-05T23:37:00-07:00,0,0.0,78.65643310546875
2026-09-05T23:37:00-07:00,1,100.0,114.001708984375
2026-09-05T23:37:00-07:00,2,100.0,116.064208984375
2026-09-05T23:37:00-07:00,3,100.0,113.298583984375
2026-09-05T23:38:00-07:00,0,0.75,78.65643310546875
2026-09-05T23:38:00-07:00,1,92.5,114.001708984375
2026-09-05T23:38:00-07:00,2,75.0,116.064208984375
2026-09-05T23:38:00-07:00,3,98.25,113.298583984375
2026-09-05T23:39:00-07:00,0,0.0,78.65643310546875
2026-09-05T23:39:00-07:00,1,100.0,114.001708984375
2026-09-05T23:39:00-07:00,2,100.0,116.064208984375
2026-09-05T23:39:00-07:00,3,100.0,97.10055541992188
2026-09-05T23:40:00-07:00,0,0.0,78.65643310546875
2026-09-05T23:40:00-07:00,1,100.0,114.001708984375
2026-09-05T23:40:00-07:00,2,100.0,116.064208984375
2026-09-05T23:40:00-07:00,3,100.0,80.90252685546875
2026-09-05T23:41:00-07:00,0,0.0,78.65643310546875
2026-09-05T23:41:00-07:00,1,100.0,114.001708984375
2026-09-05T23:41:00-07:00,2,100.0,116.064208984375
2026-09-05T23:41:00-07:00,3,100.0,80.90252685546875
2026-09-05T23:42:00-07:00,0,0.0,78.65643310546875
2026-09-05T23:42:00-07:00,1,100.0,114.001708984375
2026-09-05T23:42:00-07:00,2,100.0,116.064208984375
2026-09-05T23:42:00-07:00,3,25.0,32.290863037109375
2026-09-05T23:43:00-07:00,0,0.0,78.65643310546875
2026-09-05T23:43:00-07:00,1,100.0,114.001708984375
2026-09-05T23:43:00-07:00,2,100.0,116.064208984375
2026-09-05T23:43:00-07:00,3,0.0,16.08697509765625
2026-09-05T23:44:00-07:00,0,0.0,78.65643310546875
2026-09-05T23:44:00-07:00,1,100.0,114.001708984375
2026-09-05T23:44:00-07:00,2,100.0,116.064208984375
2026-09-05T23:44:00-07:00,3,0.0,17.883697509765625
2026-09-05T23:45:00-07:00,0,0.0,78.78474426269531
2026-09-05T23:45:00-07:00,1,100.0,114.001708984375
2026-09-05T23:45:00-07:00,2,53.0,67.45840454101562
2026-09-05T23:45:00-07:00,3,100.0,44.927001953125
2026-09-05T23:46:00-07:00,0,0.0,78.97468566894531
2026-09-05T23:46:00-07:00,1,100.0,114.001708984375
2026-09-05T23:46:00-07:00,2,0.0,18.85260009765625
2026-09-05T23:46:00-07:00,3,100.0,113.281005859375
2026-09-05T23:47:00-07:00,0,0.0,79.01252746582031
2026-09-05T23:47:00-07:00,1,100.0,105.90269470214844
2026-09-05T23:47:00-07:00,2,0.0,18.85260009765625
2026-09-05T23:47:00-07:00,3,100.0,113.281005859375
2026-09-05T23:48:00-07:00,0,0.0,78.65643310546875
2026-09-05T23:48:00-07:00,1,100.0,81.60565185546875
2026-09-05T23:48:00-07:00,2,0.0,18.85260009765625
2026-09-05T23:48:00-07:00,3,100.0,113.281005859375
2026-09-05T23:49:00-07:00,0,0.0,78.65643310546875
2026-09-05T23:49:00-07:00,1,100.0,81.60565185546875
2026-09-05T23:49:00-07:00,2,0.0,18.85260009765625
2026-09-05T23:49:00-07:00,3,75.0,113.294189453125
2026-09-05T23:50:00-07:00,0,2.0,78.65643310546875
2026-09-05T23:50:00-07:00,1,100.0,81.60565185546875
2026-09-05T23:50:00-07:00,2,0.0,18.85260009765625
2026-09-05T23:50:00-07:00,3,100.0,113.298583984375
2026-09-05T23:51:00-07:00,0,0.0,78.65643310546875
2026-09-05T23:51:00-07:00,1,62.25,61.20216369628906
2026-09-05T23:51:00-07:00,2,0.0,18.85260009765625
2026-09-05T23:51:00-07:00,3,100.0,113.298583984375
2026-09-05T23:52:00-07:00,0,48.75,80.43003845214844
2026-09-05T23:52:00-07:00,1,0.0,0.00927734375
2026-09-05T23:52:00-07:00,2,0.0,18.85260009765625
2026-09-05T23:52:00-07:00,3,100.0,113.298583984375
2026-09-05T23:53:00-07:00,0,72.5,81.81724548339844
2026-09-05T23:53:00-07:00,1,0.0,0.00927734375
2026-09-05T23:53:00-07:00,2,0.0,18.85260009765625
2026-09-05T23:53:00-07:00,3,100.0,113.298583984375
2026-09-05T23:54:00-07:00,0,0.0,78.65643310546875
2026-09-05T23:54:00-07:00,1,0.0,0.00927734375
2026-09-05T23:54:00-07:00,2,0.0,18.85260009765625
2026-09-05T23:54:00-07:00,3,100.0,113.298583984375
2026-09-05T23:55:00-07:00,0,2.0,78.65643310546875
2026-09-05T23:55:00-07:00,1,0.0,0.00927734375
2026-09-05T23:55:00-07:00,2,0.0,18.85260009765625
2026-09-05T23:55:00-07:00,3,100.0,113.298583984375
2026-09-05T23:56:00-07:00,0,0.0,78.65643310546875
2026-09-05T23:56:00-07:00,1,0.0,0.00927734375
2026-09-05T23:56:00-07:00,2,0.0,18.85260009765625
2026-09-05T23:56:00-07:00,3,100.0,113.298583984375
2026-09-05T23:57:00-07:00,0,2.0,78.65643310546875
2026-09-05T23:57:00-07:00,1,0.0,0.00927734375
2026-09-05T23:57:00-07:00,2,0.5,19.634231567382812
2026-09-05T23:57:00-07:00,3,100.0,113.298583984375
2026-09-05T23:58:00-07:00,0,0.0,78.65643310546875
2026-09-05T23:58:00-07:00,1,0.0,0.00927734375
2026-09-05T23:58:00-07:00,2,2.75,22.911956787109375
2026-09-05T23:58:00-07:00,3,100.0,113.298583984375
2026-09-05T23:59:00-07:00,0,0.0,78.65643310546875
2026-09-05T23:59:00-07:00,1,0.0,0.00927734375
2026-09-05T23:59:00-07:00,2,0.0,26.855316162109375
2026-09-05T23:59:00-07:00,3,100.0,120.31790161132812
2026-09-06T00:00:00-07:00,0,1.0,78.78474426269531
2026-09-06T00:00:00-07:00,1,0.0,0.00927734375
2026-09-06T00:00:00-07:00,2,0.0,34.9517822265625
2026-09-06T00:00:00-07:00,3,100.0,130.08135986328125
2026-09-06T00:01:00-07:00,0,0.0,78.65643310546875
2026-09-06T00:01:00-07:00,1,0.0,0.00927734375
2026-09-06T00:01:00-07:00,2,2.0,34.9522705078125
2026-09-06T00:01:00-07:00,3,100.0,130.08135986328125
2026-09-06T00:02:00-07:00,0,0.0,78.65643310546875
2026-09-06T00:02:00-07:00,1,0.0,0.00927734375
2026-09-06T00:02:00-07:00,2,18.0,34.9537353515625
2026-09-06T00:02:00-07:00,3,100.0,130.08135986328125
2026-09-06T00:03:00-07:00,0,14.5,94.51217651367188
2026-09-06T00:03:00-07:00,1,0.0,0.00927734375
2026-09-06T00:03:00-07:00,2,6.25,34.9537353515625
2026-09-06T00:03:00-07:00,3,100.0,130.08135986328125
2026-09-06T00:04:00-07:00,0,11.25,82.85163879394531
2026-09-06T00:04:00-07:00,1,0.0,0.00927734375
2026-09-06T00:04:00-07:00,2,3.75,34.9537353515625
2026-09-06T00:04:00-07:00,3,100.0,130.08135986328125
2026-09-06T00:05:00-07:00,0,0.0,78.65643310546875
2026-09-06T00:05:00-07:00,1,0.0,0.00927734375
2026-09-06T00:05:00-07:00,2,0.0,34.9537353515625
2026-09-06T00:05:00-07:00,3,100.0,130.08135986328125
2026-09-06T00:06:00-07:00,0,0.0,64.81398010253906
2026-09-06T00:06:00-07:00,1,0.0,0.0078125
2026-09-06T00:06:00-07:00,2,0.0,34.9537353515625
2026-09-06T00:06:00-07:00,3,100.0,130.08135986328125
2026-09-06T00:07:00-07:00,0,2.25,68.89335632324219
2026-09-06T00:07:00-07:00,1,30.0,8.771163940429688
2026-09-06T00:07:00-07:00,2,1.25,34.9537353515625
2026-09-06T00:07:00-07:00,3,100.0,130.08135986328125
2026-09-06T00:08:00-07:00,0,2.0,78.64178466796875
2026-09-06T00:08:00-07:00,1,56.5,16.15338134765625
2026-09-06T00:08:00-07:00,2,11.25,34.9537353515625
2026-09-06T00:08:00-07:00,3,100.0,130.08135986328125
2026-09-06T00:09:00-07:00,0,0.0,78.65496826171875
2026-09-06T00:09:00-07:00,1,28.75,9.269210815429688
2026-09-06T00:09:00-07:00,2,4.5,34.9537353515625
2026-09-06T00:09:00-07:00,3,100.0,130.08135986328125
2026-09-06T00:10:00-07:00,0,0.0,78.65838623046875
2026-09-06T00:10:00-07:00,1,23.0,8.397735595703125
2026-09-06T00:10:00-07:00,2,0.0,34.9537353515625
2026-09-06T00:10:00-07:00,3,100.0,130.08135986328125
2026-09-06T00:11:00-07:00,0,0.0,78.65838623046875
2026-09-06T00:11:00-07:00,1,11.5,4.2025299072265625
2026-09-06T00:11:00-07:00,2,1.25,34.9537353515625
2026-09-06T00:11:00-07:00,3,100.0,130.08135986328125
2026-09-06T00:12:00-07:00,0,0.0,78.65838623046875
2026-09-06T00:12:00-07:00,1,13.75,20.012374877929688
2026-09-06T00:12:00-07:00,2,0.0,34.9537353515625
2026-09-06T00:12:00-07:00,3,100.0,130.08135986328125
2026-09-06T00:13:00-07:00,0,1.75,78.65838623046875
2026-09-06T00:13:00-07:00,1,0.0,0.00732421875
2026-09-06T00:13:00-07:00,2,0.0,34.9537353515625
2026-09-06T00:13:00-07:00,3,100.0,130.08135986328125
2026-09-06T00:14:00-07:00,0,0.0,78.66278076171875
2026-09-06T00:14:00-07:00,1,0.0,0.00732421875
2026-09-06T00:14:00-07:00,2,0.0,34.9537353515625
2026-09-06T00:14:00-07:00,3,100.0,130.08135986328125
2026-09-06T00:15:00-07:00,0,0.0,78.79255676269531
2026-09-06T00:15:00-07:00,1,0.0,0.00732421875
2026-09-06T00:15:00-07:00,2,0.0,34.9537353515625
2026-09-06T00:15:00-07:00,3,100.0,130.08135986328125
2026-09-06T00:16:00-07:00,0,0.0,78.66424560546875
2026-09-06T00:16:00-07:00,1,0.0,0.00732421875
2026-09-06T00:16:00-07:00,2,0.0,34.9537353515625
2026-09-06T00:16:00-07:00,3,100.0,130.08135986328125
2026-09-06T00:17:00-07:00,0,0.0,78.66424560546875
2026-09-06T00:17:00-07:00,1,0.0,0.00732421875
2026-09-06T00:17:00-07:00,2,0.0,34.9537353515625
2026-09-06T00:17:00-07:00,3,100.0,130.08135986328125
2026-09-06T00:18:00-07:00,0,0.0,78.66424560546875
2026-09-06T00:18:00-07:00,1,0.0,0.00732421875
2026-09-06T00:18:00-07:00,2,0.0,34.9537353515625
2026-09-06T00:18:00-07:00,3,100.0,130.08135986328125
2026-09-06T00:19:00-07:00,0,0.0,78.66424560546875
2026-09-06T00:19:00-07:00,1,0.0,0.00732421875
2026-09-06T00:19:00-07:00,2,0.0,34.9537353515625
2026-09-06T00:19:00-07:00,3,100.0,130.08135986328125
2026-09-06T00:20:00-07:00,0,0.0,78.66424560546875
2026-09-06T00:20:00-07:00,1,0.0,0.00732421875
2026-09-06T00:20:00-07:00,2,2.75,34.9537353515625
2026-09-06T00:20:00-07:00,3,100.0,130.08135986328125
2026-09-06T00:21:00-07:00,0,0.0,78.66424560546875
2026-09-06T00:21:00-07:00,1,0.0,0.00732421875
2026-09-06T00:21:00-07:00,2,11.25,34.9537353515625
2026-09-06T00:21:00-07:00,3,100.0,130.08135986328125
2026-09-06T00:22:00-07:00,0,0.0,78.66424560546875
2026-09-06T00:22:00-07:00,1,0.0,0.00732421875
2026-09-06T00:22:00-07:00,2,0.0,34.9537353515625
2026-09-06T00:22:00-07:00,3,100.0,130.08135986328125
2026-09-06T00:23:00-07:00,0,0.0,78.66424560546875
2026-09-06T00:23:00-07:00,1,0.0,0.00732421875
2026-09-06T00:23:00-07:00,2,7.25,34.9537353515625
2026-09-06T00:23:00-07:00,3,100.0,130.08135986328125
2026-09-06T00:24:00-07:00,0,2.0,78.66424560546875
2026-09-06T00:24:00-07:00,1,0.0,0.00732421875
2026-09-06T00:24:00-07:00,2,0.0,34.9537353515625
2026-09-06T00:24:00-07:00,3,100.0,130.08135986328125
2026-09-06T00:25:00-07:00,0,0.0,78.66424560546875
2026-09-06T00:25:00-07:00,1,0.0,0.00732421875
2026-09-06T00:25:00-07:00,2,0.0,22.876419067382812
2026-09-06T00:25:00-07:00,3,100.0,117.49574279785156
2026-09-06T00:26:00-07:00,0,0.0,78.66424560546875
2026-09-06T00:26:00-07:00,1,0.0,0.00732421875
2026-09-06T00:26:00-07:00,2,0.0,18.85064697265625
2026-09-06T00:26:00-07:00,3,100.0,113.300537109375
2026-09-06T00:27:00-07:00,0,0.0,78.66424560546875
2026-09-06T00:27:00-07:00,1,0.0,0.00732421875
2026-09-06T00:27:00-07:00,2,0.0,18.85064697265625
2026-09-06T00:27:00-07:00,3,100.0,113.300537109375
2026-09-06T00:28:00-07:00,0,0.0,78.66424560546875
2026-09-06T00:28:00-07:00,1,0.0,0.00732421875
2026-09-06T00:28:00-07:00,2,0.0,18.85064697265625
2026-09-06T00:28:00-07:00,3,94.5,113.300537109375
2026-09-06T00:29:00-07:00,0,0.0,78.66424560546875
2026-09-06T00:29:00-07:00,1,0.0,0.00732421875
2026-09-06T00:29:00-07:00,2,0.0,18.85064697265625
2026-09-06T00:29:00-07:00,3,100.0,113.300537109375
2026-09-06T00:30:00-07:00,0,0.25,78.79255676269531
2026-09-06T00:30:00-07:00,1,0.0,0.00732421875
2026-09-06T00:30:00-07:00,2,0.0,18.85064697265625
2026-09-06T00:30:00-07:00,3,100.0,113.300537109375
2026-09-06T00:31:00-07:00,0,0.0,78.66424560546875
2026-09-06T00:31:00-07:00,1,0.0,0.00732421875
2026-09-06T00:31:00-07:00,2,0.0,18.85064697265625
2026-09-06T00:31:00-07:00,3,100.0,113.300537109375
2026-09-06T00:32:00-07:00,0,0.0,78.66424560546875
2026-09-06T00:32:00-07:00,1,0.0,0.00732421875
2026-09-06T00:32:00-07:00,2,0.0,18.85064697265625
2026-09-06T00:32:00-07:00,3,100.0,113.300537109375
2026-09-06T00:33:00-07:00,0,0.0,78.66424560546875
2026-09-06T00:33:00-07:00,1,0.0,0.00732421875
2026-09-06T00:33:00-07:00,2,0.0,18.85064697265625
2026-09-06T00:33:00-07:00,3,100.0,113.300537109375
2026-09-06T00:34:00-07:00,0,0.0,78.66424560546875
2026-09-06T00:34:00-07:00,1,0.0,0.00732421875
2026-09-06T00:34:00-07:00,2,0.0,18.85064697265625
2026-09-06T00:34:00-07:00,3,100.0,113.300537109375
2026-09-06T00:35:00-07:00,0,0.0,78.66424560546875
2026-09-06T00:35:00-07:00,1,0.0,0.00732421875
2026-09-06T00:35:00-07:00,2,0.0,18.85064697265625
2026-09-06T00:35:00-07:00,3,100.0,113.300537109375
2026-09-06T00:36:00-07:00,0,0.0,78.66424560546875
2026-09-06T00:36:00-07:00,1,0.0,0.00732421875
2026-09-06T00:36:00-07:00,2,3.0,24.199066162109375
2026-09-06T00:36:00-07:00,3,100.0,113.300537109375
2026-09-06T00:37:00-07:00,0,1.75,78.66424560546875
2026-09-06T00:37:00-07:00,1,0.0,0.00732421875
2026-09-06T00:37:00-07:00,2,0.0,34.7623291015625
2026-09-06T00:37:00-07:00,3,100.0,113.300537109375
2026-09-06T00:38:00-07:00,0,0.0,78.66424560546875
2026-09-06T00:38:00-07:00,1,0.0,0.00732421875
2026-09-06T00:38:00-07:00,2,0.0,34.9498291015625
2026-09-06T00:38:00-07:00,3,100.0,113.300537109375
2026-09-06T00:39:00-07:00,0,0.0,78.66424560546875
2026-09-06T00:39:00-07:00,1,0.0,0.00732421875
2026-09-06T00:39:00-07:00,2,0.0,35.5299072265625
2026-09-06T00:39:00-07:00,3,100.0,113.300537109375
2026-09-06T00:40:00-07:00,0,0.0,78.66424560546875
2026-09-06T00:40:00-07:00,1,0.0,0.00732421875
2026-09-06T00:40:00-07:00,2,0.0,37.2701416015625
2026-09-06T00:40:00-07:00,3,100.0,113.300537109375
2026-09-06T00:41:00-07:00,0,0.0,78.66424560546875
2026-09-06T00:41:00-07:00,1,0.0,0.00732421875
2026-09-06T00:41:00-07:00,2,0.0,37.2701416015625
2026-09-06T00:41:00-07:00,3,100.0,113.300537109375
2026-09-06T00:42:00-07:00,0,1.75,78.66424560546875
2026-09-06T00:42:00-07:00,1,0.0,0.00732421875
2026-09-06T00:42:00-07:00,2,0.0,37.2701416015625
2026-09-06T00:42:00-07:00,3,100.0,113.300537109375
2026-09-06T00:43:00-07:00,0,0.0,78.66424560546875
2026-09-06T00:43:00-07:00,1,0.0,0.00732421875
2026-09-06T00:43:00-07:00,2,0.0,37.2720947265625
2026-09-06T00:43:00-07:00,3,100.0,113.300537109375
2026-09-06T00:44:00-07:00,0,0.0,78.66424560546875
2026-09-06T00:44:00-07:00,1,0.0,0.00732421875
2026-09-06T00:44:00-07:00,2,1.0,37.2720947265625
2026-09-06T00:44:00-07:00,3,100.0,113.300537109375
2026-09-06T00:45:00-07:00,0,0.0,78.79255676269531
2026-09-06T00:45:00-07:00,1,0.0,0.00732421875
2026-09-06T00:45:00-07:00,2,0.0,37.2720947265625
2026-09-06T00:45:00-07:00,3,100.0,113.300537109375
2026-09-06T00:46:00-07:00,0,0.0,78.66424560546875
2026-09-06T00:46:00-07:00,1,0.0,0.00732421875
2026-09-06T00:46:00-07:00,2,0.0,37.2720947265625
2026-09-06T00:46:00-07:00,3,100.0,113.300537109375
2026-09-06T00:47:00-07:00,0,0.0,78.66424560546875
2026-09-06T00:47:00-07:00,1,16.5,4.469512939453125
2026-09-06T00:47:00-07:00,2,0.5,37.2720947265625
2026-09-06T00:47:00-07:00,3,100.0,113.300537109375
2026-09-06T00:48:00-07:00,0,0.0,78.66424560546875
2026-09-06T00:48:00-07:00,1,1.0,12.034835815429688
2026-09-06T00:48:00-07:00,2,0.0,37.2720947265625
2026-09-06T00:48:00-07:00,3,100.0,125.67814636230469
2026-09-06T00:49:00-07:00,0,0.0,78.66424560546875
2026-09-06T00:49:00-07:00,1,2.5,16.10650634765625
2026-09-06T00:49:00-07:00,2,0.0,37.2720947265625
2026-09-06T00:49:00-07:00,3,100.0,130.08135986328125
2026-09-06T00:50:00-07:00,0,0.0,78.66424560546875
2026-09-06T00:50:00-07:00,1,2.5,16.10650634765625
2026-09-06T00:50:00-07:00,2,0.0,37.2720947265625
2026-09-06T00:50:00-07:00,3,100.0,130.08135986328125
2026-09-06T00:51:00-07:00,0,2.0,78.66424560546875
2026-09-06T00:51:00-07:00,1,0.0,16.10650634765625
2026-09-06T00:51:00-07:00,2,0.0,37.2720947265625
2026-09-06T00:51:00-07:00,3,100.0,130.08135986328125
2026-09-06T00:52:00-07:00,0,0.0,78.66424560546875
2026-09-06T00:52:00-07:00,1,0.0,16.10650634765625
2026-09-06T00:52:00-07:00,2,0.0,37.2720947265625
2026-09-06T00:52:00-07:00,3,100.0,130.08135986328125
2026-09-06T00:53:00-07:00,0,0.0,78.66424560546875
2026-09-06T00:53:00-07:00,1,0.0,16.10650634765625
2026-09-06T00:53:00-07:00,2,0.0,37.2720947265625
2026-09-06T00:53:00-07:00,3,100.0,130.08135986328125
2026-09-06T00:54:00-07:00,0,0.0,78.66424560546875
2026-09-06T00:54:00-07:00,1,0.0,16.10650634765625
2026-09-06T00:54:00-07:00,2,2.0,37.2720947265625
2026-09-06T00:54:00-07:00,3,100.0,130.08135986328125
2026-09-06T00:55:00-07:00,0,0.0,78.66424560546875
2026-09-06T00:55:00-07:00,1,0.0,16.10650634765625
2026-09-06T00:55:00-07:00,2,0.0,37.2720947265625
2026-09-06T00:55:00-07:00,3,100.0,130.08135986328125
2026-09-06T00:56:00-07:00,0,0.0,78.66424560546875
2026-09-06T00:56:00-07:00,1,0.0,16.10650634765625
2026-09-06T00:56:00-07:00,2,0.0,37.2720947265625
2026-09-06T00:56:00-07:00,3,100.0,130.08135986328125
2026-09-06T00:57:00-07:00,0,2.0,78.66424560546875
2026-09-06T00:57:00-07:00,1,0.0,16.10650634765625
2026-09-06T00:57:00-07:00,2,0.0,37.2720947265625
2026-09-06T00:57:00-07:00,3,100.0,130.08135986328125
2026-09-06T00:58:00-07:00,0,0.0,78.66424560546875
2026-09-06T00:58:00-07:00,1,0.0,16.10650634765625
2026-09-06T00:58:00-07:00,2,0.0,37.2720947265625
2026-09-06T00:58:00-07:00,3,100.0,130.08135986328125
2026-09-06T00:59:00-07:00,0,3.75,78.66424560546875
2026-09-06T00:59:00-07:00,1,13.5,16.10650634765625
2026-09-06T00:59:00-07:00,2,0.0,37.2720947265625
2026-09-06T00:59:00-07:00,3,100.0,130.08135986328125
2026-09-06T01:00:00-07:00,0,0.0,78.79255676269531
2026-09-06T01:00:00-07:00,1,0.0,16.10650634765625
2026-09-06T01:00:00-07:00,2,0.0,37.2720947265625
2026-09-06T01:00:00-07:00,3,100.0,130.08135986328125
2026-09-06T01:01:00-07:00,0,0.0,78.66424560546875
2026-09-06T01:01:00-07:00,1,0.0,16.10650634765625
2026-09-06T01:01:00-07:00,2,0.0,37.2720947265625
2026-09-06T01:01:00-07:00,3,100.0,130.08135986328125
2026-09-06T01:02:00-07:00,0,0.0,78.66424560546875
2026-09-06T01:02:00-07:00,1,0.0,16.10650634765625
2026-09-06T01:02:00-07:00,2,0.0,37.2720947265625
2026-09-06T01:02:00-07:00,3,100.0,130.08135986328125
2026-09-06T01:03:00-07:00,0,0.0,78.66424560546875
2026-09-06T01:03:00-07:00,1,0.0,16.10650634765625
2026-09-06T01:03:00-07:00,2,0.0,37.2720947265625
2026-09-06T01:03:00-07:00,3,100.0,130.08135986328125
2026-09-06T01:04:00-07:00,0,0.0,78.66424560546875
2026-09-06T01:04:00-07:00,1,0.0,16.10650634765625
2026-09-06T01:04:00-07:00,2,0.0,37.2720947265625
2026-09-06T01:04:00-07:00,3,97.0,130.08135986328125
2026-09-06T01:05:00-07:00,0,0.0,78.66424560546875
2026-09-06T01:05:00-07:00,1,4.25,16.10650634765625
2026-09-06T01:05:00-07:00,2,0.0,37.2720947265625
2026-09-06T01:05:00-07:00,3,100.0,130.08135986328125
2026-09-06T01:06:00-07:00,0,0.0,78.66424560546875
2026-09-06T01:06:00-07:00,1,18.25,16.10650634765625
2026-09-06T01:06:00-07:00,2,0.0,37.2720947265625
2026-09-06T01:06:00-07:00,3,100.0,130.08135986328125
2026-09-06T01:07:00-07:00,0,2.0,78.66424560546875
2026-09-06T01:07:00-07:00,1,0.0,16.10650634765625
2026-09-06T01:07:00-07:00,2,0.0,37.2720947265625
2026-09-06T01:07:00-07:00,3,100.0,130.08135986328125
2026-09-06T01:08:00-07:00,0,0.0,78.66424560546875
2026-09-06T01:08:00-07:00,1,1.25,23.518890380859375
2026-09-06T01:08:00-07:00,2,1.25,37.2720947265625
2026-09-06T01:08:00-07:00,3,100.0,130.08135986328125
2026-09-06T01:09:00-07:00,0,0.0,78.66424560546875
2026-09-06T01:09:00-07:00,1,0.0,16.10650634765625
2026-09-06T01:09:00-07:00,2,0.0,37.2720947265625
2026-09-06T01:09:00-07:00,3,100.0,130.08135986328125
2026-09-06T01:10:00-07:00,0,0.0,78.66424560546875
2026-09-06T01:10:00-07:00,1,0.0,19.836380004882812
2026-09-06T01:10:00-07:00,2,0.0,37.2720947265625
2026-09-06T01:10:00-07:00,3,100.0,130.08135986328125
2026-09-06T01:11:00-07:00,0,0.0,78.66424560546875
2026-09-06T01:11:00-07:00,1,0.0,16.10650634765625
2026-09-06T01:11:00-07:00,2,0.0,37.2720947265625
2026-09-06T01:11:00-07:00,3,100.0,130.08135986328125
2026-09-06T01:12:00-07:00,0,25.0,79.57456970214844
2026-09-06T01:12:00-07:00,1,0.0,16.10650634765625
2026-09-06T01:12:00-07:00,2,0.0,37.2720947265625
2026-09-06T01:12:00-07:00,3,100.0,130.08135986328125
2026-09-06T01:13:00-07:00,0,25.0,79.44734191894531
2026-09-06T01:13:00-07:00,1,0.0,16.10650634765625
2026-09-06T01:13:00-07:00,2,0.0,37.2720947265625
2026-09-06T01:13:00-07:00,3,100.0,130.08135986328125
2026-09-06T01:14:00-07:00,0,0.0,78.66424560546875
2026-09-06T01:14:00-07:00,1,0.0,16.10650634765625
2026-09-06T01:14:00-07:00,2,0.0,37.2720947265625
2026-09-06T01:14:00-07:00,3,100.0,130.08135986328125
2026-09-06T01:15:00-07:00,0,24.0,84.13327026367188
2026-09-06T01:15:00-07:00,1,0.0,16.10650634765625
2026-09-06T01:15:00-07:00,2,0.0,37.2720947265625
2026-09-06T01:15:00-07:00,3,100.0,130.08135986328125
2026-09-06T01:16:00-07:00,0,0.0,78.66424560546875
2026-09-06T01:16:00-07:00,1,72.75,76.03880310058594
2026-09-06T01:16:00-07:00,2,0.0,37.2720947265625
2026-09-06T01:16:00-07:00,3,100.0,130.08135986328125
2026-09-06T01:17:00-07:00,0,0.0,78.66424560546875
2026-09-06T01:17:00-07:00,1,97.0,96.0162353515625
2026-09-06T01:17:00-07:00,2,0.0,37.2720947265625
2026-09-06T01:17:00-07:00,3,100.0,130.08135986328125
2026-09-06T01:18:00-07:00,0,40.0,84.13853454589844
2026-09-06T01:18:00-07:00,1,25.0,16.10650634765625
2026-09-06T01:18:00-07:00,2,0.0,37.2720947265625
2026-09-06T01:18:00-07:00,3,100.0,130.08135986328125
2026-09-06T01:19:00-07:00,0,0.0,82.82125854492188
2026-09-06T01:19:00-07:00,1,0.0,16.10650634765625
2026-09-06T01:19:00-07:00,2,0.0,37.2720947265625
2026-09-06T01:19:00-07:00,3,100.0,130.08135986328125
2026-09-06T01:20:00-07:00,0,0.0,78.66424560546875
2026-09-06T01:20:00-07:00,1,24.5,18.447219848632812
2026-09-06T01:20:00-07:00,2,0.0,37.2720947265625
2026-09-06T01:20:00-07:00,3,100.0,130.08135986328125
2026-09-06T01:21:00-07:00,0,0.0,78.66424560546875
2026-09-06T01:21:00-07:00,1,0.0,27.206008911132812
2026-09-06T01:21:00-07:00,2,1.75,40.41456604003906
2026-09-06T01:21:00-07:00,3,100.0,130.08135986328125
2026-09-06T01:22:00-07:00,0,0.0,78.66424560546875
2026-09-06T01:22:00-07:00,1,0.0,22.037063598632812
2026-09-06T01:22:00-07:00,2,0.0,37.2720947265625
2026-09-06T01:22:00-07:00,3,100.0,130.08135986328125
2026-09-06T01:23:00-07:00,0,0.0,78.66424560546875
2026-09-06T01:23:00-07:00,1,0.0,16.10650634765625
2026-09-06T01:23:00-07:00,2,0.0,37.2720947265625
2026-09-06T01:23:00-07:00,3,100.0,130.08135986328125
2026-09-06T01:24:00-07:00,0,0.0,78.66424560546875
2026-09-06T01:24:00-07:00,1,50.0,28.054534912109375
2026-09-06T01:24:00-07:00,2,0.0,37.2720947265625
2026-09-06T01:24:00-07:00,3,100.0,130.08135986328125
2026-09-06T01:25:00-07:00,0,5.25,78.66424560546875
2026-09-06T01:25:00-07:00,1,0.0,16.10650634765625
2026-09-06T01:25:00-07:00,2,17.25,37.2720947265625
2026-09-06T01:25:00-07:00,3,100.0,130.08135986328125
2026-09-06T01:26:00-07:00,0,0.0,78.66424560546875
2026-09-06T01:26:00-07:00,1,24.25,26.808059692382812
2026-09-06T01:26:00-07:00,2,0.0,37.2720947265625
2026-09-06T01:26:00-07:00,3,100.0,130.08135986328125
2026-09-06T01:27:00-07:00,0,0.0,78.66424560546875
2026-09-06T01:27:00-07:00,1,0.0,26.808059692382812
2026-09-06T01:27:00-07:00,2,0.0,37.2720947265625
2026-09-06T01:27:00-07:00,3,100.0,130.08135986328125
2026-09-06T01:28:00-07:00,0,0.0,78.66424560546875
2026-09-06T01:28:00-07:00,1,25.25,26.862533569335938
2026-09-06T01:28:00-07:00,2,0.0,37.2720947265625
2026-09-06T01:28:00-07:00,3,100.0,130.08135986328125
2026-09-06T01:29:00-07:00,0,0.0,78.66619873046875
2026-09-06T01:29:00-07:00,1,99.25,40.71806335449219
2026-09-06T01:29:00-07:00,2,3.75,54.10722351074219
2026-09-06T01:29:00-07:00,3,100.0,130.08135986328125
2026-09-06T01:30:00-07:00,0,0.0,78.79646301269531
2026-09-06T01:30:00-07:00,1,98.5,40.71855163574219
2026-09-06T01:30:00-07:00,2,50.0,68.85760498046875
2026-09-06T01:30:00-07:00,3,100.0,130.08135986328125
2026-09-06T01:31:00-07:00,0,0.0,78.66815185546875
2026-09-06T01:31:00-07:00,1,97.75,32.9840087890625
2026-09-06T01:31:00-07:00,2,1.75,37.2720947265625
2026-09-06T01:31:00-07:00,3,100.0,130.08135986328125
2026-09-06T01:32:00-07:00,0,1.75,78.66815185546875
2026-09-06T01:32:00-07:00,1,100.0,49.809051513671875
2026-09-06T01:32:00-07:00,2,0.0,37.2720947265625
2026-09-06T01:32:00-07:00,3,100.0,130.08135986328125
2026-09-06T01:33:00-07:00,0,0.0,78.66815185546875
2026-09-06T01:33:00-07:00,1,75.0,43.09236145019531
2026-09-06T01:33:00-07:00,2,0.0,37.2720947265625
2026-09-06T01:33:00-07:00,3,100.0,130.08135986328125
2026-09-06T01:34:00-07:00,0,0.0,78.66815185546875
2026-09-06T01:34:00-07:00,1,99.0,51.83465576171875
2026-09-06T01:34:00-07:00,2,0.0,37.2720947265625
2026-09-06T01:34:00-07:00,3,100.0,130.08135986328125
2026-09-06T01:35:00-07:00,0,1.25,78.66815185546875
2026-09-06T01:35:00-07:00,1,94.75,71.84274291992188
2026-09-06T01:35:00-07:00,2,0.0,37.2720947265625
2026-09-06T01:35:00-07:00,3,100.0,130.08135986328125
2026-09-06T01:36:00-07:00,0,1.25,78.66815185546875
2026-09-06T01:36:00-07:00,1,0.0,31.707046508789062
2026-09-06T01:36:00-07:00,2,0.0,37.2720947265625
2026-09-06T01:36:00-07:00,3,100.0,130.08135986328125
2026-09-06T01:37:00-07:00,0,0.0,78.66815185546875
2026-09-06T01:37:00-07:00,1,3.0,29.1295166015625
2026-09-06T01:37:00-07:00,2,0.0,54.10722351074219
2026-09-06T01:37:00-07:00,3,89.5,130.08135986328125
2026-09-06T01:38:00-07:00,0,0.0,78.66815185546875
2026-09-06T01:38:00-07:00,1,0.0,29.1295166015625
2026-09-06T01:38:00-07:00,2,0.0,59.71893310546875
2026-09-06T01:38:00-07:00,3,100.0,130.08135986328125
2026-09-06T01:39:00-07:00,0,1.25,78.66815185546875
2026-09-06T01:39:00-07:00,1,0.0,35.2330322265625
2026-09-06T01:39:00-07:00,2,25.0,69.14813232421875
2026-09-06T01:39:00-07:00,3,92.75,130.08135986328125
2026-09-06T01:40:00-07:00,0,0.0,78.66815185546875
2026-09-06T01:40:00-07:00,1,0.0,41.3365478515625
2026-09-06T01:40:00-07:00,2,0.75,69.14862060546875
2026-09-06T01:40:00-07:00,3,100.0,130.08135986328125
2026-09-06T01:41:00-07:00,0,1.25,78.66815185546875
2026-09-06T01:41:00-07:00,1,0.0,41.3365478515625
2026-09-06T01:41:00-07:00,2,0.0,69.14862060546875
2026-09-06T01:41:00-07:00,3,90.25,130.08135986328125
2026-09-06T01:42:00-07:00,0,0.0,78.66815185546875
2026-09-06T01:42:00-07:00,1,0.0,41.3365478515625
2026-09-06T01:42:00-07:00,2,0.75,46.483306884765625
2026-09-06T01:42:00-07:00,3,100.0,130.08135986328125
2026-09-06T01:43:00-07:00,0,1.75,78.66815185546875
2026-09-06T01:43:00-07:00,1,25.0,35.02952575683594
2026-09-06T01:43:00-07:00,2,0.0,37.2720947265625
2026-09-06T01:43:00-07:00,3,100.0,130.08135986328125
2026-09-06T01:44:00-07:00,0,0.0,78.66815185546875
2026-09-06T01:44:00-07:00,1,0.0,17.097122192382812
2026-09-06T01:44:00-07:00,2,1.75,37.2720947265625
2026-09-06T01:44:00-07:00,3,100.0,130.08135986328125
2026-09-06T01:45:00-07:00,0,1.75,78.79646301269531
2026-09-06T01:45:00-07:00,1,1.0,28.1607666015625
2026-09-06T01:45:00-07:00,2,0.0,37.2720947265625
2026-09-06T01:45:00-07:00,3,100.0,130.08135986328125
2026-09-06T01:46:00-07:00,0,0.0,78.66815185546875
2026-09-06T01:46:00-07:00,1,37.5,30.815444946289062
2026-09-06T01:46:00-07:00,2,22.75,39.92628479003906
2026-09-06T01:46:00-07:00,3,100.0,130.08135986328125
2026-09-06T01:47:00-07:00,0,1.5,69.43399047851562
2026-09-06T01:47:00-07:00,1,50.0,38.84295654296875
2026-09-06T01:47:00-07:00,2,50.5,48.00213623046875
2026-09-06T01:47:00-07:00,3,100.0,130.08135986328125
2026-09-06T01:48:00-07:00,0,0.5,63.636138916015625
2026-09-06T01:48:00-07:00,1,50.0,38.84393310546875
2026-09-06T01:48:00-07:00,2,25.0,47.95526123046875
2026-09-06T01:48:00-07:00,3,100.0,130.08135986328125
2026-09-06T01:49:00-07:00,0,0.0,78.00555419921875
2026-09-06T01:49:00-07:00,1,75.0,45.23114013671875
2026-09-06T01:49:00-07:00,2,100.0,47.95526123046875
2026-09-06T01:49:00-07:00,3,100.0,130.08135986328125
2026-09-06T01:50:00-07:00,0,0.0,78.63690185546875
2026-09-06T01:50:00-07:00,1,25.0,45.23211669921875
2026-09-06T01:50:00-07:00,2,0.0,47.95721435546875
2026-09-06T01:50:00-07:00,3,96.25,130.08135986328125
2026-09-06T01:51:00-07:00,0,0.75,78.63690185546875
2026-09-06T01:51:00-07:00,1,25.0,45.23211669921875
2026-09-06T01:51:00-07:00,2,26.5,47.95672607421875
2026-09-06T01:51:00-07:00,3,97.75,130.08135986328125
2026-09-06T01:52:00-07:00,0,0.0,78.63690185546875
2026-09-06T01:52:00-07:00,1,46.75,46.03767395019531
2026-09-06T01:52:00-07:00,2,0.0,39.94337463378906
2026-09-06T01:52:00-07:00,3,88.0,130.08135986328125
2026-09-06T01:53:00-07:00,0,0.0,78.63690185546875
2026-09-06T01:53:00-07:00,1,97.5,51.61151123046875
2026-09-06T01:53:00-07:00,2,0.0,37.2720947265625
2026-09-06T01:53:00-07:00,3,100.0,130.08135986328125
2026-09-06T01:54:00-07:00,0,0.0,78.63690185546875
2026-09-06T01:54:00-07:00,1,97.75,51.61151123046875
2026-09-06T01:54:00-07:00,2,0.0,37.2720947265625
2026-09-06T01:54:00-07:00,3,100.0,130.08135986328125
2026-09-06T01:55:00-07:00,0,4.25,78.63690185546875
2026-09-06T01:55:00-07:00,1,92.0,51.61151123046875
2026-09-06T01:55:00-07:00,2,0.0,37.2720947265625
2026-09-06T01:55:00-07:00,3,100.0,130.08135986328125
2026-09-06T01:56:00-07:00,0,5.25,78.64666748046875
2026-09-06T01:56:00-07:00,1,98.75,51.61151123046875
2026-09-06T01:56:00-07:00,2,0.0,37.2720947265625
2026-09-06T01:56:00-07:00,3,100.0,130.08135986328125
2026-09-06T01:57:00-07:00,0,0.0,78.65643310546875
2026-09-06T01:57:00-07:00,1,98.5,51.61151123046875
2026-09-06T01:57:00-07:00,2,0.0,37.2720947265625
2026-09-06T01:57:00-07:00,3,100.0,130.08135986328125
2026-09-06T01:58:00-07:00,0,0.0,78.65643310546875
2026-09-06T01:58:00-07:00,1,74.0,51.61151123046875
2026-09-06T01:58:00-07:00,2,0.0,37.2720947265625
2026-09-06T01:58:00-07:00,3,100.0,130.08135986328125
2026-09-06T01:59:00-07:00,0,2.75,78.65643310546875
2026-09-06T01:59:00-07:00,1,77.75,51.61151123046875
2026-09-06T01:59:00-07:00,2,1.5,37.2720947265625
2026-09-06T01:59:00-07:00,3,100.0,130.08135986328125
2026-09-06T02:00:00-07:00,0,0.0,78.78474426269531
2026-09-06T02:00:00-07:00,1,84.5,50.66717529296875
2026-09-06T02:00:00-07:00,2,0.0,23.456008911132812
2026-09-06T02:00:00-07:00,3,100.0,130.08135986328125
2026-09-06T02:01:00-07:00,0,1.25,78.65643310546875
2026-09-06T02:01:00-07:00,1,96.25,47.83416748046875
2026-09-06T02:01:00-07:00,2,0.0,18.85064697265625
2026-09-06T02:01:00-07:00,3,100.0,130.08135986328125
2026-09-06T02:02:00-07:00,0,1.75,78.65643310546875
2026-09-06T02:02:00-07:00,1,85.75,50.67889404296875
2026-09-06T02:02:00-07:00,2,0.0,18.85064697265625
2026-09-06T02:02:00-07:00,3,88.5,130.08135986328125
2026-09-06T02:03:00-07:00,0,0.0,78.65643310546875
2026-09-06T02:03:00-07:00,1,95.25,59.21307373046875
2026-09-06T02:03:00-07:00,2,0.0,18.85064697265625
2026-09-06T02:03:00-07:00,3,100.0,130.08135986328125
2026-09-06T02:04:00-07:00,0,0.0,78.65643310546875
2026-09-06T02:04:00-07:00,1,95.75,62.50994873046875
2026-09-06T02:04:00-07:00,2,0.0,18.85064697265625
2026-09-06T02:04:00-07:00,3,100.0,130.08135986328125
2026-09-06T02:05:00-07:00,0,0.0,78.65643310546875
2026-09-06T02:05:00-07:00,1,80.25,73.41424560546875
2026-09-06T02:05:00-07:00,2,0.0,18.85064697265625
2026-09-06T02:05:00-07:00,3,100.0,130.08135986328125
2026-09-06T02:06:00-07:00,0,1.75,78.65643310546875
2026-09-06T02:06:00-07:00,1,0.0,34.5474853515625
2026-09-06T02:06:00-07:00,2,0.0,18.85064697265625
2026-09-06T02:06:00-07:00,3,100.0,130.08135986328125
2026-09-06T02:07:00-07:00,0,4.75,81.61970520019531
2026-09-06T02:07:00-07:00,1,0.25,34.5474853515625
2026-09-06T02:07:00-07:00,2,0.0,18.85064697265625
2026-09-06T02:07:00-07:00,3,100.0,130.08135986328125
2026-09-06T02:08:00-07:00,0,0.0,78.65643310546875
2026-09-06T02:08:00-07:00,1,7.25,34.5474853515625
2026-09-06T02:08:00-07:00,2,0.0,18.85064697265625
2026-09-06T02:08:00-07:00,3,100.0,130.08135986328125
2026-09-06T02:09:00-07:00,0,2.0,78.65643310546875
2026-09-06T02:09:00-07:00,1,0.25,34.5474853515625
2026-09-06T02:09:00-07:00,2,0.0,18.85064697265625
2026-09-06T02:09:00-07:00,3,100.0,130.08135986328125
2026-09-06T02:10:00-07:00,0,0.0,78.65643310546875
2026-09-06T02:10:00-07:00,1,0.0,34.5474853515625
2026-09-06T02:10:00-07:00,2,0.0,18.85064697265625
2026-09-06T02:10:00-07:00,3,100.0,130.08135986328125
2026-09-06T02:11:00-07:00,0,0.0,78.65643310546875
2026-09-06T02:11:00-07:00,1,0.0,34.5474853515625
2026-09-06T02:11:00-07:00,2,0.0,18.85064697265625
2026-09-06T02:11:00-07:00,3,100.0,130.08135986328125
2026-09-06T02:12:00-07:00,0,1.5,78.65643310546875
2026-09-06T02:12:00-07:00,1,0.0,34.5474853515625
2026-09-06T02:12:00-07:00,2,0.0,18.85064697265625
2026-09-06T02:12:00-07:00,3,100.0,130.08135986328125
2026-09-06T02:13:00-07:00,0,0.0,78.65643310546875
2026-09-06T02:13:00-07:00,1,0.0,34.5474853515625
2026-09-06T02:13:00-07:00,2,0.0,18.85064697265625
2026-09-06T02:13:00-07:00,3,100.0,130.08135986328125
2026-09-06T02:14:00-07:00,0,0.0,78.65643310546875
2026-09-06T02:14:00-07:00,1,0.0,34.5474853515625
2026-09-06T02:14:00-07:00,2,0.0,18.85064697265625
2026-09-06T02:14:00-07:00,3,100.0,130.08135986328125
2026-09-06T02:15:00-07:00,0,0.0,78.78474426269531
2026-09-06T02:15:00-07:00,1,0.0,34.5474853515625
2026-09-06T02:15:00-07:00,2,0.0,18.85064697265625
2026-09-06T02:15:00-07:00,3,100.0,130.08135986328125
2026-09-06T02:16:00-07:00,0,0.0,78.65643310546875
2026-09-06T02:16:00-07:00,1,1.75,34.5474853515625
2026-09-06T02:16:00-07:00,2,0.0,18.85064697265625
2026-09-06T02:16:00-07:00,3,100.0,130.08135986328125
2026-09-06T02:17:00-07:00,0,0.0,78.65643310546875
2026-09-06T02:17:00-07:00,1,0.0,34.5474853515625
2026-09-06T02:17:00-07:00,2,0.0,18.85064697265625
2026-09-06T02:17:00-07:00,3,100.0,130.08135986328125
2026-09-06T02:18:00-07:00,0,0.0,78.65643310546875
2026-09-06T02:18:00-07:00,1,0.0,34.5474853515625
2026-09-06T02:18:00-07:00,2,0.0,18.85064697265625
2026-09-06T02:18:00-07:00,3,100.0,130.08135986328125
2026-09-06T02:19:00-07:00,0,0.0,78.65643310546875
2026-09-06T02:19:00-07:00,1,0.0,34.5474853515625
2026-09-06T02:19:00-07:00,2,0.0,18.85064697265625
2026-09-06T02:19:00-07:00,3,100.0,130.08135986328125
2026-09-06T02:20:00-07:00,0,0.0,78.65643310546875
2026-09-06T02:20:00-07:00,1,0.0,34.5474853515625
2026-09-06T02:20:00-07:00,2,0.0,18.85064697265625
2026-09-06T02:20:00-07:00,3,100.0,130.08135986328125
2026-09-06T02:21:00-07:00,0,0.0,78.65643310546875
2026-09-06T02:21:00-07:00,1,0.0,25.326995849609375
2026-09-06T02:21:00-07:00,2,0.0,18.85064697265625
2026-09-06T02:21:00-07:00,3,100.0,130.08135986328125
2026-09-06T02:22:00-07:00,0,0.0,78.65643310546875
2026-09-06T02:22:00-07:00,1,0.0,16.10650634765625
2026-09-06T02:22:00-07:00,2,0.0,18.85064697265625
2026-09-06T02:22:00-07:00,3,100.0,130.08135986328125
2026-09-06T02:23:00-07:00,0,0.0,78.65643310546875
2026-09-06T02:23:00-07:00,1,0.0,22.743881225585938
2026-09-06T02:23:00-07:00,2,0.0,18.85064697265625
2026-09-06T02:23:00-07:00,3,100.0,130.08135986328125
2026-09-06T02:24:00-07:00,0,0.0,78.65643310546875
2026-09-06T02:24:00-07:00,1,1.5,27.8580322265625
2026-09-06T02:24:00-07:00,2,0.0,18.85064697265625
2026-09-06T02:24:00-07:00,3,100.0,130.08135986328125
2026-09-06T02:25:00-07:00,0,0.0,78.65643310546875
2026-09-06T02:25:00-07:00,1,0.0,27.8580322265625
2026-09-06T02:25:00-07:00,2,0.0,18.85064697265625
2026-09-06T02:25:00-07:00,3,87.25,130.08135986328125
2026-09-06T02:26:00-07:00,0,0.0,78.65643310546875
2026-09-06T02:26:00-07:00,1,0.0,27.8580322265625
2026-09-06T02:26:00-07:00,2,0.0,18.85064697265625
2026-09-06T02:26:00-07:00,3,100.0,130.08135986328125
2026-09-06T02:27:00-07:00,0,0.0,78.65643310546875
2026-09-06T02:27:00-07:00,1,0.0,27.8580322265625
2026-09-06T02:27:00-07:00,2,0.0,18.85064697265625
2026-09-06T02:27:00-07:00,3,100.0,130.08135986328125
2026-09-06T02:28:00-07:00,0,0.0,78.65643310546875
2026-09-06T02:28:00-07:00,1,0.0,27.8580322265625
2026-09-06T02:28:00-07:00,2,0.0,18.85064697265625
2026-09-06T02:28:00-07:00,3,92.75,130.08135986328125
2026-09-06T02:29:00-07:00,0,0.0,78.65643310546875
2026-09-06T02:29:00-07:00,1,0.0,27.8580322265625
2026-09-06T02:29:00-07:00,2,0.0,18.85064697265625
2026-09-06T02:29:00-07:00,3,100.0,130.08135986328125
2026-09-06T02:30:00-07:00,0,0.0,78.78474426269531
2026-09-06T02:30:00-07:00,1,0.0,27.8580322265625
2026-09-06T02:30:00-07:00,2,0.0,18.85064697265625
2026-09-06T02:30:00-07:00,3,100.0,130.08135986328125
2026-09-06T02:31:00-07:00,0,0.0,78.65643310546875
2026-09-06T02:31:00-07:00,1,0.0,34.2467041015625
2026-09-06T02:31:00-07:00,2,0.0,18.85064697265625
2026-09-06T02:31:00-07:00,3,100.0,130.08135986328125
2026-09-06T02:32:00-07:00,0,0.0,78.65643310546875
2026-09-06T02:32:00-07:00,1,1.0,34.2467041015625
2026-09-06T02:32:00-07:00,2,0.0,18.85064697265625
2026-09-06T02:32:00-07:00,3,100.0,130.08135986328125
2026-09-06T02:33:00-07:00,0,0.0,78.65643310546875
2026-09-06T02:33:00-07:00,1,0.0,25.176605224609375
2026-09-06T02:33:00-07:00,2,0.0,18.85064697265625
2026-09-06T02:33:00-07:00,3,100.0,130.08135986328125
2026-09-06T02:34:00-07:00,0,0.0,78.65643310546875
2026-09-06T02:34:00-07:00,1,0.0,16.10650634765625
2026-09-06T02:34:00-07:00,2,0.0,18.85064697265625
2026-09-06T02:34:00-07:00,3,100.0,130.08135986328125
2026-09-06T02:35:00-07:00,0,0.0,78.65643310546875
2026-09-06T02:35:00-07:00,1,0.0,16.10650634765625
2026-09-06T02:35:00-07:00,2,0.0,18.85064697265625
2026-09-06T02:35:00-07:00,3,100.0,130.08135986328125
2026-09-06T02:36:00-07:00,0,1.0,78.65643310546875
2026-09-06T02:36:00-07:00,1,0.0,16.10650634765625
2026-09-06T02:36:00-07:00,2,0.0,18.85064697265625
2026-09-06T02:36:00-07:00,3,100.0,130.08135986328125
2026-09-06T02:37:00-07:00,0,0.0,78.65643310546875
2026-09-06T02:37:00-07:00,1,0.0,16.10650634765625
2026-09-06T02:37:00-07:00,2,0.0,18.85064697265625
2026-09-06T02:37:00-07:00,3,100.0,130.08135986328125
2026-09-06T02:38:00-07:00,0,0.0,78.65643310546875
2026-09-06T02:38:00-07:00,1,0.0,16.10650634765625
2026-09-06T02:38:00-07:00,2,0.0,18.85064697265625
2026-09-06T02:38:00-07:00,3,100.0,130.08135986328125
2026-09-06T02:39:00-07:00,0,0.0,78.65643310546875
2026-09-06T02:39:00-07:00,1,0.0,16.10650634765625
2026-09-06T02:39:00-07:00,2,0.0,18.85064697265625
2026-09-06T02:39:00-07:00,3,100.0,130.08135986328125
2026-09-06T02:40:00-07:00,0,0.0,74.04228210449219
2026-09-06T02:40:00-07:00,1,0.0,16.10650634765625
2026-09-06T02:40:00-07:00,2,0.0,18.85064697265625
2026-09-06T02:40:00-07:00,3,100.0,130.08135986328125
2026-09-06T02:41:00-07:00,0,0.0,60.1998291015625
2026-09-06T02:41:00-07:00,1,0.0,16.10650634765625
2026-09-06T02:41:00-07:00,2,0.0,18.85064697265625
2026-09-06T02:41:00-07:00,3,100.0,130.08135986328125
2026-09-06T02:42:00-07:00,0,0.0,60.1998291015625
2026-09-06T02:42:00-07:00,1,0.0,16.10650634765625
2026-09-06T02:42:00-07:00,2,0.0,18.85064697265625
2026-09-06T02:42:00-07:00,3,100.0,130.08135986328125
2026-09-06T02:43:00-07:00,0,0.0,60.1998291015625
2026-09-06T02:43:00-07:00,1,0.0,16.10650634765625
2026-09-06T02:43:00-07:00,2,0.0,18.85064697265625
2026-09-06T02:43:00-07:00,3,100.0,130.08135986328125
2026-09-06T02:44:00-07:00,0,0.0,60.1998291015625
2026-09-06T02:44:00-07:00,1,0.0,16.10650634765625
2026-09-06T02:44:00-07:00,2,0.0,18.85064697265625
2026-09-06T02:44:00-07:00,3,100.0,130.08135986328125
2026-09-06T02:45:00-07:00,0,0.0,60.32814025878906
2026-09-06T02:45:00-07:00,1,0.0,16.110977172851562
2026-09-06T02:45:00-07:00,2,0.0,18.85064697265625
2026-09-06T02:45:00-07:00,3,86.75,130.08135986328125
2026-09-06T02:46:00-07:00,0,0.0,60.1998291015625
2026-09-06T02:46:00-07:00,1,2.75,16.10650634765625
2026-09-06T02:46:00-07:00,2,0.0,18.85064697265625
2026-09-06T02:46:00-07:00,3,100.0,130.08135986328125
2026-09-06T02:47:00-07:00,0,0.0,60.1998291015625
2026-09-06T02:47:00-07:00,1,0.0,16.10650634765625
2026-09-06T02:47:00-07:00,2,0.0,18.85064697265625
2026-09-06T02:47:00-07:00,3,100.0,130.08135986328125
2026-09-06T02:48:00-07:00,0,0.0,60.1998291015625
2026-09-06T02:48:00-07:00,1,0.0,16.10650634765625
2026-09-06T02:48:00-07:00,2,0.0,18.85064697265625
2026-09-06T02:48:00-07:00,3,100.0,130.08135986328125
2026-09-06T02:49:00-07:00,0,0.0,60.1998291015625
2026-09-06T02:49:00-07:00,1,0.0,16.10650634765625
2026-09-06T02:49:00-07:00,2,0.0,18.85064697265625
2026-09-06T02:49:00-07:00,3,100.0,130.08135986328125
2026-09-06T02:50:00-07:00,0,0.0,60.1998291015625
2026-09-06T02:50:00-07:00,1,0.0,16.10650634765625
2026-09-06T02:50:00-07:00,2,0.0,18.85064697265625
2026-09-06T02:50:00-07:00,3,100.0,130.08135986328125
2026-09-06T02:51:00-07:00,0,0.0,60.1998291015625
2026-09-06T02:51:00-07:00,1,0.0,16.10650634765625
2026-09-06T02:51:00-07:00,2,0.0,18.85064697265625
2026-09-06T02:51:00-07:00,3,100.0,130.08135986328125
2026-09-06T02:52:00-07:00,0,0.0,60.1998291015625
2026-09-06T02:52:00-07:00,1,0.0,16.10650634765625
2026-09-06T02:52:00-07:00,2,0.0,18.85064697265625
2026-09-06T02:52:00-07:00,3,100.0,130.08135986328125
2026-09-06T02:53:00-07:00,0,0.0,60.1998291015625
2026-09-06T02:53:00-07:00,1,0.0,16.10650634765625
2026-09-06T02:53:00-07:00,2,0.0,18.85064697265625
2026-09-06T02:53:00-07:00,3,100.0,130.08135986328125
2026-09-06T02:54:00-07:00,0,0.0,60.1998291015625
2026-09-06T02:54:00-07:00,1,12.5,16.10650634765625
2026-09-06T02:54:00-07:00,2,0.0,18.85064697265625
2026-09-06T02:54:00-07:00,3,100.0,130.08135986328125
2026-09-06T02:55:00-07:00,0,0.0,60.1998291015625
2026-09-06T02:55:00-07:00,1,0.0,16.10650634765625
2026-09-06T02:55:00-07:00,2,0.0,18.85064697265625
2026-09-06T02:55:00-07:00,3,100.0,130.08135986328125
2026-09-06T02:56:00-07:00,0,0.0,60.1998291015625
2026-09-06T02:56:00-07:00,1,0.0,16.10650634765625
2026-09-06T02:56:00-07:00,2,0.0,18.85064697265625
2026-09-06T02:56:00-07:00,3,100.0,130.08135986328125
2026-09-06T02:57:00-07:00,0,0.0,60.1998291015625
2026-09-06T02:57:00-07:00,1,0.0,16.10650634765625
2026-09-06T02:57:00-07:00,2,0.0,18.85064697265625
2026-09-06T02:57:00-07:00,3,100.0,130.08135986328125
2026-09-06T02:58:00-07:00,0,0.0,60.1998291015625
2026-09-06T02:58:00-07:00,1,0.0,16.10650634765625
2026-09-06T02:58:00-07:00,2,0.0,18.85064697265625
2026-09-06T02:58:00-07:00,3,100.0,130.08135986328125
2026-09-06T02:59:00-07:00,0,0.0,60.1998291015625
2026-09-06T02:59:00-07:00,1,0.0,16.10650634765625
2026-09-06T02:59:00-07:00,2,0.0,18.85064697265625
2026-09-06T02:59:00-07:00,3,100.0,130.08135986328125
2026-09-06T03:00:00-07:00,0,0.0,60.32814025878906
2026-09-06T03:00:00-07:00,1,0.5,16.234817504882812
2026-09-06T03:00:00-07:00,2,0.0,18.855270385742188
2026-09-06T03:00:00-07:00,3,100.0,130.08135986328125
2026-09-06T03:01:00-07:00,0,0.0,60.1998291015625
2026-09-06T03:01:00-07:00,1,0.0,16.10650634765625
2026-09-06T03:01:00-07:00,2,0.0,18.85064697265625
2026-09-06T03:01:00-07:00,3,100.0,130.08135986328125
2026-09-06T03:02:00-07:00,0,0.0,60.1998291015625
2026-09-06T03:02:00-07:00,1,0.0,16.10650634765625
2026-09-06T03:02:00-07:00,2,0.0,18.85064697265625
2026-09-06T03:02:00-07:00,3,100.0,130.08135986328125
2026-09-06T03:03:00-07:00,0,0.0,60.1998291015625
2026-09-06T03:03:00-07:00,1,0.0,16.10650634765625
2026-09-06T03:03:00-07:00,2,0.0,18.85064697265625
2026-09-06T03:03:00-07:00,3,100.0,130.08135986328125
2026-09-06T03:04:00-07:00,0,0.0,60.1998291015625
2026-09-06T03:04:00-07:00,1,0.0,16.10650634765625
2026-09-06T03:04:00-07:00,2,0.0,18.85064697265625
2026-09-06T03:04:00-07:00,3,100.0,130.08135986328125
2026-09-06T03:05:00-07:00,0,0.0,60.1998291015625
2026-09-06T03:05:00-07:00,1,11.25,16.10650634765625
2026-09-06T03:05:00-07:00,2,0.0,18.85064697265625
2026-09-06T03:05:00-07:00,3,100.0,130.08135986328125
2026-09-06T03:06:00-07:00,0,0.0,60.1998291015625
2026-09-06T03:06:00-07:00,1,4.0,16.10650634765625
2026-09-06T03:06:00-07:00,2,0.0,18.85064697265625
2026-09-06T03:06:00-07:00,3,95.25,130.08135986328125
2026-09-06T03:07:00-07:00,0,0.0,60.1998291015625
2026-09-06T03:07:00-07:00,1,0.0,16.10650634765625
2026-09-06T03:07:00-07:00,2,0.0,18.85064697265625
2026-09-06T03:07:00-07:00,3,100.0,130.08135986328125
2026-09-06T03:08:00-07:00,0,0.0,60.1998291015625
2026-09-06T03:08:00-07:00,1,0.0,16.10650634765625
2026-09-06T03:08:00-07:00,2,0.0,18.85064697265625
2026-09-06T03:08:00-07:00,3,100.0,130.08135986328125
2026-09-06T03:09:00-07:00,0,0.0,60.1998291015625
2026-09-06T03:09:00-07:00,1,0.0,16.10650634765625
2026-09-06T03:09:00-07:00,2,0.0,18.85064697265625
2026-09-06T03:09:00-07:00,3,100.0,130.08135986328125
2026-09-06T03:10:00-07:00,0,0.0,60.1998291015625
2026-09-06T03:10:00-07:00,1,0.0,16.10650634765625
2026-09-06T03:10:00-07:00,2,0.0,18.85064697265625
2026-09-06T03:10:00-07:00,3,100.0,130.08135986328125
2026-09-06T03:11:00-07:00,0,0.0,60.1998291015625
2026-09-06T03:11:00-07:00,1,0.0,16.10650634765625
2026-09-06T03:11:00-07:00,2,0.0,18.85064697265625
2026-09-06T03:11:00-07:00,3,100.0,130.08135986328125
2026-09-06T03:12:00-07:00,0,0.0,60.1998291015625
2026-09-06T03:12:00-07:00,1,0.0,16.10650634765625
2026-09-06T03:12:00-07:00,2,0.0,18.85064697265625
2026-09-06T03:12:00-07:00,3,100.0,130.08135986328125
2026-09-06T03:13:00-07:00,0,0.0,60.1998291015625
2026-09-06T03:13:00-07:00,1,0.0,16.10650634765625
2026-09-06T03:13:00-07:00,2,0.0,18.85064697265625
2026-09-06T03:13:00-07:00,3,100.0,130.08135986328125
2026-09-06T03:14:00-07:00,0,0.0,60.1998291015625
2026-09-06T03:14:00-07:00,1,0.0,16.10650634765625
2026-09-06T03:14:00-07:00,2,0.0,18.85064697265625
2026-09-06T03:14:00-07:00,3,100.0,130.08135986328125
2026-09-06T03:15:00-07:00,0,0.0,60.32814025878906
2026-09-06T03:15:00-07:00,1,0.0,16.110977172851562
2026-09-06T03:15:00-07:00,2,0.0,18.85064697265625
2026-09-06T03:15:00-07:00,3,100.0,130.08135986328125
2026-09-06T03:16:00-07:00,0,0.0,60.1998291015625
2026-09-06T03:16:00-07:00,1,0.0,16.10650634765625
2026-09-06T03:16:00-07:00,2,0.0,18.85064697265625
2026-09-06T03:16:00-07:00,3,100.0,130.08135986328125
2026-09-06T03:17:00-07:00,0,0.0,60.1998291015625
2026-09-06T03:17:00-07:00,1,0.0,16.10650634765625
2026-09-06T03:17:00-07:00,2,0.0,18.85064697265625
2026-09-06T03:17:00-07:00,3,100.0,130.08135986328125
2026-09-06T03:18:00-07:00,0,0.0,60.1998291015625
2026-09-06T03:18:00-07:00,1,0.0,16.10650634765625
2026-09-06T03:18:00-07:00,2,0.0,18.85064697265625
2026-09-06T03:18:00-07:00,3,100.0,130.08135986328125
2026-09-06T03:19:00-07:00,0,0.0,60.1998291015625
2026-09-06T03:19:00-07:00,1,0.0,16.10650634765625
2026-09-06T03:19:00-07:00,2,0.0,18.85064697265625
2026-09-06T03:19:00-07:00,3,100.0,130.08135986328125
2026-09-06T03:20:00-07:00,0,0.0,60.1998291015625
2026-09-06T03:20:00-07:00,1,0.0,16.10650634765625
2026-09-06T03:20:00-07:00,2,0.0,18.85064697265625
2026-09-06T03:20:00-07:00,3,100.0,130.08135986328125
2026-09-06T03:21:00-07:00,0,0.0,60.1998291015625
2026-09-06T03:21:00-07:00,1,0.0,16.10650634765625
2026-09-06T03:21:00-07:00,2,0.0,18.85064697265625
2026-09-06T03:21:00-07:00,3,100.0,130.08135986328125
2026-09-06T03:22:00-07:00,0,0.0,60.1998291015625
2026-09-06T03:22:00-07:00,1,0.0,16.10650634765625
2026-09-06T03:22:00-07:00,2,0.0,18.85064697265625
2026-09-06T03:22:00-07:00,3,100.0,130.08135986328125
2026-09-06T03:23:00-07:00,0,0.0,60.1998291015625
2026-09-06T03:23:00-07:00,1,0.0,16.10650634765625
2026-09-06T03:23:00-07:00,2,0.0,18.85064697265625
2026-09-06T03:23:00-07:00,3,100.0,130.08135986328125
2026-09-06T03:24:00-07:00,0,0.0,60.1998291015625
2026-09-06T03:24:00-07:00,1,0.0,16.10650634765625
2026-09-06T03:24:00-07:00,2,0.0,18.85064697265625
2026-09-06T03:24:00-07:00,3,100.0,130.08135986328125
2026-09-06T03:25:00-07:00,0,0.0,60.1998291015625
2026-09-06T03:25:00-07:00,1,0.0,16.10650634765625
2026-09-06T03:25:00-07:00,2,0.0,18.85064697265625
2026-09-06T03:25:00-07:00,3,100.0,130.08135986328125
2026-09-06T03:26:00-07:00,0,0.0,60.1998291015625
2026-09-06T03:26:00-07:00,1,0.0,16.10650634765625
2026-09-06T03:26:00-07:00,2,0.0,18.85064697265625
2026-09-06T03:26:00-07:00,3,100.0,130.08135986328125
2026-09-06T03:27:00-07:00,0,0.0,60.1998291015625
2026-09-06T03:27:00-07:00,1,0.0,16.10650634765625
2026-09-06T03:27:00-07:00,2,0.0,18.85064697265625
2026-09-06T03:27:00-07:00,3,100.0,130.08135986328125
2026-09-06T03:28:00-07:00,0,0.0,60.1998291015625
2026-09-06T03:28:00-07:00,1,0.0,16.10650634765625
2026-09-06T03:28:00-07:00,2,0.0,18.85064697265625
2026-09-06T03:28:00-07:00,3,100.0,130.08135986328125
2026-09-06T03:29:00-07:00,0,0.0,60.1998291015625
2026-09-06T03:29:00-07:00,1,0.0,16.10650634765625
2026-09-06T03:29:00-07:00,2,0.0,18.85064697265625
2026-09-06T03:29:00-07:00,3,100.0,130.08135986328125
2026-09-06T03:30:00-07:00,0,0.0,60.32814025878906
2026-09-06T03:30:00-07:00,1,0.0,16.111770629882812
2026-09-06T03:30:00-07:00,2,0.0,18.85064697265625
2026-09-06T03:30:00-07:00,3,100.0,130.08135986328125
2026-09-06T03:31:00-07:00,0,0.0,60.1998291015625
2026-09-06T03:31:00-07:00,1,0.0,16.10650634765625
2026-09-06T03:31:00-07:00,2,0.0,18.85064697265625
2026-09-06T03:31:00-07:00,3,100.0,130.08135986328125
2026-09-06T03:32:00-07:00,0,0.0,60.1998291015625
2026-09-06T03:32:00-07:00,1,0.0,16.10650634765625
2026-09-06T03:32:00-07:00,2,0.0,18.85064697265625
2026-09-06T03:32:00-07:00,3,100.0,130.08135986328125
2026-09-06T03:33:00-07:00,0,0.0,60.1998291015625
2026-09-06T03:33:00-07:00,1,0.0,16.10650634765625
2026-09-06T03:33:00-07:00,2,0.0,18.85064697265625
2026-09-06T03:33:00-07:00,3,100.0,130.08135986328125
2026-09-06T03:34:00-07:00,0,0.0,60.1998291015625
2026-09-06T03:34:00-07:00,1,0.0,16.10650634765625
2026-09-06T03:34:00-07:00,2,0.0,18.85064697265625
2026-09-06T03:34:00-07:00,3,100.0,130.08135986328125
2026-09-06T03:35:00-07:00,0,0.0,60.1998291015625
2026-09-06T03:35:00-07:00,1,0.0,16.10650634765625
2026-09-06T03:35:00-07:00,2,0.0,18.85064697265625
2026-09-06T03:35:00-07:00,3,100.0,130.08135986328125
2026-09-06T03:36:00-07:00,0,0.0,60.1998291015625
2026-09-06T03:36:00-07:00,1,0.0,16.10650634765625
2026-09-06T03:36:00-07:00,2,0.0,18.85064697265625
2026-09-06T03:36:00-07:00,3,100.0,130.08135986328125
2026-09-06T03:37:00-07:00,0,0.0,60.1998291015625
2026-09-06T03:37:00-07:00,1,0.0,16.10650634765625
2026-09-06T03:37:00-07:00,2,0.0,18.85064697265625
2026-09-06T03:37:00-07:00,3,100.0,130.08135986328125
2026-09-06T03:38:00-07:00,0,0.0,60.1998291015625
2026-09-06T03:38:00-07:00,1,0.0,16.10650634765625
2026-09-06T03:38:00-07:00,2,0.0,18.85064697265625
2026-09-06T03:38:00-07:00,3,100.0,130.08135986328125
2026-09-06T03:39:00-07:00,0,0.0,60.1998291015625
2026-09-06T03:39:00-07:00,1,0.0,16.10650634765625
2026-09-06T03:39:00-07:00,2,0.0,18.85064697265625
2026-09-06T03:39:00-07:00,3,100.0,130.08135986328125
2026-09-06T03:40:00-07:00,0,0.0,60.1998291015625
2026-09-06T03:40:00-07:00,1,0.0,16.10650634765625
2026-09-06T03:40:00-07:00,2,0.0,18.85064697265625
2026-09-06T03:40:00-07:00,3,100.0,130.08135986328125
2026-09-06T03:41:00-07:00,0,0.0,60.1998291015625
2026-09-06T03:41:00-07:00,1,0.0,16.10650634765625
2026-09-06T03:41:00-07:00,2,0.0,18.85064697265625
2026-09-06T03:41:00-07:00,3,100.0,105.79310607910156
2026-09-06T03:42:00-07:00,0,0.0,60.1998291015625
2026-09-06T03:42:00-07:00,1,0.0,16.10650634765625
2026-09-06T03:42:00-07:00,2,0.0,18.85064697265625
2026-09-06T03:42:00-07:00,3,100.0,97.697021484375
2026-09-06T03:43:00-07:00,0,0.0,60.1998291015625
2026-09-06T03:43:00-07:00,1,0.0,16.10650634765625
2026-09-06T03:43:00-07:00,2,0.0,18.85064697265625
2026-09-06T03:43:00-07:00,3,100.0,97.697021484375
2026-09-06T03:44:00-07:00,0,0.0,60.1998291015625
2026-09-06T03:44:00-07:00,1,0.0,12.081710815429688
2026-09-06T03:44:00-07:00,2,0.0,18.85064697265625
2026-09-06T03:44:00-07:00,3,100.0,93.50132751464844
